id,propositions,nl_sentence,dataset_tl
2492,"['acquire_pear', 'go_to_waste_basket']",when possible acquire pear and repeatedly go to waste basket,F(acquire_pear)&G(F(go_to_waste_basket))
2213,"['got_to_house', 'go_near_house']",at any time got to house and when possible go near house,F(got_to_house)&F(go_near_house)
3481,"['hold_apple', 'gather_pear']",hold apple and whenever gather pear,hold_apple&F(gather_pear)
1719,"['bring_pear', 'go_by_waste_basket']",whenever bring pear and whenever go by waste basket,F(bring_pear)&F(go_by_waste_basket)
2304,"['advance_to_tree', 'get_to_flag']",advance to tree means that when possible get to flag,advance_to_tree->F(get_to_flag)
2135,"['drop_pear', 'take_to_trashcan']",drop pear until take to trashcan,drop_pearUtake_to_trashcan
2010,"['grab_pear', 'tax_apple']",when possible grab pear or when possible tax apple,F(grab_pear)|F(tax_apple)
4873,"['get_hold_apple', 'acquire_pear']",at some time get hold apple or whenever acquire pear,F(get_hold_apple)|F(acquire_pear)
5931,"['go_to_flag', 'pass_by_trash_bin']",when possible go to flag and when possible pass by trash bin,F(go_to_flag)&F(pass_by_trash_bin)
1276,"['go_by_flag', 'go_to_tree']",when possible go by flag or at some time go to tree,F(go_by_flag)|F(go_to_tree)
5602,"['pass_by_waste_receptacle', 'venture_to_trash_can']",at some time pass by waste receptacle or venture to trash can,F(pass_by_waste_receptacle)|venture_to_trash_can
5430,"['go_by_trash_can', 'get_close_tree']",forever go by trash can and whenever get close tree,G(go_by_trash_can)&F(get_close_tree)
2379,"['withdraw_pear', 'migrate_to_tree']",when possible withdraw pear or when possible migrate to tree,F(withdraw_pear)|F(migrate_to_tree)
4407,"['approach_flag', 'pick_up_apple']",whenever approach flag and when possible pick up apple,F(approach_flag)&F(pick_up_apple)
5461,"['proceed_to_tree', 'travel_by_tree']",when possible proceed to tree until when possible travel by tree,F(proceed_to_tree)UF(travel_by_tree)
4366,"['go_to_orange', 'shift_to_flag']",go to orange and at any time shift to flag,go_to_orange&F(shift_to_flag)
5609,"['procure_pear', 'drop_orange']",at some time procure pear and drop orange,F(procure_pear)&drop_orange
2289,"['let_go_pear', 'start_going_to_house']",do not let go pear or whenever start going to house,~(let_go_pear)|F(start_going_to_house)
5286,"['journey_to_flag', 'travel_to_house']",whenever journey to flag and when possible travel to house,F(journey_to_flag)&F(travel_to_house)
2366,"['start_going_to_house', 'approach_trash_can']",at some time start going to house until approach trash can,F(start_going_to_house)Uapproach_trash_can
3768,"['take_orange', 'proceed_to_tree']",take orange and whenever proceed to tree,take_orange&F(proceed_to_tree)
1681,"['get_apple', 'proceed_to_flag']",whenever get apple or whenever proceed to flag,F(get_apple)|F(proceed_to_flag)
2559,"['drop_pear', 'let_go_apple']",never drop pear can infer that never let go apple,G(~(drop_pear))->G(~(let_go_apple))
3470,"['acquire_apple', 'make_contact_with_house']",acquire apple until at any time make contact with house,acquire_appleUF(make_contact_with_house)
1282,"['go_to_trash_can', 'drop_pear']",whenever go to trash can and never drop pear,F(go_to_trash_can)&G(~(drop_pear))
4762,"['grasp_apple', 'go_near_pear']",when possible grasp apple and at some time go near pear,F(grasp_apple)&F(go_near_pear)
1005,"['take_orange', 'go_to_pear']",take orange or repeatedly go to pear,take_orange|G(F(go_to_pear))
2374,"['approach_trash_can', 'venture_flag']",approach trash can and at some time venture flag,approach_trash_can&F(venture_flag)
2218,"['gather_pear', 'grab_orange']",at some time gather pear or whenever grab orange,F(gather_pear)|F(grab_orange)
4019,"['be_at_house', 'seize_orange']",at any time be at house means that when possible seize orange,F(be_at_house)->F(seize_orange)
2213,"['take_pear', 'hold_orange']",take pear and hold orange,take_pear&hold_orange
1155,"['secure_apple', 'go_by_waste_basket']",secure apple and whenever go by waste basket,secure_apple&F(go_by_waste_basket)
1036,"['clutch_orange', 'drop_pear']",at some time clutch orange or drop pear,F(clutch_orange)|drop_pear
4717,"['reach_trash_can', 'touch_house']",reach trash can or when possible touch house,reach_trash_can|F(touch_house)
3585,"['drop_orange', 'snatch_pear']",never drop orange or when possible snatch pear,G(~(drop_orange))|F(snatch_pear)
4247,"['go_by_house', 'gather_pear']",at some time go by house or when possible gather pear,F(go_by_house)|F(gather_pear)
1769,"['stop_by_flag', 'let_go_orange']",stop by flag until never let go orange,stop_by_flagUG(~(let_go_orange))
3129,"['acquire_orange', 'travel_to_trash_can']",acquire orange until when possible travel to trash can,acquire_orangeUF(travel_to_trash_can)
3174,"['drop_pear', 'go_to_flag']",never drop pear means that at any time go to flag,G(~(drop_pear))->F(go_to_flag)
1729,"['start_going_to_house', 'keep_apple']",at some time start going to house and keep apple,F(start_going_to_house)&keep_apple
3173,"['go_by_house', 'get_apple']",at any time go by house and when possible get apple,F(go_by_house)&F(get_apple)
2728,"['touch_flag', 'walk_to_flag']",always touch flag until when possible walk to flag,G(touch_flag)UF(walk_to_flag)
2580,"['stand_by_tree', 'gather_pear']",whenever stand by tree or at any time gather pear,F(stand_by_tree)|F(gather_pear)
1148,"['venture_towards_house', 'secure_apple']",venture towards house and secure apple,venture_towards_house&secure_apple
3980,"['go_near_flag', 'hold_on_to_pear']",whenever go near flag and hold on to pear,F(go_near_flag)&hold_on_to_pear
3814,"['pick_up_flag', 'go_to_bucket']","when pick up flag , go to bucket",pick_up_flag->go_to_bucket
1232,"['lay_hold_of_apple', 'drop_pear']",when possible lay hold of apple and drop pear,F(lay_hold_of_apple)&drop_pear
1740,"['put_in_apple_bucket', 'take_possession_of_bear']",put in apple bucket until when possible take possession of bear,put_in_apple_bucketUF(take_possession_of_bear)
1212,"['come_to_tree', 'get_near_flag']",come to tree and at any time get near flag,come_to_tree&F(get_near_flag)
4930,"['grab_pear', 'pick_up_peach']",at some time grab pear and whenever pick up peach,F(grab_pear)&F(pick_up_peach)
3078,"['get_close_tree', 'journey_by_house']",at any time get close tree or at some time journey by house,F(get_close_tree)|F(journey_by_house)
2570,"['go_by_flag', 'scoop_up_pear']",whenever go by flag or at some time scoop up pear,F(go_by_flag)|F(scoop_up_pear)
1256,"['secure_apple', 'secure_apple']",secure apple until secure apple,secure_appleUsecure_apple
2264,"['touch_flag', 'go_to_trash_bin']",always touch flag or at any time go to trash bin,G(touch_flag)|F(go_to_trash_bin)
1401,"['withhold_apple', 'venture_towards_house']",when possible withhold apple and venture towards house,F(withhold_apple)&venture_towards_house
4192,"['go_to_bucket', 'take_to_tree']",go to bucket and take to tree,go_to_bucket&take_to_tree
2375,"['go_to_apple_trashcan', 'be_in_houses_vicinity']",repeatedly go to apple trashcan until whenever be in house's vicinity,G(F(go_to_apple_trashcan))UF(be_in_houses_vicinity)
5287,"['go_to_home', 'gather_orange']",when possible go to home until gather orange,F(go_to_home)Ugather_orange
1402,"['proceed_to_flag', 'drop_orange']",at some time proceed to flag or never drop orange,F(proceed_to_flag)|G(~(drop_orange))
3238,"['pick_up_apple', 'advance_to_house']",when possible pick up apple and at any time advance to house,F(pick_up_apple)&F(advance_to_house)
1001,"['walk', 'travel_to_flag']",walk until whenever travel to flag,walkUF(travel_to_flag)
3356,"['withold_apple', 'travel_to_house']",when possible withold apple or when possible travel to house,F(withold_apple)|F(travel_to_house)
2289,"['show_yourself_near_house', 'take_to_trash_can']",whenever show yourself near house or take to trash can,F(show_yourself_near_house)|take_to_trash_can
4014,"['seize_pear', 'pass_by_trash_bin']",whenever seize pear and at some time pass by trash bin,F(seize_pear)&F(pass_by_trash_bin)
1808,"['bring_pear', 'venture_towards_house']",at any time bring pear or venture towards house,F(bring_pear)|venture_towards_house
2182,"['come_to_tree', 'go_to_trashcan']",come to tree or at some time go to trashcan,come_to_tree|F(go_to_trashcan)
5224,"['journey_by_house', 'make_your_way_flag']",at some time journey by house or at some time make your way flag,F(journey_by_house)|F(make_your_way_flag)
3065,"['drop_by', 'hold_on_to_pear']","if drop by , hold on to pear",drop_by->hold_on_to_pear
5641,"['reach_tree', 'make_way_for_tree']",when possible reach tree and when possible make way for tree,F(reach_tree)&F(make_way_for_tree)
3996,"['seize_orange', 'shift_to_flag']",whenever seize orange and whenever shift to flag,F(seize_orange)&F(shift_to_flag)
5718,"['walk_to_flag', 'collect_orange']",when possible walk to flag and when possible collect orange,F(walk_to_flag)&F(collect_orange)
5709,"['scoop_up_apple', 'approach_flag']",when possible scoop up apple and when possible approach flag,F(scoop_up_apple)&F(approach_flag)
2653,"['get_close_tree', 'go_to_tree']",when possible get close tree and whenever go to tree,F(get_close_tree)&F(go_to_tree)
4596,"['approach_tree', 'travel_by_tree']",approach tree or at some time travel by tree,approach_tree|F(travel_by_tree)
3761,"['pass_by_waste_receptacle', 'go_to_tree']",when possible pass by waste receptacle can infer that when possible go to tree,F(pass_by_waste_receptacle)->F(go_to_tree)
1745,"['snag_orange', 'drop_pear']",whenever snag orange and drop pear,F(snag_orange)&drop_pear
2745,"['venture_to_waste_basket', 'stand_by_tree']",at any time venture to waste basket and at any time stand by tree,F(venture_to_waste_basket)&F(stand_by_tree)
3916,"['go_home', 'get_hold_of_pear']",when possible go home or get hold of pear,F(go_home)|get_hold_of_pear
3806,"['touch_house', 'get_hold_orange']",at some time touch house can infer that when possible get hold orange,F(touch_house)->F(get_hold_orange)
2137,"['take_to_trashcan', 'get_near_flag']",take to trashcan or at any time get near flag,take_to_trashcan|F(get_near_flag)
1997,"['move_around', 'travel_house']",forever move around until when possible travel house,G(move_around)UF(travel_house)
2378,"['have_in_orange', 'reach_house']",forever have in orange until reach house,G(have_in_orange)Ureach_house
1619,"['venture_to_house', 'go_by_waste_bin']",when possible venture to house and go by waste bin,F(venture_to_house)&go_by_waste_bin
1820,"['withdraw_pear', 'move_near_tree']",at any time withdraw pear or at some time move near tree,F(withdraw_pear)|F(move_near_tree)
5405,"['hold_pear', 'travel_house']",hold pear can infer that when possible travel house,hold_pear->F(travel_house)
1796,"['stop_by_house', 'travel_to_apple']",at some time stop by house or travel to apple,F(stop_by_house)|travel_to_apple
1398,"['bring_pear', 'bring_pear']",at any time bring pear or at some time bring pear,F(bring_pear)|F(bring_pear)
2708,"['haul_pear', 'have_apple']",whenever haul pear until forever have apple,F(haul_pear)UG(have_apple)
3294,"['walk_near_flag', 'advance_to_house']",whenever walk near flag and whenever advance to house,F(walk_near_flag)&F(advance_to_house)
4521,"['take_apple', 'travel_to_waste_bin']",take apple and travel to waste bin,take_apple&travel_to_waste_bin
4814,"['go_home', 'pick_up_fruit']",at some time go home or pick up fruit,F(go_home)|pick_up_fruit
5410,"['drop_by', 'venture_to_flag']","when drop by , whenever venture to flag",drop_by->F(venture_to_flag)
1492,"['grab_flag', 'migrate_to_tree']","if whenever grab flag , whenever migrate to tree",F(grab_flag)->F(migrate_to_tree)
4866,"['move', 'going_to_house']",forever move means that when possible going to house,G(move)->F(going_to_house)
1675,"['visit_tree', 'take_pear']",visit tree or take pear,visit_tree|take_pear
3929,"['pick_up_fruit', 'let_go_apple']","when pick up fruit , never let go apple",pick_up_fruit->G(~(let_go_apple))
5086,"['make_your_way_flag', 'gather_apple']",when possible make your way flag or gather apple,F(make_your_way_flag)|gather_apple
1305,"['drop_apple', 'secure_apple']",never drop apple or secure apple,G(~(drop_apple))|secure_apple
3009,"['move_past_trash_can', 'get_close_tree']",when possible move past trash can and whenever get close tree,F(move_past_trash_can)&F(get_close_tree)
4996,"['seize_apple', 'grasp_orange']",seize apple or grasp orange,seize_apple|grasp_orange
3457,"['get_hold_apple', 'move_to_house']",at some time get hold apple or move to house,F(get_hold_apple)|move_to_house
4397,"['steal_apple', 'drop_apple']",at some time steal apple or never drop apple,F(steal_apple)|G(~(drop_apple))
2374,"['obtain_apple', 'go_to_tree']",at some time obtain apple and whenever go to tree,F(obtain_apple)&F(go_to_tree)
1468,"['got_to_house', 'drop_orange']",whenever got to house or never drop orange,F(got_to_house)|G(~(drop_orange))
3486,"['advance_to_house', 'collect_pear']","if whenever advance to house , collect pear",F(advance_to_house)->collect_pear
2445,"['make_way_waste_basket', 'track_towards_tree']",whenever make way waste basket or at some time track towards tree,F(make_way_waste_basket)|F(track_towards_tree)
2415,"['drop_orange', 'stop_by_trash_can']",drop orange or when possible stop by trash can,drop_orange|F(stop_by_trash_can)
5820,"['move_around', 'gather_orange']",forever move around or gather orange,G(move_around)|gather_orange
1514,"['hold_onto_orange', 'make_contact_with_house']",forever hold onto orange or at some time make contact with house,G(hold_onto_orange)|F(make_contact_with_house)
3983,"['reach_trash_can', 'capture_orange']",reach trash can or capture orange,reach_trash_can|capture_orange
1433,"['spend_time_at_tree', 'be_in_houses_vicinity']",when possible spend time at tree or when possible be in house's vicinity,F(spend_time_at_tree)|F(be_in_houses_vicinity)
1111,"['withhold_apple', 'bring_pear']",at some time withhold apple or at some time bring pear,F(withhold_apple)|F(bring_pear)
2246,"['clutch_orange', 'approach_trash_can']",at some time clutch orange or approach trash can,F(clutch_orange)|approach_trash_can
3946,"['go_to_home', 'tax_apple']",at some time go to home or at some time tax apple,F(go_to_home)|F(tax_apple)
1516,"['make_way_to_house', 'drop_orange']",repeatedly make way to house or drop orange,G(F(make_way_to_house))|drop_orange
1245,"['go_by_waste_bin', 'secure_apple']",go by waste bin and secure apple,go_by_waste_bin&secure_apple
2319,"['make_to_flag', 'grab_hold_pear']","if at some time make to flag , grab hold pear",F(make_to_flag)->grab_hold_pear
1987,"['move_past_trash_can', 'venture_to_trash_can']",when possible move past trash can or venture to trash can,F(move_past_trash_can)|venture_to_trash_can
2978,"['visit_tree', 'have_possession_of_apple']",visit tree or at any time have possession of apple,visit_tree|F(have_possession_of_apple)
2396,"['clutch_orange', 'hold_on_pear']",when possible clutch orange or always hold on pear,F(clutch_orange)|G(hold_on_pear)
3104,"['haul_pear', 'shift_to_flag']",at some time haul pear or at some time shift to flag,F(haul_pear)|F(shift_to_flag)
1237,"['venture_to_house', 'venture_to_house']",at any time venture to house or when possible venture to house,F(venture_to_house)|F(venture_to_house)
1228,"['grab_hold_pear', 'let_go_pear']","when grab hold pear , do not let go pear",grab_hold_pear->~(let_go_pear)
4354,"['go_past_house', 'acquire_orange']",at any time go past house or acquire orange,F(go_past_house)|acquire_orange
4282,"['touch_flag', 'show_yourself_near_house']",forever touch flag or when possible show yourself near house,G(touch_flag)|F(show_yourself_near_house)
4480,"['get_apple', 'pick_up_apple']",at some time get apple or at some time pick up apple,F(get_apple)|F(pick_up_apple)
1965,"['withhold_apple', 'venture_to_house']","if when possible withhold apple , whenever venture to house",F(withhold_apple)->F(venture_to_house)
1877,"['moving', 'have_in_orange']",always moving or always have in orange,G(moving)|G(have_in_orange)
3105,"['journey_to_house', 'venture_house']",whenever journey to house or when possible venture house,F(journey_to_house)|F(venture_house)
1028,"['grab_flag', 'be_in_houses_vicinity']",at some time grab flag or when possible be in house's vicinity,F(grab_flag)|F(be_in_houses_vicinity)
2168,"['get_to_tree', 'let_go_pear']",get to tree or do not let go pear,get_to_tree|~(let_go_pear)
1847,"['go_by_waste_bin', 'go_by_waste_bin']",go by waste bin or go by waste bin,go_by_waste_bin|go_by_waste_bin
4673,"['go_by_house', 'going_to_flag']",at any time go by house or when possible going to flag,F(go_by_house)|F(going_to_flag)
3500,"['move_to_house', 'pick_up_pear']",move to house means that pick up pear,move_to_house->pick_up_pear
2266,"['go_visit_house', 'pick_up_fruit']",when possible go visit house can infer that pick up fruit,F(go_visit_house)->pick_up_fruit
1215,"['acquire_pear', 'move_to_house']","if when possible acquire pear , move to house",F(acquire_pear)->move_to_house
1290,"['make_to_flag', 'drop_pear']",whenever make to flag or drop pear,F(make_to_flag)|drop_pear
5395,"['make_way_for_tree', 'go_near_pear']",when possible make way for tree and when possible go near pear,F(make_way_for_tree)&F(go_near_pear)
1668,"['get_apple', 'go_visit_house']",when possible get apple or at any time go visit house,F(get_apple)|F(go_visit_house)
2640,"['pass_by_trash_bin', 'stop_by_trash_can']",at any time pass by trash bin means that when possible stop by trash can,F(pass_by_trash_bin)->F(stop_by_trash_can)
4232,"['grab_pear', 'stop_by_trash_can']",when possible grab pear or when possible stop by trash can,F(grab_pear)|F(stop_by_trash_can)
5288,"['touch_tree', 'pick_up_flag']","when when possible touch tree , pick up flag",F(touch_tree)->pick_up_flag
5219,"['going_to_tree', 'get_close_flag']",going to tree or at some time get close flag,going_to_tree|F(get_close_flag)
4970,"['grab_orange', 'pick_up_fruit']",when possible grab orange or pick up fruit,F(grab_orange)|pick_up_fruit
1553,"['venture_to_house', 'secure_apple']",at some time venture to house or secure apple,F(venture_to_house)|secure_apple
4834,"['capture_orange', 'show_yourself_near_house']",capture orange or whenever show yourself near house,capture_orange|F(show_yourself_near_house)
5601,"['move_around', 'journey_by_house']",always move around or at some time journey by house,G(move_around)|F(journey_by_house)
5368,"['pick_up_peach', 'drop_orange']",whenever pick up peach and never drop orange,F(pick_up_peach)&G(~(drop_orange))
1872,"['bring_pear', 'venture_towards_house']","when whenever bring pear , venture towards house",F(bring_pear)->venture_towards_house
4890,"['shift_to_flag', 'visit_tree']",whenever shift to flag can infer that visit tree,F(shift_to_flag)->visit_tree
2259,"['get_to_tree', 'got_to_house']",get to tree or whenever got to house,get_to_tree|F(got_to_house)
5060,"['gather_apple', 'tax_apple']",gather apple and when possible tax apple,gather_apple&F(tax_apple)
1713,"['snatch_up_pear', 'venture_flag']",snatch up pear or whenever venture flag,snatch_up_pear|F(venture_flag)
1883,"['present_at_flag', 'present_at_flag']",when possible present at flag and at some time present at flag,F(present_at_flag)&F(present_at_flag)
3660,"['yield_pear', 'go_near_flag']",at some time yield pear and whenever go near flag,F(yield_pear)&F(go_near_flag)
1789,"['be_at_flag', 'going_to_house']",at any time be at flag or whenever going to house,F(be_at_flag)|F(going_to_house)
3312,"['put_in_apple_bucket', 'stand_by_tree']",put in apple bucket and at some time stand by tree,put_in_apple_bucket&F(stand_by_tree)
1308,"['drop_pear', 'go_to_trashcan']",drop pear and when possible go to trashcan,drop_pear&F(go_to_trashcan)
1374,"['start_going_to_house', 'go_to_trashcan']",at some time start going to house or when possible go to trashcan,F(start_going_to_house)|F(go_to_trashcan)
4003,"['pick_up_orange', 'travel_to_flag']",pick up orange or whenever travel to flag,pick_up_orange|F(travel_to_flag)
3772,"['going_to_tree', 'going_to_tree']","if going to tree , going to tree",going_to_tree->going_to_tree
1919,"['present_at_flag', 'secure_apple']",at some time present at flag or secure apple,F(present_at_flag)|secure_apple
4989,"['have_possession_of_apple', 'grasp_orange']",when possible have possession of apple or grasp orange,F(have_possession_of_apple)|grasp_orange
2130,"['get_near_flag', 'snag_orange']",at any time get near flag or at any time snag orange,F(get_near_flag)|F(snag_orange)
4677,"['go_past_flag', 'pick_up_orange']",at some time go past flag and pick up orange,F(go_past_flag)&pick_up_orange
1556,"['take_orange', 'make_way_to_house']",take orange or repeatedly make way to house,take_orange|G(F(make_way_to_house))
2582,"['go_to_trash_bin', 'proceed_to_flag']",when possible go to trash bin or whenever proceed to flag,F(go_to_trash_bin)|F(proceed_to_flag)
5092,"['put_in_bin', 'scoop_up_pear']",put in bin until whenever scoop up pear,put_in_binUF(scoop_up_pear)
1498,"['venture_towards_house', 'present_at_flag']",venture towards house and at any time present at flag,venture_towards_house&F(present_at_flag)
4466,"['visit_waste_basket', 'yield_pear']",at some time visit waste basket and at any time yield pear,F(visit_waste_basket)&F(yield_pear)
1773,"['present_at_flag', 'present_at_flag']",when possible present at flag or at some time present at flag,F(present_at_flag)|F(present_at_flag)
4478,"['travel_to_house', 'move_past_trash_can']",when possible travel to house or whenever move past trash can,F(travel_to_house)|F(move_past_trash_can)
5095,"['go_to_apple', 'journey_by_house']",at any time go to apple and at some time journey by house,F(go_to_apple)&F(journey_by_house)
4433,"['approach_tree', 'visit_waste_basket']",approach tree can infer that when possible visit waste basket,approach_tree->F(visit_waste_basket)
1781,"['advance_to_tree', 'let_go_pear']",advance to tree or do not let go pear,advance_to_tree|~(let_go_pear)
1599,"['acquire_apple', 'proceed_to_house']",acquire apple or at any time proceed to house,acquire_apple|F(proceed_to_house)
1843,"['venture_flag', 'move_to_trashcan']",at any time venture flag can infer that move to trashcan,F(venture_flag)->move_to_trashcan
1689,"['go_to_transh_can', 'snatch_up_pear']",at some time go to transh can or snatch up pear,F(go_to_transh_can)|snatch_up_pear
1677,"['keep_apple', 'migrate_to_tree']",keep apple and at any time migrate to tree,keep_apple&F(migrate_to_tree)
2038,"['drop_orange', 'let_go_orange']",drop orange until never let go orange,drop_orangeUG(~(let_go_orange))
3024,"['drop_orange', 'seize_apple']",never drop orange and seize apple,G(~(drop_orange))&seize_apple
2657,"['capture_orange', 'make_your_way_flag']","if capture orange , when possible make your way flag",capture_orange->F(make_your_way_flag)
1825,"['drop_apple', 'go_by_waste_bin']",never drop apple and go by waste bin,G(~(drop_apple))&go_by_waste_bin
1722,"['advance_to_tree', 'let_go_pear']",advance to tree and do not let go pear,advance_to_tree&~(let_go_pear)
1490,"['go_to_pear', 'visit_flag']",repeatedly go to pear or when possible visit flag,G(F(go_to_pear))|F(visit_flag)
5568,"['go_to_bucket', 'reach_trash_can']",go to bucket or reach trash can,go_to_bucket|reach_trash_can
1181,"['withhold_apple', 'withhold_apple']",when possible withhold apple and when possible withhold apple,F(withhold_apple)&F(withhold_apple)
2239,"['reach_tree', 'let_go_apple']",whenever reach tree and never let go apple,F(reach_tree)&G(~(let_go_apple))
1414,"['withhold_apple', 'go_by_waste_bin']",at some time withhold apple or go by waste bin,F(withhold_apple)|go_by_waste_bin
5397,"['take_pear', 'venture_house']",take pear and whenever venture house,take_pear&F(venture_house)
1023,"['seize_apple', 'get_close_flag']",seize apple and whenever get close flag,seize_apple&F(get_close_flag)
4739,"['pass_by_waste_receptacle', 'move_forward_trash_can']",at any time pass by waste receptacle and at any time move forward trash can,F(pass_by_waste_receptacle)&F(move_forward_trash_can)
4134,"['get_orange', 'get_hold_apple']",at any time get orange or at some time get hold apple,F(get_orange)|F(get_hold_apple)
5567,"['be_near_tree', 'stop_by_trash_can']",at some time be near tree and at any time stop by trash can,F(be_near_tree)&F(stop_by_trash_can)
2173,"['take_to_trashcan', 'go_near_house']",take to trashcan and when possible go near house,take_to_trashcan&F(go_near_house)
2809,"['go_to_bucket', 'make_way_to_house']",go to bucket or repeatedly make way to house,go_to_bucket|G(F(make_way_to_house))
3546,"['travel_to_house', 'move_forward_trash_can']",whenever travel to house means that when possible move forward trash can,F(travel_to_house)->F(move_forward_trash_can)
1506,"['withhold_apple', 'venture_to_house']",at some time withhold apple or at some time venture to house,F(withhold_apple)|F(venture_to_house)
2460,"['reach_house', 'be_in_houses_vicinity']","if reach house , at any time be in house's vicinity",reach_house->F(be_in_houses_vicinity)
4693,"['pick_up_flag', 'venture_to_flag']","when pick up flag , when possible venture to flag",pick_up_flag->F(venture_to_flag)
4122,"['visit_waste_basket', 'go_by_trash_can']",when possible visit waste basket and always go by trash can,F(visit_waste_basket)&G(go_by_trash_can)
1067,"['present_at_flag', 'venture_towards_house']","if whenever present at flag , venture towards house",F(present_at_flag)->venture_towards_house
2176,"['visit_trash_bin', 'get_to_tree']","if whenever visit trash bin , get to tree",F(visit_trash_bin)->get_to_tree
5660,"['withold_apple', 'touch_tree']",at some time withold apple or at any time touch tree,F(withold_apple)|F(touch_tree)
1473,"['bring_pear', 'go_by_waste_basket']",at some time bring pear and at some time go by waste basket,F(bring_pear)&F(go_by_waste_basket)
2723,"['touch_tree', 'travel_to_trash_can']",at any time touch tree and when possible travel to trash can,F(touch_tree)&F(travel_to_trash_can)
2862,"['go_to_bucket', 'get_to_cup']",go to bucket and when possible get to cup,go_to_bucket&F(get_to_cup)
1708,"['withdraw_pear', 'withdraw_pear']",whenever withdraw pear and whenever withdraw pear,F(withdraw_pear)&F(withdraw_pear)
5616,"['go_to_trash_can', 'withold_apple']","if when possible go to trash can , when possible withold apple",F(go_to_trash_can)->F(withold_apple)
5946,"['go_to_trash_bin', 'go_to_trash_can']","if when possible go to trash bin , whenever go to trash can",F(go_to_trash_bin)->F(go_to_trash_can)
1204,"['withold_apple', 'put_in_apple_bucket']",at any time withold apple and put in apple bucket,F(withold_apple)&put_in_apple_bucket
5670,"['drop_orange', 'go_by_flag']",never drop orange and whenever go by flag,G(~(drop_orange))&F(go_by_flag)
4249,"['show_yourself_near_house', 'take_apple']",at any time show yourself near house and take apple,F(show_yourself_near_house)&take_apple
3749,"['visit_tree', 'get_hold_of_orange']",visit tree until at some time get hold of orange,visit_treeUF(get_hold_of_orange)
2639,"['drop_orange', 'take_apple']",drop orange or take apple,drop_orange|take_apple
1067,"['grab_tree', 'be_in_houses_vicinity']",repeatedly grab tree or whenever be in house's vicinity,G(F(grab_tree))|F(be_in_houses_vicinity)
5590,"['go_to_trash_bin', 'go_to_pear']",whenever go to trash bin or repeatedly go to pear,F(go_to_trash_bin)|G(F(go_to_pear))
3909,"['set_out_to_house', 'tax_apple']",at some time set out to house and at some time tax apple,F(set_out_to_house)&F(tax_apple)
3191,"['pick_up_apple', 'travel_to_house']",when possible pick up apple and at some time travel to house,F(pick_up_apple)&F(travel_to_house)
3611,"['move', 'move_past_trash_can']",always move or at some time move past trash can,G(move)|F(move_past_trash_can)
2226,"['seize_apple', 'grab_apple']",seize apple or at some time grab apple,seize_apple|F(grab_apple)
1104,"['move', 'drop_apple']",always move and never drop apple,G(move)&G(~(drop_apple))
4719,"['have_apple', 'secure_pear']",always have apple or whenever secure pear,G(have_apple)|F(secure_pear)
3625,"['come_home', 'grasp_pear']",whenever come home or whenever grasp pear,F(come_home)|F(grasp_pear)
1012,"['venture_flag', 'move_near_tree']",when possible venture flag or when possible move near tree,F(venture_flag)|F(move_near_tree)
1032,"['going_to_flag', 'touch_tree']","when at any time going to flag , at some time touch tree",F(going_to_flag)->F(touch_tree)
2180,"['getting_pear', 'take_apple']",at any time getting pear until take apple,F(getting_pear)Utake_apple
4759,"['approach_flag', 'come_home']",at any time approach flag or when possible come home,F(approach_flag)|F(come_home)
1511,"['withhold_apple', 'go_by_waste_bin']",whenever withhold apple or go by waste bin,F(withhold_apple)|go_by_waste_bin
1293,"['go_by_waste_basket', 'venture_towards_house']",when possible go by waste basket and venture towards house,F(go_by_waste_basket)&venture_towards_house
3153,"['let_go_apple', 'secure_pear']",never let go apple or at any time secure pear,G(~(let_go_apple))|F(secure_pear)
2186,"['getting_pear', 'travel_by_tree']",whenever getting pear or at some time travel by tree,F(getting_pear)|F(travel_by_tree)
3368,"['acquire_orange', 'going_to_flag']",acquire orange and at any time going to flag,acquire_orange&F(going_to_flag)
3831,"['go_to_flag', 'obtain_pear']",when possible go to flag or whenever obtain pear,F(go_to_flag)|F(obtain_pear)
4662,"['go_to_trash_can', 'come_home']",when possible go to trash can and whenever come home,F(go_to_trash_can)&F(come_home)
1233,"['grip_apple', 'grab_flag']",grip apple or at some time grab flag,grip_apple|F(grab_flag)
1642,"['present_at_flag', 'drop_apple']",when possible present at flag until never drop apple,F(present_at_flag)UG(~(drop_apple))
2491,"['grab_flag', 'make_way_waste_basket']",at any time grab flag or whenever make way waste basket,F(grab_flag)|F(make_way_waste_basket)
2158,"['stop_by_house', 'let_go_orange']",whenever stop by house and don't let go orange,F(stop_by_house)&~(let_go_orange)
1672,"['go_by_waste_bin', 'present_at_flag']",go by waste bin or whenever present at flag,go_by_waste_bin|F(present_at_flag)
2484,"['contact_house', 'going_to_house']",at some time contact house and when possible going to house,F(contact_house)&F(going_to_house)
3928,"['getting_pear', 'procure_orange']",at any time getting pear or at any time procure orange,F(getting_pear)|F(procure_orange)
4978,"['pick_up_peach', 'journey_to_tree']",at any time pick up peach or when possible journey to tree,F(pick_up_peach)|F(journey_to_tree)
3062,"['proceed_to_house', 'be_near_tree']",whenever proceed to house or at some time be near tree,F(proceed_to_house)|F(be_near_tree)
3150,"['venture_house', 'pick_up_peach']",whenever venture house until when possible pick up peach,F(venture_house)UF(pick_up_peach)
4644,"['put_in_bucket', 'pick_up_apple']",put in bucket or at any time pick up apple,put_in_bucket|F(pick_up_apple)
1541,"['go_by_waste_basket', 'reach_flag']",at some time go by waste basket and at some time reach flag,F(go_by_waste_basket)&F(reach_flag)
2627,"['visit_flag', 'journey_by_house']",at some time visit flag and when possible journey by house,F(visit_flag)&F(journey_by_house)
2539,"['be_at_house', 'go_near_flag']",at any time be at house or when possible go near flag,F(be_at_house)|F(go_near_flag)
2649,"['shift_to_flag', 'collect_apple']",at some time shift to flag and at any time collect apple,F(shift_to_flag)&F(collect_apple)
2941,"['grab_pear', 'grab_orange']",when possible grab pear and at any time grab orange,F(grab_pear)&F(grab_orange)
3429,"['travel_to_flag', 'go_to_peach']",whenever travel to flag or when possible go to peach,F(travel_to_flag)|F(go_to_peach)
2987,"['move_towards_trash_can', 'haul_pear']",move towards trash can or when possible haul pear,move_towards_trash_can|F(haul_pear)
4403,"['drop_orange', 'go_to_apple']",never drop orange and whenever go to apple,G(~(drop_orange))&F(go_to_apple)
4368,"['go_by_tree', 'getting_pear']",at some time go by tree or when possible getting pear,F(go_by_tree)|F(getting_pear)
1469,"['get_near_flag', 'drop_pear']",when possible get near flag or drop pear,F(get_near_flag)|drop_pear
1756,"['make_way_waste_basket', 'move_to_trashcan']",when possible make way waste basket until move to trashcan,F(make_way_waste_basket)Umove_to_trashcan
3956,"['get_close_flag', 'pick_up_orange']",at any time get close flag or pick up orange,F(get_close_flag)|pick_up_orange
1861,"['go_by_waste_basket', 'present_at_flag']",when possible go by waste basket or at some time present at flag,F(go_by_waste_basket)|F(present_at_flag)
1376,"['withhold_apple', 'secure_apple']",at any time withhold apple and secure apple,F(withhold_apple)&secure_apple
1577,"['go_by_waste_bin', 'go_by_waste_bin']",go by waste bin until go by waste bin,go_by_waste_binUgo_by_waste_bin
2554,"['be_near_tree', 'go_visit_house']",whenever be near tree or when possible go visit house,F(be_near_tree)|F(go_visit_house)
2611,"['make_your_way_flag', 'grasp_apple']",at any time make your way flag or when possible grasp apple,F(make_your_way_flag)|F(grasp_apple)
1437,"['make_way_waste_basket', 'get_near_flag']",at any time make way waste basket or at some time get near flag,F(make_way_waste_basket)|F(get_near_flag)
1090,"['advance_to_tree', 'spend_time_at_tree']",advance to tree and when possible spend time at tree,advance_to_tree&F(spend_time_at_tree)
5802,"['go_to_peach', 'go_by_trash_can']",at some time go to peach and always go by trash can,F(go_to_peach)&G(go_by_trash_can)
1482,"['going_to_house', 'gather_apple']",whenever going to house or gather apple,F(going_to_house)|gather_apple
1583,"['venture_towards_house', 'reach_flag']",venture towards house or when possible reach flag,venture_towards_house|F(reach_flag)
5585,"['grasp_pear', 'visit_tree']",at some time grasp pear or visit tree,F(grasp_pear)|visit_tree
4697,"['go_near_flag', 'take_orange']",at any time go near flag and take orange,F(go_near_flag)&take_orange
1362,"['get_hold_apple', 'seize_pear']","when at some time get hold apple , whenever seize pear",F(get_hold_apple)->F(seize_pear)
1501,"['approach_trash_can', 'have_pear']","if approach trash can , at some time have pear",approach_trash_can->F(have_pear)
2470,"['stop_by_house', 'come_to_tree']",at any time stop by house and come to tree,F(stop_by_house)&come_to_tree
1531,"['go_by_waste_bin', 'venture_to_house']",go by waste bin or whenever venture to house,go_by_waste_bin|F(venture_to_house)
1711,"['secure_apple', 'reach_flag']",secure apple can infer that whenever reach flag,secure_apple->F(reach_flag)
4898,"['start_going_to_tree', 'acquire_pear']",at any time start going to tree or whenever acquire pear,F(start_going_to_tree)|F(acquire_pear)
2893,"['come_home', 'take_apple']",at any time come home and take apple,F(come_home)&take_apple
1917,"['take_pear', 'let_go_orange']",take pear or never let go orange,take_pear|G(~(let_go_orange))
1423,"['reach_flag', 'drop_apple']",at any time reach flag and never drop apple,F(reach_flag)&G(~(drop_apple))
3663,"['move_to_house', 'pass_by_waste_receptacle']",move to house and when possible pass by waste receptacle,move_to_house&F(pass_by_waste_receptacle)
3607,"['go_by_tree', 'go_near_pear']",at any time go by tree and when possible go near pear,F(go_by_tree)&F(go_near_pear)
1416,"['get_hold_orange', 'snatch_pear']",whenever get hold orange or at some time snatch pear,F(get_hold_orange)|F(snatch_pear)
2363,"['take_to_trashcan', 'snag_orange']",take to trashcan or when possible snag orange,take_to_trashcan|F(snag_orange)
5698,"['make_contact_flag', 'get_hold_orange']",at some time make contact flag or at any time get hold orange,F(make_contact_flag)|F(get_hold_orange)
4767,"['come_home', 'go_to_flag']",when possible come home and whenever go to flag,F(come_home)&F(go_to_flag)
2746,"['take_apple', 'move_past_trash_can']",take apple or whenever move past trash can,take_apple|F(move_past_trash_can)
4915,"['secure_pear', 'be_at_flag']",whenever secure pear and whenever be at flag,F(secure_pear)&F(be_at_flag)
1083,"['journey_by_flag', 'get_to_flag']",whenever journey by flag or at any time get to flag,F(journey_by_flag)|F(get_to_flag)
1188,"['obtain_apple', 'acquire_apple']",at some time obtain apple until acquire apple,F(obtain_apple)Uacquire_apple
1033,"['journey_by_flag', 'drop_orange']",at some time journey by flag and never drop orange,F(journey_by_flag)&G(~(drop_orange))
1173,"['visit_trash_bin', 'keep_apple']",at any time visit trash bin or keep apple,F(visit_trash_bin)|keep_apple
3446,"['go_to_peach', 'venture_to_flag']",whenever go to peach or whenever venture to flag,F(go_to_peach)|F(venture_to_flag)
2303,"['take_to_trashcan', 'let_go_orange']",take to trashcan or don't let go orange,take_to_trashcan|~(let_go_orange)
1538,"['venture_to_house', 'bring_pear']",at any time venture to house or whenever bring pear,F(venture_to_house)|F(bring_pear)
2118,"['grab_hold_pear', 'come_to_tree']",grab hold pear or come to tree,grab_hold_pear|come_to_tree
1152,"['present_at_flag', 'go_by_waste_basket']",at some time present at flag or whenever go by waste basket,F(present_at_flag)|F(go_by_waste_basket)
2097,"['migrate_to_tree', 'go_to_trashcan']",at any time migrate to tree and when possible go to trashcan,F(migrate_to_tree)&F(go_to_trashcan)
3343,"['go_to_bucket', 'drop_apple']",go to bucket and never drop apple,go_to_bucket&G(~(drop_apple))
1173,"['take_orange', 'collect_apple']",take orange and whenever collect apple,take_orange&F(collect_apple)
3959,"['getting_pear', 'venture_to_waste_basket']",when possible getting pear or when possible venture to waste basket,F(getting_pear)|F(venture_to_waste_basket)
3888,"['approach_tree', 'go_to_waste_basket']",approach tree and repeatedly go to waste basket,approach_tree&G(F(go_to_waste_basket))
1176,"['go_by_house', 'seize_apple']",at any time go by house or seize apple,F(go_by_house)|seize_apple
1027,"['contact_house', 'make_your_way_flag']",when possible contact house or at any time make your way flag,F(contact_house)|F(make_your_way_flag)
2000,"['have_in_orange', 'let_go_orange']",always have in orange or don't let go orange,G(have_in_orange)|~(let_go_orange)
3407,"['travel_by_tree', 'stand_by_tree']",at some time travel by tree and when possible stand by tree,F(travel_by_tree)&F(stand_by_tree)
1854,"['get_near_flag', 'stop_by_house']",at some time get near flag and at any time stop by house,F(get_near_flag)&F(stop_by_house)
1717,"['drop_apple', 'secure_apple']",never drop apple and secure apple,G(~(drop_apple))&secure_apple
5031,"['get_hold_of_pear', 'travel_house']",get hold of pear and at any time travel house,get_hold_of_pear&F(travel_house)
1763,"['let_go', 'proceed_to_tree']",never let go and at some time proceed to tree,G(~(let_go))&F(proceed_to_tree)
1266,"['go_by_waste_bin', 'drop_apple']",go by waste bin and never drop apple,go_by_waste_bin&G(~(drop_apple))
5429,"['get_hold_of_pear', 'go_past_house']",get hold of pear or whenever go past house,get_hold_of_pear|F(go_past_house)
1011,"['got_to_house', 'lay_hold_of_apple']",at some time got to house or at some time lay hold of apple,F(got_to_house)|F(lay_hold_of_apple)
3913,"['travel_to_flag', 'obtain_apple']",at some time travel to flag or at some time obtain apple,F(travel_to_flag)|F(obtain_apple)
4400,"['collect_orange', 'scoop_up_apple']","if at some time collect orange , at any time scoop up apple",F(collect_orange)->F(scoop_up_apple)
1334,"['secure_apple', 'withhold_apple']",secure apple or at some time withhold apple,secure_apple|F(withhold_apple)
3325,"['be_at_house', 'stop_by_trash_can']",at any time be at house or when possible stop by trash can,F(be_at_house)|F(stop_by_trash_can)
1755,"['collect_pear', 'hold_orange']",collect pear and hold orange,collect_pear&hold_orange
2000,"['reach_flag', 'go_by_waste_basket']",at some time reach flag until whenever go by waste basket,F(reach_flag)UF(go_by_waste_basket)
4074,"['move_past_trash_can', 'be_at_house']",when possible move past trash can and when possible be at house,F(move_past_trash_can)&F(be_at_house)
1109,"['hold_orange', 'let_go_pear']",hold orange until don't let go pear,hold_orangeU~(let_go_pear)
1104,"['bring_pear', 'go_by_waste_basket']",at any time bring pear or when possible go by waste basket,F(bring_pear)|F(go_by_waste_basket)
2754,"['reach_trash_can', 'get_orange']",reach trash can or at some time get orange,reach_trash_can|F(get_orange)
1142,"['go_by_waste_basket', 'venture_towards_house']",at some time go by waste basket or venture towards house,F(go_by_waste_basket)|venture_towards_house
3688,"['grab_orange', 'walk_near_flag']",when possible grab orange and when possible walk near flag,F(grab_orange)&F(walk_near_flag)
3758,"['go_by_trash_can', 'get_orange']","when always go by trash can , whenever get orange",G(go_by_trash_can)->F(get_orange)
4152,"['go_near_pear', 'gather_orange']",whenever go near pear and gather orange,F(go_near_pear)&gather_orange
5937,"['take_possession_of_bear', 'grab_orange']",whenever take possession of bear or when possible grab orange,F(take_possession_of_bear)|F(grab_orange)
1592,"['venture_to_house', 'drop_apple']",when possible venture to house until never drop apple,F(venture_to_house)UG(~(drop_apple))
2996,"['go_to_waste_basket', 'venture_to_trash_can']",repeatedly go to waste basket until venture to trash can,G(F(go_to_waste_basket))Uventure_to_trash_can
1579,"['reach_flag', 'venture_towards_house']",when possible reach flag and venture towards house,F(reach_flag)&venture_towards_house
4804,"['move', 'touch_tree']",always move or at any time touch tree,G(move)|F(touch_tree)
2317,"['come_to_tree', 'got_to_house']",come to tree or at some time got to house,come_to_tree|F(got_to_house)
1317,"['go_by_trash_can', 'approach_house']",forever go by trash can and at any time approach house,G(go_by_trash_can)&F(approach_house)
1934,"['go_by_waste_bin', 'go_by_waste_basket']",go by waste bin or at any time go by waste basket,go_by_waste_bin|F(go_by_waste_basket)
4374,"['proceed_to_house', 'let_go_orange']",whenever proceed to house can infer that never let go orange,F(proceed_to_house)->G(~(let_go_orange))
1905,"['take_pear', 'grab_apple']",take pear and whenever grab apple,take_pear&F(grab_apple)
2267,"['travel_to_flag', 'venture_house']",at some time travel to flag or at any time venture house,F(travel_to_flag)|F(venture_house)
5816,"['contact_flag', 'pick_up_pear']",whenever contact flag until pick up pear,F(contact_flag)Upick_up_pear
4756,"['go_to_peach', 'snatch_pear']",at some time go to peach or at any time snatch pear,F(go_to_peach)|F(snatch_pear)
5834,"['procure_pear', 'drop_orange']",when possible procure pear or drop orange,F(procure_pear)|drop_orange
4722,"['go_by_trash_can', 'go_to_peach']",always go by trash can or at some time go to peach,G(go_by_trash_can)|F(go_to_peach)
3975,"['let_go', 'collect_orange']",never let go and whenever collect orange,G(~(let_go))&F(collect_orange)
2589,"['obtain_apple', 'have_apple']",at any time obtain apple and always have apple,F(obtain_apple)&G(have_apple)
5185,"['hold_apple', 'obtain_apple']",hold apple and at any time obtain apple,hold_apple&F(obtain_apple)
3936,"['going_to_house', 'stop_by_trash_can']",at some time going to house or at any time stop by trash can,F(going_to_house)|F(stop_by_trash_can)
1973,"['come_home', 'make_way_for_tree']",at any time come home or at some time make way for tree,F(come_home)|F(make_way_for_tree)
1912,"['get_to_flag', 'venture_flag']",when possible get to flag and whenever venture flag,F(get_to_flag)&F(venture_flag)
1915,"['show_yourself_near_house', 'pick_up_orange']",whenever show yourself near house and pick up orange,F(show_yourself_near_house)&pick_up_orange
2335,"['spend_time_at_tree', 'go_to_orange_bin']",at any time spend time at tree or go to orange bin,F(spend_time_at_tree)|go_to_orange_bin
2495,"['acquire_pear', 'pick_up_apple']",when possible acquire pear and whenever pick up apple,F(acquire_pear)&F(pick_up_apple)
2305,"['grab_flag', 'keep_apple']",whenever grab flag or keep apple,F(grab_flag)|keep_apple
1575,"['travel_to_tree', 'approach_flag']",travel to tree and whenever approach flag,travel_to_tree&F(approach_flag)
1603,"['drop_apple', 'secure_apple']","when never drop apple , secure apple",G(~(drop_apple))->secure_apple
3399,"['get_close_tree', 'go_to_house']","when whenever get close tree , when possible go to house",F(get_close_tree)->F(go_to_house)
3910,"['approach_tree', 'yield_pear']",approach tree or when possible yield pear,approach_tree|F(yield_pear)
1604,"['hold_on_pear', 'journey_by_flag']","when forever hold on pear , whenever journey by flag",G(hold_on_pear)->F(journey_by_flag)
3093,"['procure_orange', 'proceed_to_house']",at some time procure orange and whenever proceed to house,F(procure_orange)&F(proceed_to_house)
2392,"['tax_apple', 'go_by_trash_can']",at any time tax apple and forever go by trash can,F(tax_apple)&G(go_by_trash_can)
5329,"['be_at_flag', 'acquire_pear']",whenever be at flag or at some time acquire pear,F(be_at_flag)|F(acquire_pear)
4211,"['take_apple', 'proceed_to_tree']",take apple and at some time proceed to tree,take_apple&F(proceed_to_tree)
1764,"['spend_time_at_tree', 'get_to_tree']",at any time spend time at tree and get to tree,F(spend_time_at_tree)&get_to_tree
1021,"['withhold_apple', 'present_at_flag']",at some time withhold apple or at some time present at flag,F(withhold_apple)|F(present_at_flag)
5491,"['go_by_flag', 'have_possession_of_apple']",at some time go by flag and whenever have possession of apple,F(go_by_flag)&F(have_possession_of_apple)
1325,"['venture_towards_house', 'go_by_waste_basket']",venture towards house can infer that at some time go by waste basket,venture_towards_house->F(go_by_waste_basket)
1899,"['track_towards_tree', 'stop_by_house']",at any time track towards tree and whenever stop by house,F(track_towards_tree)&F(stop_by_house)
4941,"['advance_to_house', 'touch_tree']",at any time advance to house or at any time touch tree,F(advance_to_house)|F(touch_tree)
2877,"['secure_pear', 'go_by_tree']",whenever secure pear and whenever go by tree,F(secure_pear)&F(go_by_tree)
1646,"['withold_apple', 'capture_pear']",at any time withold apple or whenever capture pear,F(withold_apple)|F(capture_pear)
5227,"['yield_pear', 'reach_tree']",at any time yield pear or at some time reach tree,F(yield_pear)|F(reach_tree)
1524,"['go_to_orange', 'set_out_to_house']",go to orange or at some time set out to house,go_to_orange|F(set_out_to_house)
1957,"['go_by_waste_basket', 'secure_apple']",whenever go by waste basket or secure apple,F(go_by_waste_basket)|secure_apple
1724,"['reach_flag', 'present_at_flag']",at some time reach flag or at some time present at flag,F(reach_flag)|F(present_at_flag)
1863,"['go_by_waste_basket', 'reach_flag']",when possible go by waste basket until at some time reach flag,F(go_by_waste_basket)UF(reach_flag)
5547,"['travel_to_trash_can', 'make_your_way_flag']",when possible travel to trash can and when possible make your way flag,F(travel_to_trash_can)&F(make_your_way_flag)
4539,"['hold_pear', 'going_to_flag']",hold pear until at any time going to flag,hold_pearUF(going_to_flag)
5841,"['venture_to_waste_basket', 'contact_house']",at some time venture to waste basket and when possible contact house,F(venture_to_waste_basket)&F(contact_house)
1287,"['pass_by_house', 'travel_to_tree']",when possible pass by house or travel to tree,F(pass_by_house)|travel_to_tree
1783,"['make_your_way_flag', 'travel_to_waste_bin']",whenever make your way flag or travel to waste bin,F(make_your_way_flag)|travel_to_waste_bin
4454,"['get_hold_orange', 'get_to_cup']",when possible get hold orange or when possible get to cup,F(get_hold_orange)|F(get_to_cup)
1666,"['stop_by_trash_can', 'go_past_house']",at any time stop by trash can or at some time go past house,F(stop_by_trash_can)|F(go_past_house)
3619,"['capture_orange', 'travel_house']",capture orange and at any time travel house,capture_orange&F(travel_house)
3809,"['gather_orange', 'go_by_tree']",gather orange and when possible go by tree,gather_orange&F(go_by_tree)
4032,"['show_yourself_near_house', 'travel_to_house']",at some time show yourself near house and whenever travel to house,F(show_yourself_near_house)&F(travel_to_house)
3991,"['go_to_waste_basket', 'drop_pear']",repeatedly go to waste basket can infer that never drop pear,G(F(go_to_waste_basket))->G(~(drop_pear))
2056,"['let_go_apple', 'contact_house']",whenever let go apple or at any time contact house,F(let_go_apple)|F(contact_house)
3386,"['hold_apple', 'get_orange']",hold apple or at some time get orange,hold_apple|F(get_orange)
2227,"['grab_tree', 'drop_orange']",repeatedly grab tree or never drop orange,G(F(grab_tree))|G(~(drop_orange))
2142,"['make_contact_with_house', 'go_to_peach']",at some time make contact with house and when possible go to peach,F(make_contact_with_house)&F(go_to_peach)
3525,"['move_to_tree', 'touch_flag']",move to tree or forever touch flag,move_to_tree|G(touch_flag)
1897,"['clutch_orange', 'snatch_up_pear']",whenever clutch orange or snatch up pear,F(clutch_orange)|snatch_up_pear
1155,"['journey_by_flag', 'get_to_tree']",whenever journey by flag until get to tree,F(journey_by_flag)Uget_to_tree
2447,"['drop_apple', 'get_pear']",never drop apple or whenever get pear,G(~(drop_apple))|F(get_pear)
2084,"['move_near_tree', 'go_to_orange_bin']",at some time move near tree and go to orange bin,F(move_near_tree)&go_to_orange_bin
5623,"['journey_by_house', 'seize_orange']",whenever journey by house and at any time seize orange,F(journey_by_house)&F(seize_orange)
1721,"['get_near_flag', 'drop_pear']",when possible get near flag and drop pear,F(get_near_flag)&drop_pear
4020,"['go_visit_flag', 'get_close_flag']",go visit flag or whenever get close flag,go_visit_flag|F(get_close_flag)
1806,"['gather_orange', 'touch_tree']",gather orange or at some time touch tree,gather_orange|F(touch_tree)
1369,"['venture_towards_house', 'venture_to_house']",venture towards house or whenever venture to house,venture_towards_house|F(venture_to_house)
5176,"['touch_house', 'touch_house']",at some time touch house and when possible touch house,F(touch_house)&F(touch_house)
1246,"['secure_apple', 'bring_pear']",secure apple and at any time bring pear,secure_apple&F(bring_pear)
2257,"['go_to_home', 'pass_by_trash_bin']","when at some time go to home , at any time pass by trash bin",F(go_to_home)->F(pass_by_trash_bin)
3804,"['withold_apple', 'let_go_apple']",at any time withold apple can infer that when possible let go apple,F(withold_apple)->F(let_go_apple)
1757,"['withhold_apple', 'bring_pear']",whenever withhold apple and at some time bring pear,F(withhold_apple)&F(bring_pear)
4530,"['move_forward_trash_can', 'go_by_flag']",when possible move forward trash can or whenever go by flag,F(move_forward_trash_can)|F(go_by_flag)
1397,"['have_in_orange', 'approach_trash_can']",always have in orange or approach trash can,G(have_in_orange)|approach_trash_can
5791,"['make_contact_flag', 'going_to_tree']",at some time make contact flag or going to tree,F(make_contact_flag)|going_to_tree
3362,"['procure_orange', 'come_home']",at some time procure orange until whenever come home,F(procure_orange)UF(come_home)
1948,"['scoop_up_apple', 'travel_by_tree']",whenever scoop up apple until at some time travel by tree,F(scoop_up_apple)UF(travel_by_tree)
3880,"['move_to_flag', 'gather_orange']",at any time move to flag or gather orange,F(move_to_flag)|gather_orange
1752,"['go_by_waste_basket', 'drop_apple']",at some time go by waste basket and never drop apple,F(go_by_waste_basket)&G(~(drop_apple))
2019,"['hold_orange', 'go_to_trash_can']",hold orange or at some time go to trash can,hold_orange|F(go_to_trash_can)
4752,"['shift_to_flag', 'go_visit_flag']",at some time shift to flag or go visit flag,F(shift_to_flag)|go_visit_flag
2476,"['take_to_trashcan', 'approach_trash_can']","if take to trashcan , approach trash can",take_to_trashcan->approach_trash_can
2048,"['lay_hold_of_apple', 'be_in_houses_vicinity']",at any time lay hold of apple or at some time be in house's vicinity,F(lay_hold_of_apple)|F(be_in_houses_vicinity)
1081,"['approach_house', 'approach_flag']",whenever approach house until at any time approach flag,F(approach_house)UF(approach_flag)
4689,"['make_way_to_house', 'hold_onto_orange']",repeatedly make way to house and always hold onto orange,G(F(make_way_to_house))&G(hold_onto_orange)
1356,"['move_to_trashcan', 'come_to_tree']",move to trashcan or come to tree,move_to_trashcan|come_to_tree
2091,"['gather_pear', 'go_to_house']",at any time gather pear and at any time go to house,F(gather_pear)&F(go_to_house)
1229,"['stop_by_house', 'have_pear']",at some time stop by house and when possible have pear,F(stop_by_house)&F(have_pear)
2882,"['venture_house', 'seize_orange']",at any time venture house or at any time seize orange,F(venture_house)|F(seize_orange)
2902,"['obtain_apple', 'take_apple']",whenever obtain apple or take apple,F(obtain_apple)|take_apple
1038,"['get_close_flag', 'start_going_to_tree']",at any time get close flag or at any time start going to tree,F(get_close_flag)|F(start_going_to_tree)
4849,"['collect_orange', 'grasp_pear']",whenever collect orange and at some time grasp pear,F(collect_orange)&F(grasp_pear)
4610,"['contact_flag', 'move_past_trash_can']",whenever contact flag or at any time move past trash can,F(contact_flag)|F(move_past_trash_can)
5708,"['drop_orange', 'venture_to_trash_can']","when never drop orange , venture to trash can",G(~(drop_orange))->venture_to_trash_can
5042,"['make_way_for_tree', 'go_to_trash_receptacle']",when possible make way for tree or when possible go to trash receptacle,F(make_way_for_tree)|F(go_to_trash_receptacle)
1419,"['go_by_trash_can', 'go_visit_house']",forever go by trash can or whenever go visit house,G(go_by_trash_can)|F(go_visit_house)
4335,"['stop_by_flag', 'obtain_apple']",stop by flag or at any time obtain apple,stop_by_flag|F(obtain_apple)
1910,"['reach_flag', 'venture_to_house']",whenever reach flag or whenever venture to house,F(reach_flag)|F(venture_to_house)
5047,"['contact_house', 'let_go_apple']",when possible contact house and never let go apple,F(contact_house)&G(~(let_go_apple))
3960,"['go_by_trash_can', 'grab_apple']",always go by trash can or at some time grab apple,G(go_by_trash_can)|F(grab_apple)
1948,"['spend_time_at_tree', 'drop_orange']",whenever spend time at tree and never drop orange,F(spend_time_at_tree)&G(~(drop_orange))
2133,"['track_towards_tree', 'migrate_to_tree']",whenever track towards tree and at some time migrate to tree,F(track_towards_tree)&F(migrate_to_tree)
3797,"['journey_to_house', 'let_go_apple']",whenever journey to house or never let go apple,F(journey_to_house)|G(~(let_go_apple))
1683,"['get_hold_of_orange', 'stand_by_tree']",at any time get hold of orange or when possible stand by tree,F(get_hold_of_orange)|F(stand_by_tree)
1393,"['venture_to_house', 'bring_pear']",at any time venture to house and when possible bring pear,F(venture_to_house)&F(bring_pear)
2089,"['pick_up_anything', 'be_near_tree']",don't pick up anything and at some time be near tree,~(F(pick_up_anything))&F(be_near_tree)
5535,"['take_to_tree', 'acquire_apple']",take to tree or acquire apple,take_to_tree|acquire_apple
1046,"['drop_apple', 'withhold_apple']",never drop apple or when possible withhold apple,G(~(drop_apple))|F(withhold_apple)
4584,"['travel_to_trash_can', 'move_past_trash_can']",whenever travel to trash can or when possible move past trash can,F(travel_to_trash_can)|F(move_past_trash_can)
1078,"['let_go_orange', 'grasp_pear']",never let go orange or at some time grasp pear,G(~(let_go_orange))|F(grasp_pear)
4308,"['tax_apple', 'proceed_to_house']",at some time tax apple can infer that when possible proceed to house,F(tax_apple)->F(proceed_to_house)
1949,"['bring_pear', 'go_by_waste_bin']",at any time bring pear or go by waste bin,F(bring_pear)|go_by_waste_bin
3278,"['scoop_up_apple', 'visit_waste_basket']",at any time scoop up apple or at any time visit waste basket,F(scoop_up_apple)|F(visit_waste_basket)
1032,"['venture_flag', 'get_to_flag']",whenever venture flag or at some time get to flag,F(venture_flag)|F(get_to_flag)
2278,"['drop_orange', 'drop_pear']",never drop orange until drop pear,G(~(drop_orange))Udrop_pear
3398,"['advance_to_house', 'get_close_flag']",when possible advance to house or at any time get close flag,F(advance_to_house)|F(get_close_flag)
5554,"['shift_to_flag', 'be_at_flag']",whenever shift to flag or when possible be at flag,F(shift_to_flag)|F(be_at_flag)
1109,"['drop_orange', 'grip_apple']",never drop orange and grip apple,G(~(drop_orange))&grip_apple
1894,"['get_to_tree', 'go_to_transh_can']",get to tree or at some time go to transh can,get_to_tree|F(go_to_transh_can)
2159,"['drop_orange', 'pick_up_pear']",never drop orange or pick up pear,G(~(drop_orange))|pick_up_pear
1159,"['reach_house', 'grab_flag']",reach house or at any time grab flag,reach_house|F(grab_flag)
1181,"['drop_orange', 'track_towards_tree']",never drop orange or at any time track towards tree,G(~(drop_orange))|F(track_towards_tree)
5247,"['go_home', 'arrive_at_tree']",whenever go home and when possible arrive at tree,F(go_home)&F(arrive_at_tree)
1946,"['present_at_flag', 'reach_flag']",whenever present at flag or at any time reach flag,F(present_at_flag)|F(reach_flag)
4424,"['pick_up_peach', 'take_apple']",at any time pick up peach or take apple,F(pick_up_peach)|take_apple
1534,"['spend_time_at_tree', 'move_near_tree']",whenever spend time at tree or whenever move near tree,F(spend_time_at_tree)|F(move_near_tree)
3587,"['take_to_trash_can', 'advance_to_house']",take to trash can and at any time advance to house,take_to_trash_can&F(advance_to_house)
1432,"['approach_trash_can', 'visit_trash_bin']",approach trash can or at any time visit trash bin,approach_trash_can|F(visit_trash_bin)
5702,"['journey_to_flag', 'capture_orange']",at some time journey to flag means that capture orange,F(journey_to_flag)->capture_orange
1337,"['put_in_bin', 'have_apple']",put in bin and always have apple,put_in_bin&G(have_apple)
1395,"['present_at_flag', 'secure_apple']",whenever present at flag and secure apple,F(present_at_flag)&secure_apple
1947,"['contact_house', 'obtain_pear']",when possible contact house and whenever obtain pear,F(contact_house)&F(obtain_pear)
1358,"['secure_apple', 'go_by_waste_basket']",secure apple or when possible go by waste basket,secure_apple|F(go_by_waste_basket)
2043,"['move_to_trashcan', 'go_to_apple_trashcan']",move to trashcan or repeatedly go to apple trashcan,move_to_trashcan|G(F(go_to_apple_trashcan))
1926,"['go_by_waste_basket', 'go_by_waste_basket']",whenever go by waste basket and whenever go by waste basket,F(go_by_waste_basket)&F(go_by_waste_basket)
1375,"['approach_trash_can', 'get_to_flag']","when approach trash can , at some time get to flag",approach_trash_can->F(get_to_flag)
5442,"['go_to_pear', 'move_to_house']",repeatedly go to pear or move to house,G(F(go_to_pear))|move_to_house
1013,"['hold_on_pear', 'get_to_flag']",always hold on pear means that at some time get to flag,G(hold_on_pear)->F(get_to_flag)
1378,"['grip_apple', 'advance_to_tree']",grip apple and advance to tree,grip_apple&advance_to_tree
4061,"['venture_house', 'approach_house']",at any time venture house until at some time approach house,F(venture_house)UF(approach_house)
5043,"['travel_to_house', 'gather_apple']",at any time travel to house or gather apple,F(travel_to_house)|gather_apple
2510,"['pick_up_anything', 'obtain_orange']",don't pick up anything and when possible obtain orange,~(F(pick_up_anything))&F(obtain_orange)
1069,"['drop_by', 'let_go_orange']",drop by and never let go orange,drop_by&G(~(let_go_orange))
4296,"['pass_by_waste_receptacle', 'journey_by_house']",at some time pass by waste receptacle or whenever journey by house,F(pass_by_waste_receptacle)|F(journey_by_house)
3628,"['obtain_apple', 'put_in_apple_bucket']",at some time obtain apple and put in apple bucket,F(obtain_apple)&put_in_apple_bucket
1189,"['touch_tree', 'stop_by_trash_can']",at some time touch tree or at some time stop by trash can,F(touch_tree)|F(stop_by_trash_can)
2283,"['go_to_apple_trashcan', 'visit_trash_bin']",repeatedly go to apple trashcan or whenever visit trash bin,G(F(go_to_apple_trashcan))|F(visit_trash_bin)
2205,"['advance_to_tree', 'track_towards_tree']",advance to tree and whenever track towards tree,advance_to_tree&F(track_towards_tree)
2234,"['travel_to_apple', 'make_way_waste_basket']",travel to apple or when possible make way waste basket,travel_to_apple|F(make_way_waste_basket)
5690,"['move_to_tree', 'gather_orange']",move to tree and gather orange,move_to_tree&gather_orange
1782,"['collect_apple', 'get_hold_apple']",at any time collect apple and at any time get hold apple,F(collect_apple)&F(get_hold_apple)
3327,"['go_to_tree', 'contact_house']",when possible go to tree and at any time contact house,F(go_to_tree)&F(contact_house)
5002,"['get_orange', 'put_in_bucket']",whenever get orange or put in bucket,F(get_orange)|put_in_bucket
2949,"['pick_up_anything', 'travel_to_tree']",don't pick up anything or travel to tree,~(F(pick_up_anything))|travel_to_tree
2273,"['get_orange', 'move_forward_trash_can']",at some time get orange or at some time move forward trash can,F(get_orange)|F(move_forward_trash_can)
5645,"['go_to_peach', 'gather_pear']",whenever go to peach until when possible gather pear,F(go_to_peach)UF(gather_pear)
1085,"['get_pear', 'arrive_at_tree']",when possible get pear or when possible arrive at tree,F(get_pear)|F(arrive_at_tree)
1362,"['present_at_flag', 'go_by_waste_bin']",at any time present at flag until go by waste bin,F(present_at_flag)Ugo_by_waste_bin
2106,"['got_to_house', 'move_near_tree']",whenever got to house and at some time move near tree,F(got_to_house)&F(move_near_tree)
1463,"['stop_by_house', 'make_way_waste_basket']",at some time stop by house or when possible make way waste basket,F(stop_by_house)|F(make_way_waste_basket)
2306,"['take_orange', 'reach_tree']",take orange and at some time reach tree,take_orange&F(reach_tree)
1710,"['visit_waste_basket', 'visit_tree']",whenever visit waste basket or visit tree,F(visit_waste_basket)|visit_tree
3370,"['reach_trash_can', 'withold_apple']",reach trash can or at some time withold apple,reach_trash_can|F(withold_apple)
5611,"['stop_by_flag', 'get_close_tree']",stop by flag or at some time get close tree,stop_by_flag|F(get_close_tree)
4519,"['arrive_at_tree', 'travel_to_trash_can']",at any time arrive at tree and whenever travel to trash can,F(arrive_at_tree)&F(travel_to_trash_can)
2183,"['go_visit_house', 'travel_to_trash_can']",when possible go visit house or whenever travel to trash can,F(go_visit_house)|F(travel_to_trash_can)
5412,"['take_apple', 'drop_pear']",take apple or never drop pear,take_apple|G(~(drop_pear))
2721,"['get_hold_of_pear', 'grasp_apple']",get hold of pear and whenever grasp apple,get_hold_of_pear&F(grasp_apple)
1540,"['venture_to_house', 'venture_to_house']",at some time venture to house or when possible venture to house,F(venture_to_house)|F(venture_to_house)
5240,"['go_near_pear', 'stop_by_flag']",at any time go near pear and stop by flag,F(go_near_pear)&stop_by_flag
1695,"['journey_by_house', 'stand_by_tree']",when possible journey by house or when possible stand by tree,F(journey_by_house)|F(stand_by_tree)
2124,"['make_way_waste_basket', 'hold_on_pear']",whenever make way waste basket or forever hold on pear,F(make_way_waste_basket)|G(hold_on_pear)
1365,"['secure_apple', 'go_by_waste_basket']",secure apple and when possible go by waste basket,secure_apple&F(go_by_waste_basket)
5544,"['get_hold_of_orange', 'get_to_cup']",whenever get hold of orange until when possible get to cup,F(get_hold_of_orange)UF(get_to_cup)
2520,"['go_to_trash_bin', 'get_hold_of_pear']",at some time go to trash bin or get hold of pear,F(go_to_trash_bin)|get_hold_of_pear
5528,"['touch_flag', 'go_by_flag']",always touch flag or at some time go by flag,G(touch_flag)|F(go_by_flag)
1338,"['lay_hold_of_apple', 'clutch_orange']",at any time lay hold of apple or when possible clutch orange,F(lay_hold_of_apple)|F(clutch_orange)
4564,"['obtain_pear', 'approach_house']",whenever obtain pear or when possible approach house,F(obtain_pear)|F(approach_house)
1875,"['getting_pear', 'seize_pear']",whenever getting pear or at some time seize pear,F(getting_pear)|F(seize_pear)
5830,"['getting_pear', 'make_contact_flag']",at any time getting pear or whenever make contact flag,F(getting_pear)|F(make_contact_flag)
2411,"['hold_pear', 'go_to_home']",hold pear or at some time go to home,hold_pear|F(go_to_home)
1045,"['snatch_up_pear', 'journey_by_flag']",snatch up pear and whenever journey by flag,snatch_up_pear&F(journey_by_flag)
3348,"['go_home', 'have_apple']",whenever go home or forever have apple,F(go_home)|G(have_apple)
2028,"['clutch_orange', 'journey_by_flag']",whenever clutch orange or whenever journey by flag,F(clutch_orange)|F(journey_by_flag)
5748,"['pass_by_house', 'stand_by_tree']",at some time pass by house or whenever stand by tree,F(pass_by_house)|F(stand_by_tree)
3508,"['have_apple', 'travel_by_tree']",forever have apple and when possible travel by tree,G(have_apple)&F(travel_by_tree)
3428,"['go_to_bucket', 'move_to_house']",go to bucket or move to house,go_to_bucket|move_to_house
3575,"['grab_apple', 'go_to_waste_basket']",at some time grab apple or repeatedly go to waste basket,F(grab_apple)|G(F(go_to_waste_basket))
3285,"['drop_apple', 'drop_orange']",never drop apple and never drop orange,G(~(drop_apple))&G(~(drop_orange))
3707,"['walk_near_flag', 'pass_by_waste_receptacle']",at any time walk near flag and at any time pass by waste receptacle,F(walk_near_flag)&F(pass_by_waste_receptacle)
1516,"['take_to_trashcan', 'advance_to_tree']",take to trashcan or advance to tree,take_to_trashcan|advance_to_tree
1094,"['migrate_to_tree', 'go_to_trashcan']",when possible migrate to tree or at some time go to trashcan,F(migrate_to_tree)|F(go_to_trashcan)
4951,"['travel_to_trash_can', 'venture_to_trash_can']","if at some time travel to trash can , venture to trash can",F(travel_to_trash_can)->venture_to_trash_can
5622,"['grab_pear', 'approach_house']",whenever grab pear and at some time approach house,F(grab_pear)&F(approach_house)
1258,"['make_contact_with_house', 'procure_pear']",at some time make contact with house or when possible procure pear,F(make_contact_with_house)|F(procure_pear)
1480,"['make_way_waste_basket', 'venture_flag']",at some time make way waste basket or at any time venture flag,F(make_way_waste_basket)|F(venture_flag)
5932,"['going_to_house', 'start_going_to_tree']",when possible going to house or at some time start going to tree,F(going_to_house)|F(start_going_to_tree)
1853,"['drop_apple', 'go_by_waste_bin']",never drop apple and go by waste bin,G(~(drop_apple))&go_by_waste_bin
1161,"['grab_flag', 'have_pear']",at any time grab flag or at any time have pear,F(grab_flag)|F(have_pear)
1106,"['go_by_waste_basket', 'withhold_apple']",whenever go by waste basket and when possible withhold apple,F(go_by_waste_basket)&F(withhold_apple)
1507,"['travel_by_tree', 'seize_apple']",at some time travel by tree or seize apple,F(travel_by_tree)|seize_apple
2843,"['venture_house', 'procure_pear']",whenever venture house and whenever procure pear,F(venture_house)&F(procure_pear)
1679,"['go_near_pear', 'start_going_to_tree']",at some time go near pear and at any time start going to tree,F(go_near_pear)&F(start_going_to_tree)
4624,"['go_to_bucket', 'take_apple']","if go to bucket , take apple",go_to_bucket->take_apple
1762,"['venture_towards_house', 'drop_apple']",venture towards house and never drop apple,venture_towards_house&G(~(drop_apple))
5181,"['collect_pear', 'reach_tree']",collect pear or at any time reach tree,collect_pear|F(reach_tree)
1711,"['take_to_trashcan', 'visit_trash_bin']",take to trashcan and at some time visit trash bin,take_to_trashcan&F(visit_trash_bin)
1815,"['got_to_house', 'snag_orange']",when possible got to house and at some time snag orange,F(got_to_house)&F(snag_orange)
1445,"['venture_to_waste_basket', 'snatch_pear']",at some time venture to waste basket and at some time snatch pear,F(venture_to_waste_basket)&F(snatch_pear)
5032,"['take_to_trash_can', 'drop_apple']",take to trash can means that never drop apple,take_to_trash_can->G(~(drop_apple))
2738,"['gather_apple', 'scoop_up_apple']",gather apple can infer that when possible scoop up apple,gather_apple->F(scoop_up_apple)
3774,"['gather_pear', 'make_contact_with_house']",at any time gather pear or at any time make contact with house,F(gather_pear)|F(make_contact_with_house)
4651,"['collect_orange', 'make_contact_with_house']",when possible collect orange or whenever make contact with house,F(collect_orange)|F(make_contact_with_house)
1159,"['get_hold_apple', 'move_to_trash_can']",at some time get hold apple and move to trash can,F(get_hold_apple)&move_to_trash_can
2497,"['drop_orange', 'advance_to_tree']",never drop orange or advance to tree,G(~(drop_orange))|advance_to_tree
1236,"['reach_flag', 'go_by_waste_bin']",whenever reach flag or go by waste bin,F(reach_flag)|go_by_waste_bin
2328,"['travel_to_apple', 'grab_hold_pear']",travel to apple or grab hold pear,travel_to_apple|grab_hold_pear
2096,"['obtain_apple', 'arrive_at_tree']","if at some time obtain apple , at some time arrive at tree",F(obtain_apple)->F(arrive_at_tree)
4579,"['collect_pear', 'scoop_up_pear']",collect pear and whenever scoop up pear,collect_pear&F(scoop_up_pear)
1720,"['go_by_waste_bin', 'go_by_waste_basket']",go by waste bin and when possible go by waste basket,go_by_waste_bin&F(go_by_waste_basket)
4754,"['go_by_flag', 'pass_by_trash_bin']",when possible go by flag can infer that when possible pass by trash bin,F(go_by_flag)->F(pass_by_trash_bin)
5576,"['go_to_flag', 'make_contact_with_house']",whenever go to flag and when possible make contact with house,F(go_to_flag)&F(make_contact_with_house)
3528,"['move', 'contact_flag']",always move or when possible contact flag,G(move)|F(contact_flag)
1143,"['present_at_flag', 'present_at_flag']",whenever present at flag and when possible present at flag,F(present_at_flag)&F(present_at_flag)
4643,"['pass_by_trash_bin', 'move_to_house']",when possible pass by trash bin or move to house,F(pass_by_trash_bin)|move_to_house
4271,"['visit_tree', 'haul_pear']",visit tree or at any time haul pear,visit_tree|F(haul_pear)
2253,"['journey_by_flag', 'clutch_orange']",whenever journey by flag or at any time clutch orange,F(journey_by_flag)|F(clutch_orange)
4540,"['take_pear', 'be_near_tree']",take pear and at some time be near tree,take_pear&F(be_near_tree)
4744,"['drop_orange', 'put_in_bin']",never drop orange until put in bin,G(~(drop_orange))Uput_in_bin
5678,"['walk_near_flag', 'pass_by_house']",at some time walk near flag and at some time pass by house,F(walk_near_flag)&F(pass_by_house)
2461,"['venture_flag', 'withdraw_pear']",when possible venture flag or at any time withdraw pear,F(venture_flag)|F(withdraw_pear)
1408,"['keep_apple', 'journey_by_flag']",keep apple and at some time journey by flag,keep_apple&F(journey_by_flag)
3796,"['start_going_to_tree', 'proceed_to_house']",when possible start going to tree until whenever proceed to house,F(start_going_to_tree)UF(proceed_to_house)
1279,"['let_go_pear', 'let_go_pear']",don't let go pear or don't let go pear,~(let_go_pear)|~(let_go_pear)
1221,"['have_pear', 'take_to_trashcan']",at any time have pear and take to trashcan,F(have_pear)&take_to_trashcan
2547,"['contact_flag', 'hold_pear']",at some time contact flag until hold pear,F(contact_flag)Uhold_pear
3783,"['gather_pear', 'collect_pear']",when possible gather pear or collect pear,F(gather_pear)|collect_pear
5907,"['tax_apple', 'go_to_apple']",whenever tax apple or when possible go to apple,F(tax_apple)|F(go_to_apple)
1431,"['approach_trash_can', 'drop_pear']",approach trash can until drop pear,approach_trash_canUdrop_pear
1873,"['gather_orange', 'approach_tree']","when gather orange , approach tree",gather_orange->approach_tree
2202,"['go_to_peach', 'approach_tree']",at some time go to peach or approach tree,F(go_to_peach)|approach_tree
5217,"['drop_pear', 'go_to_pear']",never drop pear and repeatedly go to pear,G(~(drop_pear))&G(F(go_to_pear))
1191,"['acquire_pear', 'go_near_pear']",when possible acquire pear and whenever go near pear,F(acquire_pear)&F(go_near_pear)
3495,"['shift_to_flag', 'make_your_way_flag']",at any time shift to flag or at any time make your way flag,F(shift_to_flag)|F(make_your_way_flag)
1616,"['touch_house', 'pass_by_waste_receptacle']",at any time touch house and whenever pass by waste receptacle,F(touch_house)&F(pass_by_waste_receptacle)
5988,"['touch_flag', 'haul_pear']",forever touch flag and whenever haul pear,G(touch_flag)&F(haul_pear)
2593,"['hold_onto_orange', 'make_your_way_flag']",always hold onto orange or when possible make your way flag,G(hold_onto_orange)|F(make_your_way_flag)
2092,"['collect_orange', 'touch_tree']","if at any time collect orange , when possible touch tree",F(collect_orange)->F(touch_tree)
5805,"['collect_apple', 'seize_apple']",at any time collect apple and seize apple,F(collect_apple)&seize_apple
4980,"['move', 'pass_by_waste_receptacle']",forever move or at any time pass by waste receptacle,G(move)|F(pass_by_waste_receptacle)
2098,"['get_orange', 'show_yourself_near_house']",when possible get orange or when possible show yourself near house,F(get_orange)|F(show_yourself_near_house)
5914,"['venture_house', 'touch_flag']",when possible venture house can infer that forever touch flag,F(venture_house)->G(touch_flag)
1068,"['visit_house', 'move_towards_trash_can']",at any time visit house or move towards trash can,F(visit_house)|move_towards_trash_can
1991,"['let_go', 'go_by_flag']",never let go or at some time go by flag,G(~(let_go))|F(go_by_flag)
1063,"['move_to_trashcan', 'lay_hold_of_apple']",move to trashcan or when possible lay hold of apple,move_to_trashcan|F(lay_hold_of_apple)
1159,"['go_by_waste_bin', 'reach_flag']",go by waste bin or at any time reach flag,go_by_waste_bin|F(reach_flag)
2334,"['make_to_flag', 'track_towards_tree']",when possible make to flag and whenever track towards tree,F(make_to_flag)&F(track_towards_tree)
1017,"['venture_to_house', 'go_by_waste_basket']",at some time venture to house or at any time go by waste basket,F(venture_to_house)|F(go_by_waste_basket)
2700,"['touch_tree', 'journey_to_tree']",at some time touch tree or whenever journey to tree,F(touch_tree)|F(journey_to_tree)
1803,"['take_to_trashcan', 'have_in_orange']",take to trashcan or forever have in orange,take_to_trashcan|G(have_in_orange)
2859,"['go_to_apple', 'go_to_pear']",whenever go to apple or repeatedly go to pear,F(go_to_apple)|G(F(go_to_pear))
1052,"['get_near_flag', 'grip_apple']",when possible get near flag or grip apple,F(get_near_flag)|grip_apple
2904,"['go_to_home', 'acquire_pear']",at any time go to home or when possible acquire pear,F(go_to_home)|F(acquire_pear)
4222,"['grab_pear', 'visit_house']",whenever grab pear and at some time visit house,F(grab_pear)&F(visit_house)
5337,"['grab_orange', 'go_to_waste_basket']",whenever grab orange or repeatedly go to waste basket,F(grab_orange)|G(F(go_to_waste_basket))
1352,"['collect_apple', 'let_go_apple']",at any time collect apple or never let go apple,F(collect_apple)|G(~(let_go_apple))
5580,"['go_by_trash_can', 'come_home']",forever go by trash can and when possible come home,G(go_by_trash_can)&F(come_home)
1535,"['take_to_trashcan', 'hold_on_pear']",take to trashcan or always hold on pear,take_to_trashcan|G(hold_on_pear)
3110,"['haul_pear', 'get_pear']",whenever haul pear or at any time get pear,F(haul_pear)|F(get_pear)
1933,"['approach_flag', 'proceed_to_house']",at any time approach flag or whenever proceed to house,F(approach_flag)|F(proceed_to_house)
1976,"['bring_pear', 'bring_pear']",at any time bring pear can infer that at some time bring pear,F(bring_pear)->F(bring_pear)
4101,"['hold_pear', 'set_out_to_house']",hold pear and whenever set out to house,hold_pear&F(set_out_to_house)
2002,"['clutch_orange', 'go_near_house']",at some time clutch orange and at some time go near house,F(clutch_orange)&F(go_near_house)
1775,"['drop_orange', 'lay_hold_of_apple']",never drop orange or whenever lay hold of apple,G(~(drop_orange))|F(lay_hold_of_apple)
2206,"['go_by_tree', 'drop_orange']",when possible go by tree or never drop orange,F(go_by_tree)|G(~(drop_orange))
1654,"['make_your_way_flag', 'make_way_to_house']",at some time make your way flag and repeatedly make way to house,F(make_your_way_flag)&G(F(make_way_to_house))
2634,"['make_contact_flag', 'go_to_trash_bin']",at some time make contact flag and when possible go to trash bin,F(make_contact_flag)&F(go_to_trash_bin)
4337,"['procure_pear', 'collect_orange']",at some time procure pear and at some time collect orange,F(procure_pear)&F(collect_orange)
1251,"['let_go_orange', 'make_contact_with_house']",never let go orange or at any time make contact with house,G(~(let_go_orange))|F(make_contact_with_house)
1679,"['go_by_waste_bin', 'venture_towards_house']",go by waste bin or venture towards house,go_by_waste_bin|venture_towards_house
5332,"['collect_orange', 'make_contact_with_house']",when possible collect orange until at some time make contact with house,F(collect_orange)UF(make_contact_with_house)
1551,"['let_go_pear', 'venture_flag']",do not let go pear or at any time venture flag,~(let_go_pear)|F(venture_flag)
1014,"['venture_towards_house', 'venture_to_house']",venture towards house or at any time venture to house,venture_towards_house|F(venture_to_house)
1297,"['drop_apple', 'procure_pear']",never drop apple and at any time procure pear,G(~(drop_apple))&F(procure_pear)
2003,"['pick_up_orange', 'grab_orange']",pick up orange or at some time grab orange,pick_up_orange|F(grab_orange)
2803,"['travel_house', 'hold_pear']",whenever travel house or hold pear,F(travel_house)|hold_pear
1303,"['secure_apple', 'go_by_waste_bin']",secure apple or go by waste bin,secure_apple|go_by_waste_bin
1873,"['go_by_waste_basket', 'bring_pear']","if at some time go by waste basket , at any time bring pear",F(go_by_waste_basket)->F(bring_pear)
1452,"['take_pear', 'go_to_pear']","when take pear , repeatedly go to pear",take_pear->G(F(go_to_pear))
5935,"['obtain_pear', 'come_home']",whenever obtain pear until at some time come home,F(obtain_pear)UF(come_home)
2107,"['journey_by_flag', 'go_to_trashcan']",when possible journey by flag or whenever go to trashcan,F(journey_by_flag)|F(go_to_trashcan)
3716,"['go_to_apple', 'go_to_apple']",whenever go to apple or when possible go to apple,F(go_to_apple)|F(go_to_apple)
5131,"['touch_flag', 'touch_house']",forever touch flag or at any time touch house,G(touch_flag)|F(touch_house)
1862,"['take_orange', 'let_go_apple']",take orange or at any time let go apple,take_orange|F(let_go_apple)
1556,"['spend_time_at_tree', 'drop_orange']",at any time spend time at tree and never drop orange,F(spend_time_at_tree)&G(~(drop_orange))
1829,"['venture_towards_house', 'bring_pear']",venture towards house and at some time bring pear,venture_towards_house&F(bring_pear)
1404,"['travel_to_house', 'travel_house']",at any time travel to house and when possible travel house,F(travel_to_house)&F(travel_house)
5732,"['going_to_house', 'move_towards_trash_can']",at any time going to house or move towards trash can,F(going_to_house)|move_towards_trash_can
3644,"['capture_pear', 'pick_up_anything']",when possible capture pear or don't pick up anything,F(capture_pear)|~(F(pick_up_anything))
4796,"['go_to_flag', 'proceed_to_flag']",at any time go to flag or at any time proceed to flag,F(go_to_flag)|F(proceed_to_flag)
1194,"['grab_hold_pear', 'snatch_up_pear']",grab hold pear until snatch up pear,grab_hold_pearUsnatch_up_pear
5059,"['visit_flag', 'touch_house']",when possible visit flag or at some time touch house,F(visit_flag)|F(touch_house)
1703,"['drop_orange', 'track_towards_tree']",never drop orange or at any time track towards tree,G(~(drop_orange))|F(track_towards_tree)
2372,"['take_to_trashcan', 'snatch_up_pear']",take to trashcan or snatch up pear,take_to_trashcan|snatch_up_pear
3168,"['hold_pear', 'make_your_way_flag']",hold pear and at some time make your way flag,hold_pear&F(make_your_way_flag)
1887,"['reach_tree', 'go_home']",whenever reach tree and at some time go home,F(reach_tree)&F(go_home)
5977,"['get_hold_apple', 'go_near_flag']",at any time get hold apple and when possible go near flag,F(get_hold_apple)&F(go_near_flag)
1797,"['present_at_flag', 'present_at_flag']",at any time present at flag or when possible present at flag,F(present_at_flag)|F(present_at_flag)
1177,"['bring_pear', 'bring_pear']",at some time bring pear and whenever bring pear,F(bring_pear)&F(bring_pear)
2565,"['go_by_trash_can', 'capture_pear']",always go by trash can and when possible capture pear,G(go_by_trash_can)&F(capture_pear)
5647,"['hold_onto_orange', 'get_hold_of_orange']",always hold onto orange or at any time get hold of orange,G(hold_onto_orange)|F(get_hold_of_orange)
4417,"['take_pear', 'hold_apple']",take pear and hold apple,take_pear&hold_apple
5284,"['go_to_flag', 'stop_by_flag']",when possible go to flag or stop by flag,F(go_to_flag)|stop_by_flag
4394,"['take_possession_of_bear', 'pick_up_anything']",when possible take possession of bear can infer that don't pick up anything,F(take_possession_of_bear)->~(F(pick_up_anything))
5746,"['walk_to_flag', 'walk_to_flag']","if whenever walk to flag , whenever walk to flag",F(walk_to_flag)->F(walk_to_flag)
2381,"['let_go_pear', 'withdraw_pear']",do not let go pear or at any time withdraw pear,~(let_go_pear)|F(withdraw_pear)
1806,"['withdraw_pear', 'lay_hold_of_apple']",at some time withdraw pear and at any time lay hold of apple,F(withdraw_pear)&F(lay_hold_of_apple)
2677,"['take_possession_of_bear', 'put_in_bucket']",whenever take possession of bear until put in bucket,F(take_possession_of_bear)Uput_in_bucket
2623,"['approach_tree', 'travel_to_flag']",approach tree or whenever travel to flag,approach_tree|F(travel_to_flag)
2633,"['get_close_tree', 'go_by_house']",at any time get close tree and at any time go by house,F(get_close_tree)&F(go_by_house)
1263,"['reach_tree', 'hold_on_to_pear']",at any time reach tree until hold on to pear,F(reach_tree)Uhold_on_to_pear
1647,"['travel_to_apple', 'snatch_up_pear']",travel to apple and snatch up pear,travel_to_apple&snatch_up_pear
2819,"['venture_to_waste_basket', 'venture_house']",when possible venture to waste basket or at any time venture house,F(venture_to_waste_basket)|F(venture_house)
3893,"['be_at_flag', 'acquire_orange']",at some time be at flag or acquire orange,F(be_at_flag)|acquire_orange
1442,"['steal_apple', 'capture_pear']",at some time steal apple and when possible capture pear,F(steal_apple)&F(capture_pear)
4453,"['travel_house', 'get_hold_of_orange']",whenever travel house or when possible get hold of orange,F(travel_house)|F(get_hold_of_orange)
1248,"['go_visit_flag', 'journey_by_house']",go visit flag or when possible journey by house,go_visit_flag|F(journey_by_house)
1214,"['moving', 'grab_hold_pear']",forever moving and grab hold pear,G(moving)&grab_hold_pear
4765,"['obtain_orange', 'go_visit_house']",when possible obtain orange until when possible go visit house,F(obtain_orange)UF(go_visit_house)
1882,"['got_to_house', 'drop_orange']",at some time got to house or never drop orange,F(got_to_house)|G(~(drop_orange))
4303,"['stop_by_trash_can', 'put_in_apple_bucket']",at any time stop by trash can and put in apple bucket,F(stop_by_trash_can)&put_in_apple_bucket
4479,"['tax_apple', 'collect_pear']",at some time tax apple and collect pear,F(tax_apple)&collect_pear
1286,"['seize_apple', 'seize_apple']",seize apple or seize apple,seize_apple|seize_apple
1371,"['present_at_flag', 'bring_pear']",at any time present at flag and at some time bring pear,F(present_at_flag)&F(bring_pear)
2047,"['make_your_way_flag', 'take_apple']",when possible make your way flag or take apple,F(make_your_way_flag)|take_apple
1306,"['go_by_waste_bin', 'venture_towards_house']",go by waste bin or venture towards house,go_by_waste_bin|venture_towards_house
2339,"['clutch_orange', 'grab_flag']",whenever clutch orange and whenever grab flag,F(clutch_orange)&F(grab_flag)
1665,"['get_near_flag', 'venture_flag']",at some time get near flag or whenever venture flag,F(get_near_flag)|F(venture_flag)
1209,"['go_to_apple_trashcan', 'make_to_flag']",repeatedly go to apple trashcan until at any time make to flag,G(F(go_to_apple_trashcan))UF(make_to_flag)
5842,"['have_apple', 'get_hold_apple']",forever have apple or at any time get hold apple,G(have_apple)|F(get_hold_apple)
1564,"['got_to_house', 'lay_hold_of_apple']",at any time got to house or when possible lay hold of apple,F(got_to_house)|F(lay_hold_of_apple)
3710,"['venture_to_waste_basket', 'acquire_apple']",when possible venture to waste basket or acquire apple,F(venture_to_waste_basket)|acquire_apple
3858,"['contact_flag', 'travel_by_tree']",at some time contact flag or at any time travel by tree,F(contact_flag)|F(travel_by_tree)
1827,"['venture_to_house', 'present_at_flag']",whenever venture to house or at some time present at flag,F(venture_to_house)|F(present_at_flag)
1907,"['visit_trash_bin', 'withdraw_pear']",at some time visit trash bin or whenever withdraw pear,F(visit_trash_bin)|F(withdraw_pear)
1558,"['go_to_orange', 'travel_by_tree']",go to orange and at any time travel by tree,go_to_orange&F(travel_by_tree)
1576,"['moving', 'get_to_flag']",always moving means that when possible get to flag,G(moving)->F(get_to_flag)
4600,"['go_near_pear', 'move_towards_trash_can']",at any time go near pear or move towards trash can,F(go_near_pear)|move_towards_trash_can
1314,"['drop_apple', 'reach_flag']",never drop apple or when possible reach flag,G(~(drop_apple))|F(reach_flag)
5438,"['let_go_orange', 'venture_house']",never let go orange or at any time venture house,G(~(let_go_orange))|F(venture_house)
1581,"['get_hold_of_pear', 'let_go_orange']",get hold of pear and never let go orange,get_hold_of_pear&G(~(let_go_orange))
5614,"['procure_orange', 'visit_house']",when possible procure orange or whenever visit house,F(procure_orange)|F(visit_house)
3413,"['gather_apple', 'take_apple']",gather apple or take apple,gather_apple|take_apple
2044,"['go_home', 'shift_to_flag']",at any time go home and whenever shift to flag,F(go_home)&F(shift_to_flag)
1848,"['secure_pear', 'get_apple']",whenever secure pear and at some time get apple,F(secure_pear)&F(get_apple)
1880,"['let_go_pear', 'track_towards_tree']","when do not let go pear , when possible track towards tree",~(let_go_pear)->F(track_towards_tree)
5487,"['stop_by_trash_can', 'proceed_to_house']",whenever stop by trash can or at any time proceed to house,F(stop_by_trash_can)|F(proceed_to_house)
1732,"['visit_trash_bin', 'take_to_trashcan']",at some time visit trash bin and take to trashcan,F(visit_trash_bin)&take_to_trashcan
1271,"['present_at_flag', 'present_at_flag']",at some time present at flag or whenever present at flag,F(present_at_flag)|F(present_at_flag)
1519,"['visit_flag', 'be_near_tree']",at some time visit flag or at some time be near tree,F(visit_flag)|F(be_near_tree)
1446,"['travel_house', 'grab_apple']",at any time travel house or at any time grab apple,F(travel_house)|F(grab_apple)
3402,"['make_contact_with_house', 'visit_house']",at some time make contact with house and at some time visit house,F(make_contact_with_house)&F(visit_house)
3678,"['grasp_apple', 'move_to_trash_can']",when possible grasp apple or move to trash can,F(grasp_apple)|move_to_trash_can
1780,"['make_way_waste_basket', 'visit_trash_bin']",whenever make way waste basket or at some time visit trash bin,F(make_way_waste_basket)|F(visit_trash_bin)
1713,"['travel_house', 'put_in_bin']",when possible travel house or put in bin,F(travel_house)|put_in_bin
1981,"['travel_to_trash_can', 'proceed_to_house']",at some time travel to trash can and whenever proceed to house,F(travel_to_trash_can)&F(proceed_to_house)
4485,"['get_close_tree', 'take_orange']",at any time get close tree and take orange,F(get_close_tree)&take_orange
1112,"['bring_pear', 'go_by_waste_bin']",at any time bring pear can infer that go by waste bin,F(bring_pear)->go_by_waste_bin
1064,"['present_at_flag', 'bring_pear']",when possible present at flag or at any time bring pear,F(present_at_flag)|F(bring_pear)
5981,"['make_way_to_house', 'let_go_pear']",repeatedly make way to house or do not let go pear,G(F(make_way_to_house))|~(let_go_pear)
5906,"['obtain_apple', 'get_hold_apple']",at any time obtain apple or at some time get hold apple,F(obtain_apple)|F(get_hold_apple)
5790,"['grasp_pear', 'collect_apple']",whenever grasp pear and at some time collect apple,F(grasp_pear)&F(collect_apple)
3328,"['journey_by_house', 'grab_apple']",whenever journey by house or whenever grab apple,F(journey_by_house)|F(grab_apple)
3310,"['travel_house', 'grab_pear']",at any time travel house or when possible grab pear,F(travel_house)|F(grab_pear)
1940,"['reach_flag', 'withhold_apple']",at some time reach flag and at some time withhold apple,F(reach_flag)&F(withhold_apple)
3911,"['visit_tree', 'grasp_pear']",visit tree and whenever grasp pear,visit_tree&F(grasp_pear)
4992,"['travel_to_waste_bin', 'be_at_house']",travel to waste bin and at some time be at house,travel_to_waste_bin&F(be_at_house)
3419,"['let_go', 'get_to_cup']","if never let go , at some time get to cup",G(~(let_go))->F(get_to_cup)
5125,"['go_to_house', 'pass_by_waste_receptacle']",at some time go to house until whenever pass by waste receptacle,F(go_to_house)UF(pass_by_waste_receptacle)
2350,"['pick_up_apple', 'go_by_house']",whenever pick up apple and at any time go by house,F(pick_up_apple)&F(go_by_house)
1695,"['keep_apple', 'go_to_apple_trashcan']",keep apple or repeatedly go to apple trashcan,keep_apple|G(F(go_to_apple_trashcan))
1864,"['visit_trash_bin', 'journey_by_flag']",at any time visit trash bin or at some time journey by flag,F(visit_trash_bin)|F(journey_by_flag)
1945,"['withold_apple', 'reach_trash_can']",when possible withold apple or reach trash can,F(withold_apple)|reach_trash_can
5765,"['go_to_trash_bin', 'procure_apple']",at any time go to trash bin or procure apple,F(go_to_trash_bin)|procure_apple
1931,"['present_at_flag', 'go_by_waste_bin']",at some time present at flag and go by waste bin,F(present_at_flag)&go_by_waste_bin
1812,"['seize_apple', 'drop_orange']",seize apple or never drop orange,seize_apple|G(~(drop_orange))
4009,"['hold_apple', 'stop_by_flag']",hold apple or stop by flag,hold_apple|stop_by_flag
2229,"['have_apple', 'grab_apple']",forever have apple or at some time grab apple,G(have_apple)|F(grab_apple)
1351,"['get_hold_of_pear', 'visit_flag']",get hold of pear until whenever visit flag,get_hold_of_pearUF(visit_flag)
5174,"['travel_to_waste_bin', 'obtain_pear']",travel to waste bin until whenever obtain pear,travel_to_waste_binUF(obtain_pear)
2317,"['seize_orange', 'approach_flag']",when possible seize orange or whenever approach flag,F(seize_orange)|F(approach_flag)
2083,"['travel_to_apple', 'go_to_apple_trashcan']",travel to apple or repeatedly go to apple trashcan,travel_to_apple|G(F(go_to_apple_trashcan))
4603,"['touch_house', 'go_near_flag']",when possible touch house or whenever go near flag,F(touch_house)|F(go_near_flag)
3873,"['touch_tree', 'reach_trash_can']",when possible touch tree and reach trash can,F(touch_tree)&reach_trash_can
4636,"['grab_apple', 'capture_pear']",at some time grab apple and when possible capture pear,F(grab_apple)&F(capture_pear)
1066,"['venture_flag', 'hold_on_pear']","when whenever venture flag , forever hold on pear",F(venture_flag)->G(hold_on_pear)
4588,"['go_to_trash_receptacle', 'travel_by_tree']",whenever go to trash receptacle or when possible travel by tree,F(go_to_trash_receptacle)|F(travel_by_tree)
1848,"['go_near_house', 'snag_orange']",whenever go near house and at some time snag orange,F(go_near_house)&F(snag_orange)
5052,"['get_hold_of_pear', 'travel_to_tree']",get hold of pear or travel to tree,get_hold_of_pear|travel_to_tree
4749,"['collect_orange', 'show_yourself_near_house']",at any time collect orange or when possible show yourself near house,F(collect_orange)|F(show_yourself_near_house)
5352,"['go_to_trash_can', 'grab_orange']",whenever go to trash can or at some time grab orange,F(go_to_trash_can)|F(grab_orange)
5807,"['be_near_tree', 'secure_pear']",whenever be near tree and when possible secure pear,F(be_near_tree)&F(secure_pear)
1992,"['grip_apple', 'go_to_apple_trashcan']","when grip apple , repeatedly go to apple trashcan",grip_apple->G(F(go_to_apple_trashcan))
2689,"['journey_by_house', 'travel_to_flag']",when possible journey by house means that at some time travel to flag,F(journey_by_house)->F(travel_to_flag)
5575,"['venture_house', 'let_go_orange']",whenever venture house or never let go orange,F(venture_house)|G(~(let_go_orange))
3594,"['put_in_apple_bucket', 'journey_to_flag']",put in apple bucket or whenever journey to flag,put_in_apple_bucket|F(journey_to_flag)
1725,"['venture_house', 'gather_apple']",at any time venture house and gather apple,F(venture_house)&gather_apple
1170,"['journey_by_flag', 'clutch_orange']",at any time journey by flag or at any time clutch orange,F(journey_by_flag)|F(clutch_orange)
1790,"['migrate_to_tree', 'let_go_pear']",whenever migrate to tree or don't let go pear,F(migrate_to_tree)|~(let_go_pear)
1540,"['travel_to_waste_bin', 'go_to_bucket']",travel to waste bin or go to bucket,travel_to_waste_bin|go_to_bucket
5489,"['grasp_apple', 'going_to_flag']",at some time grasp apple and whenever going to flag,F(grasp_apple)&F(going_to_flag)
3671,"['acquire_orange', 'journey_to_flag']",acquire orange means that when possible journey to flag,acquire_orange->F(journey_to_flag)
4281,"['drop_by', 'move_to_trash_can']",drop by means that move to trash can,drop_by->move_to_trash_can
3531,"['go_near_pear', 'procure_pear']",when possible go near pear or when possible procure pear,F(go_near_pear)|F(procure_pear)
1494,"['drop_by', 'collect_pear']",drop by and collect pear,drop_by&collect_pear
1937,"['travel_to_waste_bin', 'procure_orange']",travel to waste bin or at any time procure orange,travel_to_waste_bin|F(procure_orange)
4830,"['go_to_peach', 'drop_orange']",at some time go to peach or drop orange,F(go_to_peach)|drop_orange
2371,"['moving', 'reach_house']",forever moving or reach house,G(moving)|reach_house
5550,"['get_apple', 'move_to_flag']",at any time get apple means that at any time move to flag,F(get_apple)->F(move_to_flag)
1388,"['go_near_house', 'go_to_orange_bin']",whenever go near house and go to orange bin,F(go_near_house)&go_to_orange_bin
1524,"['secure_apple', 'present_at_flag']",secure apple and when possible present at flag,secure_apple&F(present_at_flag)
5781,"['go_by_trash_can', 'go_home']",always go by trash can or when possible go home,G(go_by_trash_can)|F(go_home)
2519,"['contact_house', 'visit_house']",when possible contact house can infer that at any time visit house,F(contact_house)->F(visit_house)
4524,"['take_pear', 'move_to_flag']",take pear and at any time move to flag,take_pear&F(move_to_flag)
1536,"['venture_towards_house', 'drop_apple']",venture towards house and never drop apple,venture_towards_house&G(~(drop_apple))
3850,"['walk_to_flag', 'go_past_flag']",at some time walk to flag and when possible go past flag,F(walk_to_flag)&F(go_past_flag)
1247,"['go_to_apple', 'yield_pear']",at some time go to apple until when possible yield pear,F(go_to_apple)UF(yield_pear)
4056,"['reach_tree', 'stand_by_tree']",at any time reach tree or at any time stand by tree,F(reach_tree)|F(stand_by_tree)
4029,"['contact_flag', 'grasp_apple']",at any time contact flag or at some time grasp apple,F(contact_flag)|F(grasp_apple)
2500,"['have_possession_of_apple', 'collect_pear']",when possible have possession of apple or collect pear,F(have_possession_of_apple)|collect_pear
4364,"['gather_apple', 'get_close_flag']","when gather apple , whenever get close flag",gather_apple->F(get_close_flag)
3700,"['go_to_apple', 'make_way_for_tree']","if at some time go to apple , when possible make way for tree",F(go_to_apple)->F(make_way_for_tree)
1384,"['go_visit_house', 'walk_to_flag']","if when possible go visit house , when possible walk to flag",F(go_visit_house)->F(walk_to_flag)
4127,"['haul_pear', 'journey_to_house']",at some time haul pear and when possible journey to house,F(haul_pear)&F(journey_to_house)
1960,"['go_to_orange', 'pass_by_waste_receptacle']",go to orange or whenever pass by waste receptacle,go_to_orange|F(pass_by_waste_receptacle)
1730,"['reach_tree', 'pick_up_orange']",when possible reach tree or pick up orange,F(reach_tree)|pick_up_orange
1096,"['seize_pear', 'steal_apple']",at any time seize pear or when possible steal apple,F(seize_pear)|F(steal_apple)
2334,"['proceed_to_tree', 'go_by_tree']",at any time proceed to tree until at some time go by tree,F(proceed_to_tree)UF(go_by_tree)
2755,"['move_forward_trash_can', 'get_orange']",when possible move forward trash can and at any time get orange,F(move_forward_trash_can)&F(get_orange)
3449,"['stop_by_flag', 'drop_orange']",stop by flag or never drop orange,stop_by_flag|G(~(drop_orange))
2178,"['gather_pear', 'journey_to_tree']",when possible gather pear and when possible journey to tree,F(gather_pear)&F(journey_to_tree)
1552,"['move_forward_trash_can', 'go_to_apple']",at some time move forward trash can or at some time go to apple,F(move_forward_trash_can)|F(go_to_apple)
1765,"['secure_apple', 'go_by_waste_basket']",secure apple or when possible go by waste basket,secure_apple|F(go_by_waste_basket)
2424,"['visit_tree', 'seize_apple']",visit tree until seize apple,visit_treeUseize_apple
2609,"['visit_waste_basket', 'going_to_tree']",at some time visit waste basket or going to tree,F(visit_waste_basket)|going_to_tree
1077,"['present_at_flag', 'drop_apple']",whenever present at flag or never drop apple,F(present_at_flag)|G(~(drop_apple))
4265,"['go_near_pear', 'pass_by_house']",whenever go near pear and at any time pass by house,F(go_near_pear)&F(pass_by_house)
1257,"['touch_house', 'go_to_flag']",when possible touch house and whenever go to flag,F(touch_house)&F(go_to_flag)
2064,"['have_pear', 'get_near_flag']",when possible have pear or at any time get near flag,F(have_pear)|F(get_near_flag)
5277,"['let_go', 'go_to_tree']",never let go or whenever go to tree,G(~(let_go))|F(go_to_tree)
1368,"['withhold_apple', 'withhold_apple']",at some time withhold apple or at any time withhold apple,F(withhold_apple)|F(withhold_apple)
3305,"['approach_flag', 'obtain_orange']",when possible approach flag and whenever obtain orange,F(approach_flag)&F(obtain_orange)
1470,"['drop_apple', 'venture_towards_house']",never drop apple and venture towards house,G(~(drop_apple))&venture_towards_house
1227,"['go_by_waste_basket', 'reach_flag']",at some time go by waste basket and whenever reach flag,F(go_by_waste_basket)&F(reach_flag)
1168,"['have_apple', 'walk_to_flag']",forever have apple or at some time walk to flag,G(have_apple)|F(walk_to_flag)
1356,"['go_to_pear', 'advance_to_house']",repeatedly go to pear or at any time advance to house,G(F(go_to_pear))|F(advance_to_house)
4779,"['venture_to_trash_can', 'pick_up_orange']","when venture to trash can , pick up orange",venture_to_trash_can->pick_up_orange
1668,"['venture_towards_house', 'bring_pear']",venture towards house and at any time bring pear,venture_towards_house&F(bring_pear)
1882,"['go_by_tree', 'stand_by_tree']",whenever go by tree or when possible stand by tree,F(go_by_tree)|F(stand_by_tree)
1072,"['reach_flag', 'secure_apple']",whenever reach flag and secure apple,F(reach_flag)&secure_apple
5817,"['make_contact_with_house', 'capture_pear']",whenever make contact with house or at some time capture pear,F(make_contact_with_house)|F(capture_pear)
2104,"['withdraw_pear', 'hold_on_pear']",at some time withdraw pear or forever hold on pear,F(withdraw_pear)|G(hold_on_pear)
2075,"['hold_onto_orange', 'go_to_waste_basket']",forever hold onto orange or repeatedly go to waste basket,G(hold_onto_orange)|G(F(go_to_waste_basket))
4751,"['hold_pear', 'make_way_to_house']",hold pear or repeatedly make way to house,hold_pear|G(F(make_way_to_house))
1190,"['take_to_trashcan', 'got_to_house']",take to trashcan and at any time got to house,take_to_trashcan&F(got_to_house)
4715,"['go_to_peach', 'advance_to_house']",at some time go to peach and when possible advance to house,F(go_to_peach)&F(advance_to_house)
4550,"['walk', 'seize_apple']",walk or seize apple,walk|seize_apple
3627,"['get_hold_orange', 'procure_apple']",when possible get hold orange until procure apple,F(get_hold_orange)Uprocure_apple
2446,"['stand_by_tree', 'withold_apple']",at any time stand by tree and at any time withold apple,F(stand_by_tree)&F(withold_apple)
1297,"['go_by_waste_basket', 'go_by_waste_basket']",at any time go by waste basket or at some time go by waste basket,F(go_by_waste_basket)|F(go_by_waste_basket)
4371,"['venture_to_trash_can', 'acquire_orange']",venture to trash can or acquire orange,venture_to_trash_can|acquire_orange
2481,"['go_to_trash_receptacle', 'journey_to_flag']",at any time go to trash receptacle until whenever journey to flag,F(go_to_trash_receptacle)UF(journey_to_flag)
2804,"['tax_apple', 'seize_apple']",whenever tax apple or seize apple,F(tax_apple)|seize_apple
1451,"['withhold_apple', 'reach_flag']",at any time withhold apple or whenever reach flag,F(withhold_apple)|F(reach_flag)
3643,"['touch_house', 'have_possession_of_apple']",at any time touch house and whenever have possession of apple,F(touch_house)&F(have_possession_of_apple)
1678,"['obtain_orange', 'collect_pear']",whenever obtain orange or collect pear,F(obtain_orange)|collect_pear
4226,"['approach_tree', 'obtain_orange']","when approach tree , at some time obtain orange",approach_tree->F(obtain_orange)
2347,"['go_to_home', 'venture_to_flag']",whenever go to home or whenever venture to flag,F(go_to_home)|F(venture_to_flag)
2310,"['make_to_flag', 'snatch_up_pear']","when at some time make to flag , snatch up pear",F(make_to_flag)->snatch_up_pear
2333,"['have_pear', 'let_go_orange']",when possible have pear or don't let go orange,F(have_pear)|~(let_go_orange)
1011,"['secure_apple', 'bring_pear']",secure apple until at some time bring pear,secure_appleUF(bring_pear)
1832,"['go_by_waste_bin', 'go_by_waste_basket']",go by waste bin or whenever go by waste basket,go_by_waste_bin|F(go_by_waste_basket)
3863,"['scoop_up_apple', 'get_pear']",whenever scoop up apple or whenever get pear,F(scoop_up_apple)|F(get_pear)
2901,"['let_go_pear', 'acquire_apple']",don't let go pear or acquire apple,~(let_go_pear)|acquire_apple
3061,"['capture_orange', 'hold_apple']",capture orange until hold apple,capture_orangeUhold_apple
3979,"['journey_by_house', 'have_possession_of_apple']",at any time journey by house or whenever have possession of apple,F(journey_by_house)|F(have_possession_of_apple)
5054,"['walk_to_flag', 'drop_orange']",at some time walk to flag or drop orange,F(walk_to_flag)|drop_orange
1277,"['make_way_waste_basket', 'journey_by_flag']","if whenever make way waste basket , at some time journey by flag",F(make_way_waste_basket)->F(journey_by_flag)
5470,"['tax_apple', 'grasp_pear']",when possible tax apple or at some time grasp pear,F(tax_apple)|F(grasp_pear)
2064,"['move_forward_trash_can', 'pass_by_house']",at any time move forward trash can or at any time pass by house,F(move_forward_trash_can)|F(pass_by_house)
1638,"['withdraw_pear', 'let_go_pear']",when possible withdraw pear or do not let go pear,F(withdraw_pear)|~(let_go_pear)
1062,"['reach_flag', 'bring_pear']",at some time reach flag or whenever bring pear,F(reach_flag)|F(bring_pear)
2271,"['go_to_apple_trashcan', 'let_go_orange']",repeatedly go to apple trashcan or don't let go orange,G(F(go_to_apple_trashcan))|~(let_go_orange)
1447,"['move', 'get_close_tree']",forever move or at any time get close tree,G(move)|F(get_close_tree)
2919,"['grasp_pear', 'hold_apple']",at some time grasp pear and hold apple,F(grasp_pear)&hold_apple
1336,"['have_pear', 'travel_to_apple']",whenever have pear or travel to apple,F(have_pear)|travel_to_apple
3462,"['grasp_pear', 'drop_orange']",when possible grasp pear or never drop orange,F(grasp_pear)|G(~(drop_orange))
4626,"['take_to_trash_can', 'go_past_house']",take to trash can until at any time go past house,take_to_trash_canUF(go_past_house)
3247,"['hold_orange', 'be_at_flag']",hold orange and whenever be at flag,hold_orange&F(be_at_flag)
1968,"['go_by_waste_basket', 'go_by_waste_bin']",at any time go by waste basket or go by waste bin,F(go_by_waste_basket)|go_by_waste_bin
1618,"['have_in_orange', 'take_to_trashcan']",always have in orange means that take to trashcan,G(have_in_orange)->take_to_trashcan
1833,"['snag_orange', 'make_way_waste_basket']",at some time snag orange or at some time make way waste basket,F(snag_orange)|F(make_way_waste_basket)
2193,"['go_to_apple_trashcan', 'approach_trash_can']","if repeatedly go to apple trashcan , approach trash can",G(F(go_to_apple_trashcan))->approach_trash_can
5036,"['move_around', 'hold_apple']",forever move around and hold apple,G(move_around)&hold_apple
1966,"['snatch_up_pear', 'come_to_tree']",snatch up pear or come to tree,snatch_up_pear|come_to_tree
4801,"['move_towards_trash_can', 'start_going_to_tree']","if move towards trash can , at some time start going to tree",move_towards_trash_can->F(start_going_to_tree)
4945,"['take_orange', 'go_past_house']","when take orange , at some time go past house",take_orange->F(go_past_house)
4338,"['acquire_pear', 'go_to_trash_bin']",at some time acquire pear or at some time go to trash bin,F(acquire_pear)|F(go_to_trash_bin)
4514,"['haul_pear', 'move_to_flag']",at any time haul pear and when possible move to flag,F(haul_pear)&F(move_to_flag)
3509,"['go_by_house', 'gather_pear']",whenever go by house or whenever gather pear,F(go_by_house)|F(gather_pear)
1920,"['acquire_apple', 'let_go_orange']",acquire apple until never let go orange,acquire_appleUG(~(let_go_orange))
1735,"['go_by_waste_basket', 'present_at_flag']",whenever go by waste basket or at some time present at flag,F(go_by_waste_basket)|F(present_at_flag)
1484,"['venture_to_waste_basket', 'tax_apple']",at some time venture to waste basket can infer that whenever tax apple,F(venture_to_waste_basket)->F(tax_apple)
5956,"['make_way_for_tree', 'acquire_apple']",at any time make way for tree and acquire apple,F(make_way_for_tree)&acquire_apple
2038,"['track_towards_tree', 'travel_to_apple']",at any time track towards tree or travel to apple,F(track_towards_tree)|travel_to_apple
4144,"['pass_by_house', 'scoop_up_apple']",at some time pass by house until at some time scoop up apple,F(pass_by_house)UF(scoop_up_apple)
4141,"['procure_pear', 'be_at_flag']",whenever procure pear or at some time be at flag,F(procure_pear)|F(be_at_flag)
1025,"['secure_apple', 'venture_towards_house']",secure apple or venture towards house,secure_apple|venture_towards_house
1763,"['bring_pear', 'venture_towards_house']",whenever bring pear or venture towards house,F(bring_pear)|venture_towards_house
1657,"['grab_flag', 'move_to_trashcan']",at any time grab flag and move to trashcan,F(grab_flag)&move_to_trashcan
2928,"['proceed_to_house', 'venture_house']","when at any time proceed to house , at some time venture house",F(proceed_to_house)->F(venture_house)
2438,"['come_to_tree', 'venture_flag']",come to tree or at any time venture flag,come_to_tree|F(venture_flag)
2741,"['venture_to_trash_can', 'secure_pear']",venture to trash can and whenever secure pear,venture_to_trash_can&F(secure_pear)
1156,"['set_out_to_house', 'touch_tree']",at any time set out to house and at some time touch tree,F(set_out_to_house)&F(touch_tree)
1243,"['hold_onto_orange', 'reach_tree']",always hold onto orange or at any time reach tree,G(hold_onto_orange)|F(reach_tree)
3215,"['make_way_to_house', 'go_near_pear']",repeatedly make way to house and at some time go near pear,G(F(make_way_to_house))&F(go_near_pear)
2333,"['capture_pear', 'stop_by_flag']",at any time capture pear and stop by flag,F(capture_pear)&stop_by_flag
3288,"['approach_flag', 'capture_orange']",whenever approach flag and capture orange,F(approach_flag)&capture_orange
2548,"['let_go_apple', 'go_to_trash_receptacle']",at any time let go apple or at any time go to trash receptacle,F(let_go_apple)|F(go_to_trash_receptacle)
2050,"['be_at_flag', 'hold_on_to_pear']",when possible be at flag or hold on to pear,F(be_at_flag)|hold_on_to_pear
2035,"['stop_by_house', 'make_way_waste_basket']",whenever stop by house or when possible make way waste basket,F(stop_by_house)|F(make_way_waste_basket)
1846,"['withhold_apple', 'withhold_apple']",at some time withhold apple or when possible withhold apple,F(withhold_apple)|F(withhold_apple)
5669,"['drop_orange', 'have_possession_of_apple']",never drop orange and when possible have possession of apple,G(~(drop_orange))&F(have_possession_of_apple)
1216,"['get_apple', 'grab_pear']",when possible get apple or at any time grab pear,F(get_apple)|F(grab_pear)
3697,"['secure_pear', 'visit_tree']",at any time secure pear until visit tree,F(secure_pear)Uvisit_tree
2345,"['snatch_up_pear', 'get_near_flag']",snatch up pear and when possible get near flag,snatch_up_pear&F(get_near_flag)
1759,"['moving', 'let_go_orange']",forever moving until do not let go orange,G(moving)U~(let_go_orange)
4079,"['grasp_pear', 'withold_apple']",at some time grasp pear and when possible withold apple,F(grasp_pear)&F(withold_apple)
2372,"['go_to_bucket', 'let_go_apple']",go to bucket or when possible let go apple,go_to_bucket|F(let_go_apple)
4568,"['acquire_orange', 'let_go_apple']",acquire orange and at some time let go apple,acquire_orange&F(let_go_apple)
2205,"['get_hold_of_orange', 'tax_apple']",at any time get hold of orange or when possible tax apple,F(get_hold_of_orange)|F(tax_apple)
1462,"['reach_flag', 'venture_to_house']",when possible reach flag means that at any time venture to house,F(reach_flag)->F(venture_to_house)
4808,"['visit_house', 'grasp_pear']",at any time visit house and at some time grasp pear,F(visit_house)&F(grasp_pear)
4340,"['grasp_apple', 'set_out_to_house']",when possible grasp apple and when possible set out to house,F(grasp_apple)&F(set_out_to_house)
4923,"['stop_by_flag', 'get_hold_apple']",stop by flag or whenever get hold apple,stop_by_flag|F(get_hold_apple)
1587,"['snag_orange', 'migrate_to_tree']","when at any time snag orange , when possible migrate to tree",F(snag_orange)->F(migrate_to_tree)
2853,"['get_pear', 'gather_apple']",whenever get pear and gather apple,F(get_pear)&gather_apple
1462,"['advance_to_tree', 'get_to_flag']",advance to tree or at any time get to flag,advance_to_tree|F(get_to_flag)
3276,"['go_to_orange', 'pick_up_peach']",go to orange or when possible pick up peach,go_to_orange|F(pick_up_peach)
5283,"['move', 'move_to_house']",forever move and move to house,G(move)&move_to_house
1756,"['venture_towards_house', 'venture_towards_house']",venture towards house and venture towards house,venture_towards_house&venture_towards_house
2398,"['pick_up_apple', 'drop_orange']",at some time pick up apple or never drop orange,F(pick_up_apple)|G(~(drop_orange))
1593,"['present_at_flag', 'go_by_waste_bin']",whenever present at flag or go by waste bin,F(present_at_flag)|go_by_waste_bin
2112,"['journey_by_flag', 'journey_by_flag']",at any time journey by flag or when possible journey by flag,F(journey_by_flag)|F(journey_by_flag)
1285,"['go_by_waste_basket', 'go_by_waste_bin']",at any time go by waste basket or go by waste bin,F(go_by_waste_basket)|go_by_waste_bin
2552,"['drop_orange', 'get_hold_orange']",drop orange and when possible get hold orange,drop_orange&F(get_hold_orange)
1734,"['arrive_at_tree', 'make_way_for_tree']",at any time arrive at tree until at some time make way for tree,F(arrive_at_tree)UF(make_way_for_tree)
5740,"['go_near_flag', 'be_at_flag']",whenever go near flag and at some time be at flag,F(go_near_flag)&F(be_at_flag)
1037,"['withhold_apple', 'bring_pear']",whenever withhold apple or at some time bring pear,F(withhold_apple)|F(bring_pear)
5160,"['go_to_apple', 'grab_pear']",at any time go to apple or at some time grab pear,F(go_to_apple)|F(grab_pear)
1551,"['collect_pear', 'contact_house']",collect pear or at any time contact house,collect_pear|F(contact_house)
5948,"['going_to_tree', 'take_orange']",going to tree or take orange,going_to_tree|take_orange
2170,"['drop_orange', 'stand_by_tree']",never drop orange until when possible stand by tree,G(~(drop_orange))UF(stand_by_tree)
1238,"['pick_up_pear', 'stop_by_trash_can']",pick up pear and when possible stop by trash can,pick_up_pear&F(stop_by_trash_can)
2142,"['journey_by_flag', 'migrate_to_tree']",at any time journey by flag until at any time migrate to tree,F(journey_by_flag)UF(migrate_to_tree)
1286,"['present_at_flag', 'venture_to_house']",at some time present at flag means that whenever venture to house,F(present_at_flag)->F(venture_to_house)
1439,"['grab_pear', 'touch_tree']",when possible grab pear and at any time touch tree,F(grab_pear)&F(touch_tree)
3818,"['take_pear', 'drop_apple']",take pear until never drop apple,take_pearUG(~(drop_apple))
2059,"['get_hold_of_pear', 'obtain_pear']",get hold of pear and at some time obtain pear,get_hold_of_pear&F(obtain_pear)
3244,"['move_to_trash_can', 'grab_orange']",move to trash can and whenever grab orange,move_to_trash_can&F(grab_orange)
3937,"['proceed_to_flag', 'approach_flag']",whenever proceed to flag or whenever approach flag,F(proceed_to_flag)|F(approach_flag)
2229,"['let_go_orange', 'take_to_trashcan']",do not let go orange and take to trashcan,~(let_go_orange)&take_to_trashcan
1169,"['travel_to_house', 'stop_by_flag']",at any time travel to house or stop by flag,F(travel_to_house)|stop_by_flag
5836,"['take_pear', 'steal_apple']",take pear and at some time steal apple,take_pear&F(steal_apple)
1925,"['grip_apple', 'stop_by_house']",grip apple and at some time stop by house,grip_apple&F(stop_by_house)
1418,"['bring_pear', 'bring_pear']",at some time bring pear means that at some time bring pear,F(bring_pear)->F(bring_pear)
1385,"['pick_up_anything', 'start_going_to_tree']",don't pick up anything or at any time start going to tree,~(F(pick_up_anything))|F(start_going_to_tree)
2838,"['journey_to_tree', 'take_to_tree']",at any time journey to tree or take to tree,F(journey_to_tree)|take_to_tree
5872,"['hold_onto_orange', 'get_close_tree']",always hold onto orange until when possible get close tree,G(hold_onto_orange)UF(get_close_tree)
1974,"['go_to_home', 'proceed_to_tree']",whenever go to home and whenever proceed to tree,F(go_to_home)&F(proceed_to_tree)
1917,"['move_near_tree', 'travel_to_apple']",whenever move near tree and travel to apple,F(move_near_tree)&travel_to_apple
4137,"['capture_orange', 'take_pear']",capture orange or take pear,capture_orange|take_pear
3529,"['visit_tree', 'withold_apple']",visit tree or at any time withold apple,visit_tree|F(withold_apple)
3954,"['pick_up_anything', 'withold_apple']",don't pick up anything or when possible withold apple,~(F(pick_up_anything))|F(withold_apple)
1158,"['venture_to_house', 'venture_to_house']",when possible venture to house or when possible venture to house,F(venture_to_house)|F(venture_to_house)
3764,"['stand_by_tree', 'hold_on_to_pear']",at some time stand by tree or hold on to pear,F(stand_by_tree)|hold_on_to_pear
5957,"['pick_up_peach', 'be_near_tree']",at any time pick up peach and at any time be near tree,F(pick_up_peach)&F(be_near_tree)
1053,"['reach_house', 'go_to_apple_trashcan']",reach house until repeatedly go to apple trashcan,reach_houseUG(F(go_to_apple_trashcan))
3134,"['pick_up_apple', 'put_in_bucket']",at any time pick up apple or put in bucket,F(pick_up_apple)|put_in_bucket
1269,"['bring_pear', 'withhold_apple']",whenever bring pear or at some time withhold apple,F(bring_pear)|F(withhold_apple)
2935,"['go_by_house', 'visit_flag']",when possible go by house and at any time visit flag,F(go_by_house)&F(visit_flag)
2481,"['moving', 'let_go_pear']",forever moving until do not let go pear,G(moving)U~(let_go_pear)
1657,"['withhold_apple', 'venture_to_house']",at some time withhold apple and at any time venture to house,F(withhold_apple)&F(venture_to_house)
1653,"['let_go_orange', 'migrate_to_tree']",don't let go orange or at any time migrate to tree,~(let_go_orange)|F(migrate_to_tree)
1971,"['drop_apple', 'secure_apple']",never drop apple or secure apple,G(~(drop_apple))|secure_apple
4041,"['come_home', 'pick_up_peach']",at some time come home or at any time pick up peach,F(come_home)|F(pick_up_peach)
2301,"['grasp_orange', 'move_past_trash_can']","if grasp orange , whenever move past trash can",grasp_orange->F(move_past_trash_can)
1497,"['venture_flag', 'keep_apple']",at some time venture flag and keep apple,F(venture_flag)&keep_apple
2938,"['go_past_house', 'reach_trash_can']",whenever go past house until reach trash can,F(go_past_house)Ureach_trash_can
2367,"['get_apple', 'go_near_pear']",at any time get apple and at any time go near pear,F(get_apple)&F(go_near_pear)
1550,"['hold_apple', 'journey_to_flag']","if hold apple , when possible journey to flag",hold_apple->F(journey_to_flag)
1005,"['secure_apple', 'secure_apple']",secure apple and secure apple,secure_apple&secure_apple
1662,"['hold_on_pear', 'got_to_house']",always hold on pear or whenever got to house,G(hold_on_pear)|F(got_to_house)
2251,"['go_to_transh_can', 'withdraw_pear']",whenever go to transh can or at any time withdraw pear,F(go_to_transh_can)|F(withdraw_pear)
5770,"['let_go_pear', 'shift_to_flag']",do not let go pear until whenever shift to flag,~(let_go_pear)UF(shift_to_flag)
3394,"['make_contact_with_house', 'hold_on_to_pear']",whenever make contact with house or hold on to pear,F(make_contact_with_house)|hold_on_to_pear
1621,"['reach_flag', 'present_at_flag']",at any time reach flag and when possible present at flag,F(reach_flag)&F(present_at_flag)
1851,"['come_home', 'show_yourself_near_house']",whenever come home and when possible show yourself near house,F(come_home)&F(show_yourself_near_house)
1600,"['getting_pear', 'obtain_apple']","when whenever getting pear , at any time obtain apple",F(getting_pear)->F(obtain_apple)
2348,"['approach_trash_can', 'get_near_flag']",approach trash can or when possible get near flag,approach_trash_can|F(get_near_flag)
2249,"['journey_to_flag', 'acquire_apple']",whenever journey to flag and acquire apple,F(journey_to_flag)&acquire_apple
4672,"['hold_on_to_pear', 'approach_house']",hold on to pear until when possible approach house,hold_on_to_pearUF(approach_house)
1131,"['drop_pear', 'go_to_transh_can']",drop pear or whenever go to transh can,drop_pear|F(go_to_transh_can)
1040,"['obtain_pear', 'take_pear']",whenever obtain pear and take pear,F(obtain_pear)&take_pear
1099,"['drop_pear', 'get_near_flag']",drop pear or at some time get near flag,drop_pear|F(get_near_flag)
1582,"['bring_pear', 'bring_pear']",at any time bring pear until whenever bring pear,F(bring_pear)UF(bring_pear)
1754,"['make_contact_flag', 'come_home']",whenever make contact flag or at any time come home,F(make_contact_flag)|F(come_home)
1895,"['obtain_pear', 'grasp_orange']",when possible obtain pear or grasp orange,F(obtain_pear)|grasp_orange
3113,"['travel_to_house', 'get_hold_apple']",whenever travel to house and when possible get hold apple,F(travel_to_house)&F(get_hold_apple)
1774,"['drop_apple', 'bring_pear']",never drop apple or at some time bring pear,G(~(drop_apple))|F(bring_pear)
4782,"['acquire_pear', 'go_visit_flag']",at some time acquire pear and go visit flag,F(acquire_pear)&go_visit_flag
4276,"['journey_to_tree', 'gather_pear']","when at some time journey to tree , whenever gather pear",F(journey_to_tree)->F(gather_pear)
5757,"['travel_to_tree', 'venture_to_flag']",travel to tree or at some time venture to flag,travel_to_tree|F(venture_to_flag)
1230,"['venture_towards_house', 'bring_pear']",venture towards house or when possible bring pear,venture_towards_house|F(bring_pear)
5855,"['get_hold_of_pear', 'get_orange']",get hold of pear or when possible get orange,get_hold_of_pear|F(get_orange)
2432,"['start_going_to_house', 'get_near_flag']",at some time start going to house or at any time get near flag,F(start_going_to_house)|F(get_near_flag)
2945,"['move_to_house', 'grasp_pear']",move to house and at any time grasp pear,move_to_house&F(grasp_pear)
1128,"['reach_flag', 'present_at_flag']",at some time reach flag and at any time present at flag,F(reach_flag)&F(present_at_flag)
3143,"['get_hold_of_orange', 'start_going_to_tree']",when possible get hold of orange or whenever start going to tree,F(get_hold_of_orange)|F(start_going_to_tree)
2309,"['go_to_apple_trashcan', 'grip_apple']","if repeatedly go to apple trashcan , grip apple",G(F(go_to_apple_trashcan))->grip_apple
1991,"['clutch_orange', 'grab_hold_pear']",when possible clutch orange until grab hold pear,F(clutch_orange)Ugrab_hold_pear
3269,"['go_to_orange', 'approach_tree']",go to orange or approach tree,go_to_orange|approach_tree
1956,"['go_to_orange_bin', 'grip_apple']",go to orange bin and grip apple,go_to_orange_bin&grip_apple
4682,"['stop_by_flag', 'grasp_orange']",stop by flag can infer that grasp orange,stop_by_flag->grasp_orange
1494,"['have_in_orange', 'get_to_flag']",forever have in orange or whenever get to flag,G(have_in_orange)|F(get_to_flag)
2915,"['pick_up_peach', 'capture_pear']",whenever pick up peach or at some time capture pear,F(pick_up_peach)|F(capture_pear)
1404,"['go_to_apple_trashcan', 'grab_flag']",repeatedly go to apple trashcan or whenever grab flag,G(F(go_to_apple_trashcan))|F(grab_flag)
4103,"['hold_pear', 'get_apple']",hold pear until when possible get apple,hold_pearUF(get_apple)
5399,"['let_go_orange', 'hold_pear']",never let go orange and hold pear,G(~(let_go_orange))&hold_pear
5175,"['go_home', 'going_to_tree']",at some time go home or going to tree,F(go_home)|going_to_tree
1047,"['come_to_tree', 'visit_trash_bin']",come to tree until at any time visit trash bin,come_to_treeUF(visit_trash_bin)
4444,"['walk_to_flag', 'drop_orange']",when possible walk to flag and never drop orange,F(walk_to_flag)&G(~(drop_orange))
3459,"['go_home', 'put_in_bin']",when possible go home or put in bin,F(go_home)|put_in_bin
2111,"['go_to_flag', 'seize_pear']",whenever go to flag or at some time seize pear,F(go_to_flag)|F(seize_pear)
5386,"['go_past_house', 'reach_tree']",at some time go past house until at some time reach tree,F(go_past_house)UF(reach_tree)
2172,"['stop_by_house', 'make_way_waste_basket']",when possible stop by house and when possible make way waste basket,F(stop_by_house)&F(make_way_waste_basket)
1264,"['walk', 'be_at_flag']",walk and at some time be at flag,walk&F(be_at_flag)
2516,"['take_to_tree', 'go_to_flag']",take to tree or at any time go to flag,take_to_tree|F(go_to_flag)
5108,"['scoop_up_apple', 'snatch_pear']",when possible scoop up apple and at any time snatch pear,F(scoop_up_apple)&F(snatch_pear)
3856,"['go_to_home', 'pass_by_trash_bin']",whenever go to home until when possible pass by trash bin,F(go_to_home)UF(pass_by_trash_bin)
4840,"['procure_orange', 'go_to_apple']",at any time procure orange or at any time go to apple,F(procure_orange)|F(go_to_apple)
1157,"['approach_tree', 'capture_pear']",approach tree and at any time capture pear,approach_tree&F(capture_pear)
3054,"['let_go_orange', 'obtain_pear']",never let go orange or at some time obtain pear,G(~(let_go_orange))|F(obtain_pear)
1140,"['bring_pear', 'present_at_flag']",at any time bring pear or when possible present at flag,F(bring_pear)|F(present_at_flag)
2014,"['scoop_up_pear', 'proceed_to_house']",whenever scoop up pear or when possible proceed to house,F(scoop_up_pear)|F(proceed_to_house)
1268,"['go_by_waste_bin', 'reach_flag']",go by waste bin or whenever reach flag,go_by_waste_bin|F(reach_flag)
5605,"['go_by_house', 'stop_by_flag']",at some time go by house and stop by flag,F(go_by_house)&stop_by_flag
2900,"['acquire_apple', 'visit_flag']",acquire apple or whenever visit flag,acquire_apple|F(visit_flag)
1345,"['advance_to_tree', 'take_to_trashcan']",advance to tree or take to trashcan,advance_to_tree|take_to_trashcan
3366,"['pick_up_apple', 'venture_to_flag']","when whenever pick up apple , at some time venture to flag",F(pick_up_apple)->F(venture_to_flag)
4755,"['scoop_up_apple', 'visit_house']",when possible scoop up apple and at some time visit house,F(scoop_up_apple)&F(visit_house)
5758,"['let_go_orange', 'travel_to_house']",never let go orange and when possible travel to house,G(~(let_go_orange))&F(travel_to_house)
1123,"['come_home', 'secure_pear']",at any time come home and at any time secure pear,F(come_home)&F(secure_pear)
2114,"['contact_flag', 'go_by_flag']",when possible contact flag or when possible go by flag,F(contact_flag)|F(go_by_flag)
1918,"['stop_by_house', 'travel_to_apple']",at any time stop by house until travel to apple,F(stop_by_house)Utravel_to_apple
2072,"['contact_flag', 'go_near_pear']",when possible contact flag or at some time go near pear,F(contact_flag)|F(go_near_pear)
3416,"['get_apple', 'approach_house']",at any time get apple or at some time approach house,F(get_apple)|F(approach_house)
4547,"['take_pear', 'reach_trash_can']",take pear or reach trash can,take_pear|reach_trash_can
1410,"['drop_orange', 'get_orange']",drop orange until at any time get orange,drop_orangeUF(get_orange)
1130,"['venture_towards_house', 'drop_apple']",venture towards house and never drop apple,venture_towards_house&G(~(drop_apple))
1634,"['drop_apple', 'reach_flag']",never drop apple or at any time reach flag,G(~(drop_apple))|F(reach_flag)
2913,"['let_go_apple', 'drop_orange']",at some time let go apple or drop orange,F(let_go_apple)|drop_orange
3631,"['let_go_apple', 'move_to_flag']","when whenever let go apple , at any time move to flag",F(let_go_apple)->F(move_to_flag)
3400,"['scoop_up_apple', 'hold_on_to_pear']",at some time scoop up apple until hold on to pear,F(scoop_up_apple)Uhold_on_to_pear
4919,"['gather_apple', 'go_home']",gather apple or when possible go home,gather_apple|F(go_home)
3530,"['go_to_pear', 'move_towards_trash_can']",repeatedly go to pear until move towards trash can,G(F(go_to_pear))Umove_towards_trash_can
2154,"['go_to_trash_can', 'get_hold_orange']",when possible go to trash can or whenever get hold orange,F(go_to_trash_can)|F(get_hold_orange)
1513,"['move_near_tree', 'stop_by_house']",when possible move near tree and when possible stop by house,F(move_near_tree)&F(stop_by_house)
5480,"['gather_apple', 'withold_apple']","when gather apple , at any time withold apple",gather_apple->F(withold_apple)
1002,"['venture_towards_house', 'secure_apple']",venture towards house or secure apple,venture_towards_house|secure_apple
1753,"['move_near_tree', 'drop_pear']",when possible move near tree and drop pear,F(move_near_tree)&drop_pear
1594,"['go_by_waste_bin', 'withhold_apple']",go by waste bin or whenever withhold apple,go_by_waste_bin|F(withhold_apple)
5764,"['start_going_to_tree', 'go_past_flag']",whenever start going to tree or when possible go past flag,F(start_going_to_tree)|F(go_past_flag)
1018,"['travel_to_waste_bin', 'hold_apple']",travel to waste bin or hold apple,travel_to_waste_bin|hold_apple
2232,"['stay', 'clutch_orange']","when forever stay , at some time clutch orange",G(stay)->F(clutch_orange)
1156,"['migrate_to_tree', 'drop_pear']",at some time migrate to tree or drop pear,F(migrate_to_tree)|drop_pear
2390,"['grab_flag', 'go_to_transh_can']",whenever grab flag and when possible go to transh can,F(grab_flag)&F(go_to_transh_can)
1821,"['migrate_to_tree', 'hold_on_pear']",at any time migrate to tree and forever hold on pear,F(migrate_to_tree)&G(hold_on_pear)
4387,"['travel_to_trash_can', 'go_visit_house']",when possible travel to trash can and at some time go visit house,F(travel_to_trash_can)&F(go_visit_house)
4318,"['drop_by', 'visit_flag']",drop by until whenever visit flag,drop_byUF(visit_flag)
3287,"['drop_apple', 'let_go_apple']",never drop apple and never let go apple,G(~(drop_apple))&G(~(let_go_apple))
1467,"['go_by_waste_basket', 'present_at_flag']",at some time go by waste basket and at any time present at flag,F(go_by_waste_basket)&F(present_at_flag)
2194,"['make_way_waste_basket', 'venture_flag']",when possible make way waste basket or at some time venture flag,F(make_way_waste_basket)|F(venture_flag)
4311,"['go_by_trash_can', 'drop_orange']",forever go by trash can and never drop orange,G(go_by_trash_can)&G(~(drop_orange))
1947,"['withhold_apple', 'withhold_apple']",at any time withhold apple or when possible withhold apple,F(withhold_apple)|F(withhold_apple)
5261,"['procure_apple', 'get_hold_apple']",procure apple can infer that at any time get hold apple,procure_apple->F(get_hold_apple)
3659,"['gather_orange', 'get_to_cup']",gather orange or at some time get to cup,gather_orange|F(get_to_cup)
5693,"['go_to_trash_bin', 'go_by_flag']",whenever go to trash bin and at some time go by flag,F(go_to_trash_bin)&F(go_by_flag)
1567,"['tax_apple', 'collect_orange']",whenever tax apple until whenever collect orange,F(tax_apple)UF(collect_orange)
1525,"['pass_by_trash_bin', 'go_to_pear']",whenever pass by trash bin and repeatedly go to pear,F(pass_by_trash_bin)&G(F(go_to_pear))
2270,"['arrive_at_tree', 'go_to_apple']",at any time arrive at tree until at any time go to apple,F(arrive_at_tree)UF(go_to_apple)
2416,"['move_near_tree', 'go_to_apple_trashcan']",at some time move near tree and repeatedly go to apple trashcan,F(move_near_tree)&G(F(go_to_apple_trashcan))
1234,"['drop_apple', 'drop_apple']",never drop apple or never drop apple,G(~(drop_apple))|G(~(drop_apple))
1942,"['venture_towards_house', 'venture_towards_house']",venture towards house or venture towards house,venture_towards_house|venture_towards_house
2536,"['secure_pear', 'travel_to_house']",whenever secure pear and whenever travel to house,F(secure_pear)&F(travel_to_house)
4570,"['let_go_apple', 'move_forward_trash_can']",never let go apple or when possible move forward trash can,G(~(let_go_apple))|F(move_forward_trash_can)
3256,"['pick_up_anything', 'pick_up_flag']",don't pick up anything or pick up flag,~(F(pick_up_anything))|pick_up_flag
2387,"['make_way_for_tree', 'touch_flag']",at any time make way for tree or always touch flag,F(make_way_for_tree)|G(touch_flag)
1194,"['go_to_trash_can', 'seize_pear']",whenever go to trash can and when possible seize pear,F(go_to_trash_can)&F(seize_pear)
2348,"['hold_on_to_pear', 'reach_tree']",hold on to pear or whenever reach tree,hold_on_to_pear|F(reach_tree)
5908,"['pass_by_house', 'visit_house']",when possible pass by house or when possible visit house,F(pass_by_house)|F(visit_house)
2209,"['make_way_waste_basket', 'track_towards_tree']",at any time make way waste basket and whenever track towards tree,F(make_way_waste_basket)&F(track_towards_tree)
1623,"['have_pear', 'take_to_trashcan']",when possible have pear or take to trashcan,F(have_pear)|take_to_trashcan
2181,"['venture_flag', 'travel_to_apple']",at some time venture flag means that travel to apple,F(venture_flag)->travel_to_apple
2478,"['seize_orange', 'obtain_orange']",when possible seize orange and when possible obtain orange,F(seize_orange)&F(obtain_orange)
1035,"['reach_flag', 'venture_towards_house']",when possible reach flag and venture towards house,F(reach_flag)&venture_towards_house
1925,"['secure_apple', 'withhold_apple']",secure apple or whenever withhold apple,secure_apple|F(withhold_apple)
1003,"['drop_by', 'go_to_flag']",drop by or whenever go to flag,drop_by|F(go_to_flag)
5328,"['be_at_flag', 'go_by_tree']",whenever be at flag or at any time go by tree,F(be_at_flag)|F(go_by_tree)
4147,"['take_to_trash_can', 'acquire_apple']","if take to trash can , acquire apple",take_to_trash_can->acquire_apple
2995,"['put_in_bin', 'come_home']",put in bin or at some time come home,put_in_bin|F(come_home)
2693,"['make_way_to_house', 'make_contact_with_house']",repeatedly make way to house and at some time make contact with house,G(F(make_way_to_house))&F(make_contact_with_house)
1803,"['venture_towards_house', 'drop_apple']",venture towards house until never drop apple,venture_towards_houseUG(~(drop_apple))
3635,"['drop_orange', 'visit_waste_basket']",never drop orange and when possible visit waste basket,G(~(drop_orange))&F(visit_waste_basket)
2791,"['pick_up_flag', 'have_apple']","when pick up flag , forever have apple",pick_up_flag->G(have_apple)
1184,"['let_go_pear', 'get_to_flag']",do not let go pear until whenever get to flag,~(let_go_pear)UF(get_to_flag)
1882,"['bring_pear', 'drop_apple']",at some time bring pear and never drop apple,F(bring_pear)&G(~(drop_apple))
3056,"['drop_apple', 'touch_flag']",never drop apple until forever touch flag,G(~(drop_apple))UG(touch_flag)
2490,"['move_to_trashcan', 'snag_orange']",move to trashcan or at some time snag orange,move_to_trashcan|F(snag_orange)
5376,"['go_visit_house', 'go_to_apple']",at some time go visit house and when possible go to apple,F(go_visit_house)&F(go_to_apple)
1654,"['venture_to_house', 'go_by_waste_bin']",at any time venture to house and go by waste bin,F(venture_to_house)&go_by_waste_bin
1606,"['present_at_flag', 'go_by_waste_bin']",at some time present at flag or go by waste bin,F(present_at_flag)|go_by_waste_bin
3915,"['get_hold_of_pear', 'get_apple']",get hold of pear and whenever get apple,get_hold_of_pear&F(get_apple)
1736,"['secure_apple', 'withhold_apple']",secure apple and at any time withhold apple,secure_apple&F(withhold_apple)
5281,"['journey_to_flag', 'let_go_apple']",at some time journey to flag and never let go apple,F(journey_to_flag)&G(~(let_go_apple))
2751,"['procure_apple', 'hold_pear']",procure apple and hold pear,procure_apple&hold_pear
5712,"['let_go_orange', 'get_close_flag']",never let go orange and when possible get close flag,G(~(let_go_orange))&F(get_close_flag)
4914,"['get_hold_of_orange', 'have_apple']",at some time get hold of orange or forever have apple,F(get_hold_of_orange)|G(have_apple)
1640,"['go_to_trash_bin', 'walk_to_flag']",when possible go to trash bin or at some time walk to flag,F(go_to_trash_bin)|F(walk_to_flag)
5796,"['touch_house', 'go_visit_flag']",whenever touch house means that go visit flag,F(touch_house)->go_visit_flag
3820,"['obtain_orange', 'snatch_pear']",whenever obtain orange or at some time snatch pear,F(obtain_orange)|F(snatch_pear)
1063,"['let_go_apple', 'take_to_tree']",never let go apple or take to tree,G(~(let_go_apple))|take_to_tree
3460,"['let_go_pear', 'go_past_flag']",do not let go pear or at some time go past flag,~(let_go_pear)|F(go_past_flag)
2909,"['scoop_up_apple', 'go_by_trash_can']",whenever scoop up apple or forever go by trash can,F(scoop_up_apple)|G(go_by_trash_can)
3505,"['pass_by_house', 'go_near_flag']",at any time pass by house or when possible go near flag,F(pass_by_house)|F(go_near_flag)
1526,"['make_to_flag', 'clutch_orange']",at any time make to flag until when possible clutch orange,F(make_to_flag)UF(clutch_orange)
1346,"['let_go_orange', 'pick_up_anything']",never let go orange or don't pick up anything,G(~(let_go_orange))|~(F(pick_up_anything))
3717,"['get_close_flag', 'hold_apple']",at any time get close flag or hold apple,F(get_close_flag)|hold_apple
1916,"['withhold_apple', 'venture_to_house']",when possible withhold apple or at any time venture to house,F(withhold_apple)|F(venture_to_house)
1954,"['snag_orange', 'travel_to_apple']",at some time snag orange and travel to apple,F(snag_orange)&travel_to_apple
5628,"['travel_to_flag', 'grasp_pear']",when possible travel to flag or at any time grasp pear,F(travel_to_flag)|F(grasp_pear)
3914,"['drop_orange', 'going_to_flag']",never drop orange and whenever going to flag,G(~(drop_orange))&F(going_to_flag)
1257,"['withhold_apple', 'venture_towards_house']",whenever withhold apple or venture towards house,F(withhold_apple)|venture_towards_house
1884,"['got_to_house', 'got_to_house']",when possible got to house until at any time got to house,F(got_to_house)UF(got_to_house)
3324,"['touch_house', 'shift_to_flag']",at any time touch house or at some time shift to flag,F(touch_house)|F(shift_to_flag)
1121,"['reach_flag', 'present_at_flag']",at any time reach flag or at some time present at flag,F(reach_flag)|F(present_at_flag)
4718,"['move_to_house', 'get_close_tree']",move to house or at some time get close tree,move_to_house|F(get_close_tree)
2327,"['go_to_apple', 'grasp_apple']",whenever go to apple and when possible grasp apple,F(go_to_apple)&F(grasp_apple)
3886,"['drop_orange', 'secure_pear']",drop orange or whenever secure pear,drop_orange|F(secure_pear)
2577,"['get_hold_of_orange', 'withold_apple']",whenever get hold of orange or whenever withold apple,F(get_hold_of_orange)|F(withold_apple)
1626,"['journey_to_flag', 'gather_orange']",whenever journey to flag and gather orange,F(journey_to_flag)&gather_orange
1329,"['keep_apple', 'move_to_trashcan']",keep apple and move to trashcan,keep_apple&move_to_trashcan
2680,"['grasp_pear', 'procure_apple']",whenever grasp pear and procure apple,F(grasp_pear)&procure_apple
2842,"['move_forward_trash_can', 'let_go_orange']",at any time move forward trash can and never let go orange,F(move_forward_trash_can)&G(~(let_go_orange))
4687,"['venture_house', 'venture_to_flag']",when possible venture house and at some time venture to flag,F(venture_house)&F(venture_to_flag)
5828,"['travel_to_trash_can', 'go_near_flag']",when possible travel to trash can or at some time go near flag,F(travel_to_trash_can)|F(go_near_flag)
1272,"['snag_orange', 'got_to_house']",whenever snag orange until when possible got to house,F(snag_orange)UF(got_to_house)
3405,"['drop_apple', 'let_go_orange']",never drop apple until never let go orange,G(~(drop_apple))UG(~(let_go_orange))
2652,"['reach_trash_can', 'be_at_house']",reach trash can or whenever be at house,reach_trash_can|F(be_at_house)
1004,"['procure_pear', 'stop_by_flag']",at some time procure pear or stop by flag,F(procure_pear)|stop_by_flag
1460,"['proceed_to_flag', 'walk_to_flag']",at some time proceed to flag and at any time walk to flag,F(proceed_to_flag)&F(walk_to_flag)
4733,"['get_hold_apple', 'go_past_flag']",when possible get hold apple or when possible go past flag,F(get_hold_apple)|F(go_past_flag)
1749,"['snatch_up_pear', 'get_to_tree']",snatch up pear or get to tree,snatch_up_pear|get_to_tree
4516,"['go_near_flag', 'go_visit_house']",at any time go near flag or when possible go visit house,F(go_near_flag)|F(go_visit_house)
2272,"['scoop_up_pear', 'pick_up_orange']",when possible scoop up pear or pick up orange,F(scoop_up_pear)|pick_up_orange
1453,"['secure_apple', 'drop_apple']",secure apple or never drop apple,secure_apple|G(~(drop_apple))
5839,"['proceed_to_tree', 'venture_to_flag']",whenever proceed to tree can infer that when possible venture to flag,F(proceed_to_tree)->F(venture_to_flag)
5432,"['shift_to_flag', 'move_forward_trash_can']","if at some time shift to flag , whenever move forward trash can",F(shift_to_flag)->F(move_forward_trash_can)
3158,"['seize_orange', 'go_to_bucket']",at any time seize orange or go to bucket,F(seize_orange)|go_to_bucket
4883,"['go_to_pear', 'collect_apple']","when repeatedly go to pear , at any time collect apple",G(F(go_to_pear))->F(collect_apple)
3857,"['pick_up_apple', 'drop_pear']","if at some time pick up apple , never drop pear",F(pick_up_apple)->G(~(drop_pear))
1467,"['get_to_flag', 'withdraw_pear']",at any time get to flag or whenever withdraw pear,F(get_to_flag)|F(withdraw_pear)
2427,"['go_to_home', 'grasp_orange']",at any time go to home or grasp orange,F(go_to_home)|grasp_orange
1427,"['migrate_to_tree', 'grab_hold_pear']",when possible migrate to tree or grab hold pear,F(migrate_to_tree)|grab_hold_pear
1180,"['make_way_waste_basket', 'have_pear']",whenever make way waste basket until at any time have pear,F(make_way_waste_basket)UF(have_pear)
1707,"['bring_pear', 'secure_apple']",whenever bring pear and secure apple,F(bring_pear)&secure_apple
1137,"['have_in_orange', 'grip_apple']",forever have in orange or grip apple,G(have_in_orange)|grip_apple
4616,"['getting_pear', 'approach_flag']",whenever getting pear until whenever approach flag,F(getting_pear)UF(approach_flag)
1014,"['be_at_flag', 'pick_up_orange']",at any time be at flag or pick up orange,F(be_at_flag)|pick_up_orange
1469,"['reach_flag', 'venture_towards_house']",at any time reach flag or venture towards house,F(reach_flag)|venture_towards_house
1344,"['travel_to_flag', 'move_to_trash_can']",when possible travel to flag or move to trash can,F(travel_to_flag)|move_to_trash_can
1655,"['pass_by_house', 'show_yourself_near_house']",when possible pass by house or when possible show yourself near house,F(pass_by_house)|F(show_yourself_near_house)
4771,"['tax_apple', 'seize_pear']",at any time tax apple or whenever seize pear,F(tax_apple)|F(seize_pear)
3777,"['scoop_up_apple', 'reach_tree']",when possible scoop up apple or at any time reach tree,F(scoop_up_apple)|F(reach_tree)
4438,"['let_go_pear', 'journey_by_house']",don't let go pear and at some time journey by house,~(let_go_pear)&F(journey_by_house)
1320,"['come_to_tree', 'stop_by_house']",come to tree or at some time stop by house,come_to_tree|F(stop_by_house)
4690,"['pick_up_peach', 'have_possession_of_apple']",whenever pick up peach and when possible have possession of apple,F(pick_up_peach)&F(have_possession_of_apple)
2462,"['get_to_tree', 'move_to_trashcan']",get to tree or move to trashcan,get_to_tree|move_to_trashcan
1858,"['present_at_flag', 'drop_apple']",whenever present at flag or never drop apple,F(present_at_flag)|G(~(drop_apple))
1089,"['going_to_tree', 'grasp_orange']",going to tree or grasp orange,going_to_tree|grasp_orange
2692,"['move_to_trash_can', 'hold_apple']","when move to trash can , hold apple",move_to_trash_can->hold_apple
2001,"['gather_apple', 'collect_orange']",gather apple means that whenever collect orange,gather_apple->F(collect_orange)
2302,"['get_to_flag', 'keep_apple']",at any time get to flag or keep apple,F(get_to_flag)|keep_apple
2240,"['acquire_apple', 'stop_by_trash_can']",acquire apple until at some time stop by trash can,acquire_appleUF(stop_by_trash_can)
1335,"['venture_to_house', 'venture_towards_house']",at any time venture to house or venture towards house,F(venture_to_house)|venture_towards_house
1309,"['venture_to_house', 'secure_apple']",when possible venture to house and secure apple,F(venture_to_house)&secure_apple
2338,"['travel_to_apple', 'let_go_pear']",travel to apple or don't let go pear,travel_to_apple|~(let_go_pear)
3379,"['pick_up_apple', 'pick_up_orange']",at any time pick up apple and pick up orange,F(pick_up_apple)&pick_up_orange
1239,"['withhold_apple', 'reach_flag']",at some time withhold apple and at some time reach flag,F(withhold_apple)&F(reach_flag)
2000,"['go_to_trash_receptacle', 'visit_tree']",at some time go to trash receptacle or visit tree,F(go_to_trash_receptacle)|visit_tree
4640,"['touch_tree', 'pick_up_flag']",at any time touch tree and pick up flag,F(touch_tree)&pick_up_flag
5915,"['make_way_to_house', 'touch_tree']",repeatedly make way to house or at any time touch tree,G(F(make_way_to_house))|F(touch_tree)
1283,"['go_by_waste_basket', 'bring_pear']",whenever go by waste basket or at any time bring pear,F(go_by_waste_basket)|F(bring_pear)
5612,"['visit_house', 'scoop_up_apple']",whenever visit house and when possible scoop up apple,F(visit_house)&F(scoop_up_apple)
2226,"['hold_on_pear', 'approach_trash_can']",forever hold on pear and approach trash can,G(hold_on_pear)&approach_trash_can
5474,"['pass_by_waste_receptacle', 'go_by_house']",whenever pass by waste receptacle or when possible go by house,F(pass_by_waste_receptacle)|F(go_by_house)
1725,"['get_to_flag', 'drop_orange']",whenever get to flag and never drop orange,F(get_to_flag)&G(~(drop_orange))
1319,"['withhold_apple', 'drop_apple']","when at any time withhold apple , never drop apple",F(withhold_apple)->G(~(drop_apple))
3887,"['let_go_orange', 'drop_orange']",never let go orange or never drop orange,G(~(let_go_orange))|G(~(drop_orange))
1309,"['collect_pear', 'take_apple']","if collect pear , take apple",collect_pear->take_apple
2393,"['drop_pear', 'get_to_flag']",drop pear means that whenever get to flag,drop_pear->F(get_to_flag)
3626,"['approach_house', 'contact_house']",at some time approach house and whenever contact house,F(approach_house)&F(contact_house)
1427,"['set_out_to_house', 'make_contact_flag']",whenever set out to house or at some time make contact flag,F(set_out_to_house)|F(make_contact_flag)
1848,"['withhold_apple', 'bring_pear']",at some time withhold apple or at any time bring pear,F(withhold_apple)|F(bring_pear)
3059,"['withold_apple', 'proceed_to_house']",whenever withold apple until at any time proceed to house,F(withold_apple)UF(proceed_to_house)
1213,"['venture_towards_house', 'drop_apple']",venture towards house and never drop apple,venture_towards_house&G(~(drop_apple))
2022,"['grab_flag', 'snatch_up_pear']",at any time grab flag or snatch up pear,F(grab_flag)|snatch_up_pear
5168,"['go_to_waste_basket', 'put_in_bucket']",repeatedly go to waste basket or put in bucket,G(F(go_to_waste_basket))|put_in_bucket
5788,"['grab_orange', 'drop_apple']",whenever grab orange or never drop apple,F(grab_orange)|G(~(drop_apple))
4724,"['visit_house', 'be_near_tree']",whenever visit house and at any time be near tree,F(visit_house)&F(be_near_tree)
2065,"['make_way_waste_basket', 'move_near_tree']",at any time make way waste basket or at some time move near tree,F(make_way_waste_basket)|F(move_near_tree)
1252,"['haul_pear', 'be_at_flag']",at some time haul pear and at some time be at flag,F(haul_pear)&F(be_at_flag)
4239,"['be_at_house', 'go_near_flag']",at any time be at house and when possible go near flag,F(be_at_house)&F(go_near_flag)
2103,"['migrate_to_tree', 'snag_orange']",at some time migrate to tree until at any time snag orange,F(migrate_to_tree)UF(snag_orange)
2153,"['go_visit_house', 'let_go_orange']",at some time go visit house or never let go orange,F(go_visit_house)|G(~(let_go_orange))
1906,"['venture_towards_house', 'go_by_waste_bin']",venture towards house or go by waste bin,venture_towards_house|go_by_waste_bin
2740,"['going_to_tree', 'hold_orange']",going to tree or hold orange,going_to_tree|hold_orange
5147,"['have_apple', 'travel_to_waste_bin']",forever have apple or travel to waste bin,G(have_apple)|travel_to_waste_bin
2585,"['move', 'touch_flag']",forever move and always touch flag,G(move)&G(touch_flag)
1215,"['advance_to_tree', 'move_near_tree']",advance to tree and whenever move near tree,advance_to_tree&F(move_near_tree)
1146,"['go_by_waste_bin', 'reach_flag']",go by waste bin and at some time reach flag,go_by_waste_bin&F(reach_flag)
1278,"['venture_towards_house', 'venture_towards_house']",venture towards house or venture towards house,venture_towards_house|venture_towards_house
3957,"['go_by_tree', 'visit_house']",when possible go by tree and at any time visit house,F(go_by_tree)&F(visit_house)
3992,"['stand_by_tree', 'go_by_house']",at any time stand by tree and at any time go by house,F(stand_by_tree)&F(go_by_house)
4812,"['withold_apple', 'get_to_cup']",whenever withold apple or at any time get to cup,F(withold_apple)|F(get_to_cup)
3014,"['grasp_apple', 'go_to_flag']",when possible grasp apple or at any time go to flag,F(grasp_apple)|F(go_to_flag)
1582,"['move_past_trash_can', 'journey_by_house']",whenever move past trash can or when possible journey by house,F(move_past_trash_can)|F(journey_by_house)
3861,"['put_in_apple_bucket', 'go_by_tree']",put in apple bucket or whenever go by tree,put_in_apple_bucket|F(go_by_tree)
2212,"['go_to_apple_trashcan', 'grab_hold_pear']",repeatedly go to apple trashcan can infer that grab hold pear,G(F(go_to_apple_trashcan))->grab_hold_pear
1184,"['pick_up_orange', 'get_apple']",pick up orange and at any time get apple,pick_up_orange&F(get_apple)
2768,"['advance_to_house', 'pick_up_fruit']",whenever advance to house or pick up fruit,F(advance_to_house)|pick_up_fruit
1969,"['reach_flag', 'venture_towards_house']",whenever reach flag or venture towards house,F(reach_flag)|venture_towards_house
5658,"['make_contact_with_house', 'procure_pear']",whenever make contact with house or when possible procure pear,F(make_contact_with_house)|F(procure_pear)
2800,"['drop_orange', 'be_at_flag']","if never drop orange , at any time be at flag",G(~(drop_orange))->F(be_at_flag)
5853,"['proceed_to_flag', 'obtain_apple']",whenever proceed to flag or at some time obtain apple,F(proceed_to_flag)|F(obtain_apple)
4591,"['collect_apple', 'going_to_flag']",at some time collect apple or when possible going to flag,F(collect_apple)|F(going_to_flag)
5161,"['walk_near_flag', 'venture_to_flag']",when possible walk near flag or whenever venture to flag,F(walk_near_flag)|F(venture_to_flag)
3316,"['walk_near_flag', 'tax_apple']",when possible walk near flag and whenever tax apple,F(walk_near_flag)&F(tax_apple)
2216,"['visit_trash_bin', 'start_going_to_house']",whenever visit trash bin and at any time start going to house,F(visit_trash_bin)&F(start_going_to_house)
1500,"['stand_by_tree', 'advance_to_house']","when at any time stand by tree , when possible advance to house",F(stand_by_tree)->F(advance_to_house)
2319,"['take_to_tree', 'be_near_tree']",take to tree and whenever be near tree,take_to_tree&F(be_near_tree)
1044,"['acquire_apple', 'gather_orange']",acquire apple or gather orange,acquire_apple|gather_orange
4878,"['get_orange', 'let_go_pear']",at any time get orange or don't let go pear,F(get_orange)|~(let_go_pear)
2508,"['go_by_house', 'get_hold_orange']",whenever go by house or at some time get hold orange,F(go_by_house)|F(get_hold_orange)
5829,"['have_possession_of_apple', 'arrive_at_tree']",whenever have possession of apple or at any time arrive at tree,F(have_possession_of_apple)|F(arrive_at_tree)
2380,"['get_close_flag', 'seize_apple']",when possible get close flag or seize apple,F(get_close_flag)|seize_apple
1483,"['grab_orange', 'let_go_orange']",when possible grab orange or never let go orange,F(grab_orange)|G(~(let_go_orange))
1841,"['grab_tree', 'approach_trash_can']",repeatedly grab tree until approach trash can,G(F(grab_tree))Uapproach_trash_can
1479,"['venture_to_house', 'go_by_waste_bin']",when possible venture to house and go by waste bin,F(venture_to_house)&go_by_waste_bin
2359,"['stand_by_tree', 'drop_apple']",at any time stand by tree or never drop apple,F(stand_by_tree)|G(~(drop_apple))
5065,"['touch_flag', 'let_go_orange']",always touch flag or never let go orange,G(touch_flag)|G(~(let_go_orange))
1102,"['collect_orange', 'journey_by_house']",at some time collect orange and at any time journey by house,F(collect_orange)&F(journey_by_house)
2918,"['capture_pear', 'go_to_peach']",whenever capture pear or at some time go to peach,F(capture_pear)|F(go_to_peach)
5364,"['go_near_flag', 'pick_up_flag']",whenever go near flag or pick up flag,F(go_near_flag)|pick_up_flag
2395,"['go_to_trash_bin', 'venture_to_waste_basket']",when possible go to trash bin and when possible venture to waste basket,F(go_to_trash_bin)&F(venture_to_waste_basket)
4320,"['come_home', 'go_past_house']",at some time come home or at any time go past house,F(come_home)|F(go_past_house)
1295,"['advance_to_tree', 'stop_by_house']",advance to tree and when possible stop by house,advance_to_tree&F(stop_by_house)
3361,"['move_to_flag', 'procure_orange']",when possible move to flag and at any time procure orange,F(move_to_flag)&F(procure_orange)
4476,"['grab_apple', 'take_possession_of_bear']",whenever grab apple or whenever take possession of bear,F(grab_apple)|F(take_possession_of_bear)
3885,"['proceed_to_house', 'go_to_tree']",at any time proceed to house until at some time go to tree,F(proceed_to_house)UF(go_to_tree)
1877,"['grasp_orange', 'drop_orange']",grasp orange or never drop orange,grasp_orange|G(~(drop_orange))
1031,"['reach_flag', 'drop_apple']",when possible reach flag and never drop apple,F(reach_flag)&G(~(drop_apple))
2812,"['venture_to_flag', 'get_close_flag']",whenever venture to flag until whenever get close flag,F(venture_to_flag)UF(get_close_flag)
5683,"['approach_house', 'pick_up_orange']",whenever approach house and pick up orange,F(approach_house)&pick_up_orange
1535,"['present_at_flag', 'venture_to_house']",when possible present at flag and at some time venture to house,F(present_at_flag)&F(venture_to_house)
4748,"['be_near_tree', 'going_to_house']",at any time be near tree or whenever going to house,F(be_near_tree)|F(going_to_house)
5069,"['procure_apple', 'hold_apple']",procure apple or hold apple,procure_apple|hold_apple
1539,"['venture_towards_house', 'reach_flag']",venture towards house or at some time reach flag,venture_towards_house|F(reach_flag)
2971,"['pick_up_fruit', 'yield_pear']",pick up fruit or whenever yield pear,pick_up_fruit|F(yield_pear)
1941,"['venture_towards_house', 'drop_apple']",venture towards house and never drop apple,venture_towards_house&G(~(drop_apple))
5151,"['venture_to_waste_basket', 'drop_orange']",when possible venture to waste basket or never drop orange,F(venture_to_waste_basket)|G(~(drop_orange))
5245,"['gather_apple', 'visit_house']",gather apple means that at any time visit house,gather_apple->F(visit_house)
1025,"['make_contact_with_house', 'reach_tree']",when possible make contact with house or at some time reach tree,F(make_contact_with_house)|F(reach_tree)
1874,"['moving', 'get_to_tree']",always moving until get to tree,G(moving)Uget_to_tree
1486,"['reach_house', 'be_in_houses_vicinity']",reach house or when possible be in house's vicinity,reach_house|F(be_in_houses_vicinity)
3762,"['visit_flag', 'grasp_apple']",at some time visit flag or at any time grasp apple,F(visit_flag)|F(grasp_apple)
1913,"['travel_to_apple', 'snatch_up_pear']",travel to apple or snatch up pear,travel_to_apple|snatch_up_pear
3906,"['take_to_tree', 'travel_to_house']",take to tree or whenever travel to house,take_to_tree|F(travel_to_house)
1026,"['let_go_apple', 'obtain_orange']",never let go apple and at any time obtain orange,G(~(let_go_apple))&F(obtain_orange)
3326,"['get_hold_orange', 'take_to_tree']",when possible get hold orange means that take to tree,F(get_hold_orange)->take_to_tree
2028,"['procure_apple', 'touch_tree']",procure apple and at any time touch tree,procure_apple&F(touch_tree)
1859,"['lay_hold_of_apple', 'go_to_apple_trashcan']",at some time lay hold of apple and repeatedly go to apple trashcan,F(lay_hold_of_apple)&G(F(go_to_apple_trashcan))
2244,"['venture_flag', 'approach_trash_can']","when whenever venture flag , approach trash can",F(venture_flag)->approach_trash_can
2583,"['drop_apple', 'get_hold_orange']",never drop apple or at any time get hold orange,G(~(drop_apple))|F(get_hold_orange)
4582,"['go_visit_flag', 'move_to_flag']",go visit flag or whenever move to flag,go_visit_flag|F(move_to_flag)
2377,"['lay_hold_of_apple', 'drop_orange']",when possible lay hold of apple or never drop orange,F(lay_hold_of_apple)|G(~(drop_orange))
1660,"['go_by_waste_bin', 'present_at_flag']",go by waste bin and when possible present at flag,go_by_waste_bin&F(present_at_flag)
1711,"['let_go_orange', 'obtain_orange']",never let go orange or at any time obtain orange,G(~(let_go_orange))|F(obtain_orange)
1113,"['be_in_houses_vicinity', 'travel_to_apple']",at any time be in house's vicinity and travel to apple,F(be_in_houses_vicinity)&travel_to_apple
1183,"['capture_pear', 'go_visit_house']",at some time capture pear or whenever go visit house,F(capture_pear)|F(go_visit_house)
4191,"['collect_apple', 'hold_on_to_pear']",when possible collect apple or hold on to pear,F(collect_apple)|hold_on_to_pear
1751,"['stop_by_house', 'grip_apple']",at some time stop by house and grip apple,F(stop_by_house)&grip_apple
1339,"['venture_to_house', 'venture_to_house']",at any time venture to house until whenever venture to house,F(venture_to_house)UF(venture_to_house)
5026,"['capture_pear', 'venture_to_flag']","if at any time capture pear , whenever venture to flag",F(capture_pear)->F(venture_to_flag)
3109,"['touch_house', 'go_near_pear']",at any time touch house or at any time go near pear,F(touch_house)|F(go_near_pear)
1401,"['make_to_flag', 'come_to_tree']",at some time make to flag or come to tree,F(make_to_flag)|come_to_tree
2146,"['drop_by', 'hold_orange']",drop by and hold orange,drop_by&hold_orange
5940,"['hold_pear', 'venture_to_flag']",hold pear or at any time venture to flag,hold_pear|F(venture_to_flag)
1908,"['withhold_apple', 'reach_flag']","when at any time withhold apple , at some time reach flag",F(withhold_apple)->F(reach_flag)
4912,"['go_visit_flag', 'secure_pear']",go visit flag and whenever secure pear,go_visit_flag&F(secure_pear)
4312,"['touch_flag', 'be_at_house']",always touch flag and at some time be at house,G(touch_flag)&F(be_at_house)
4471,"['seize_pear', 'pick_up_orange']",when possible seize pear or pick up orange,F(seize_pear)|pick_up_orange
1517,"['walk_to_flag', 'reach_trash_can']",when possible walk to flag and reach trash can,F(walk_to_flag)&reach_trash_can
2056,"['stay', 'migrate_to_tree']",forever stay and whenever migrate to tree,G(stay)&F(migrate_to_tree)
5508,"['arrive_at_tree', 'drop_apple']",whenever arrive at tree or never drop apple,F(arrive_at_tree)|G(~(drop_apple))
1408,"['withhold_apple', 'reach_flag']",whenever withhold apple means that whenever reach flag,F(withhold_apple)->F(reach_flag)
2518,"['move_to_tree', 'pass_by_trash_bin']",move to tree or whenever pass by trash bin,move_to_tree|F(pass_by_trash_bin)
5182,"['get_pear', 'get_close_tree']",when possible get pear or at some time get close tree,F(get_pear)|F(get_close_tree)
3322,"['let_go_orange', 'obtain_orange']",never let go orange means that when possible obtain orange,G(~(let_go_orange))->F(obtain_orange)
5456,"['let_go_apple', 'contact_house']",whenever let go apple and at any time contact house,F(let_go_apple)&F(contact_house)
4228,"['visit_flag', 'venture_house']",at any time visit flag or at some time venture house,F(visit_flag)|F(venture_house)
1097,"['get_to_tree', 'grab_tree']",get to tree or repeatedly grab tree,get_to_tree|G(F(grab_tree))
1326,"['venture_flag', 'track_towards_tree']",at any time venture flag and when possible track towards tree,F(venture_flag)&F(track_towards_tree)
2055,"['move_to_trashcan', 'go_near_house']",move to trashcan or at any time go near house,move_to_trashcan|F(go_near_house)
4382,"['proceed_to_flag', 'stop_by_trash_can']",whenever proceed to flag or whenever stop by trash can,F(proceed_to_flag)|F(stop_by_trash_can)
1459,"['go_to_tree', 'get_hold_of_pear']",when possible go to tree or get hold of pear,F(go_to_tree)|get_hold_of_pear
1497,"['going_to_house', 'seize_pear']",at any time going to house until whenever seize pear,F(going_to_house)UF(seize_pear)
2727,"['go_home', 'go_to_flag']",whenever go home and at some time go to flag,F(go_home)&F(go_to_flag)
2775,"['pick_up_pear', 'drop_pear']",pick up pear until never drop pear,pick_up_pearUG(~(drop_pear))
1386,"['bring_pear', 'withhold_apple']",at any time bring pear or when possible withhold apple,F(bring_pear)|F(withhold_apple)
4450,"['drop_orange', 'reach_tree']",never drop orange until at some time reach tree,G(~(drop_orange))UF(reach_tree)
1187,"['present_at_flag', 'present_at_flag']",at some time present at flag or at any time present at flag,F(present_at_flag)|F(present_at_flag)
2362,"['touch_house', 'gather_orange']",whenever touch house or gather orange,F(touch_house)|gather_orange
4900,"['put_in_bin', 'get_apple']",put in bin or when possible get apple,put_in_bin|F(get_apple)
1807,"['stop_by_house', 'lay_hold_of_apple']",at some time stop by house until whenever lay hold of apple,F(stop_by_house)UF(lay_hold_of_apple)
1488,"['present_at_flag', 'reach_flag']",at some time present at flag or whenever reach flag,F(present_at_flag)|F(reach_flag)
2449,"['visit_flag', 'go_to_trash_bin']",when possible visit flag and when possible go to trash bin,F(visit_flag)&F(go_to_trash_bin)
1716,"['go_by_waste_bin', 'venture_towards_house']",go by waste bin means that venture towards house,go_by_waste_bin->venture_towards_house
1600,"['reach_flag', 'venture_towards_house']",at any time reach flag or venture towards house,F(reach_flag)|venture_towards_house
1915,"['present_at_flag', 'go_by_waste_bin']",at some time present at flag until go by waste bin,F(present_at_flag)Ugo_by_waste_bin
1036,"['go_by_waste_bin', 'present_at_flag']",go by waste bin and whenever present at flag,go_by_waste_bin&F(present_at_flag)
1300,"['snag_orange', 'snatch_up_pear']",at some time snag orange and snatch up pear,F(snag_orange)&snatch_up_pear
1090,"['get_hold_of_orange', 'go_by_house']",at some time get hold of orange and whenever go by house,F(get_hold_of_orange)&F(go_by_house)
5625,"['pick_up_anything', 'travel_to_tree']",don't pick up anything and travel to tree,~(F(pick_up_anything))&travel_to_tree
2060,"['proceed_to_house', 'visit_house']",at some time proceed to house until at any time visit house,F(proceed_to_house)UF(visit_house)
2329,"['seize_pear', 'proceed_to_tree']","when at some time seize pear , whenever proceed to tree",F(seize_pear)->F(proceed_to_tree)
2211,"['come_home', 'travel_house']",when possible come home or whenever travel house,F(come_home)|F(travel_house)
2113,"['snatch_up_pear', 'track_towards_tree']",snatch up pear or at some time track towards tree,snatch_up_pear|F(track_towards_tree)
2669,"['go_to_orange', 'let_go_orange']",go to orange means that never let go orange,go_to_orange->G(~(let_go_orange))
4928,"['drop_orange', 'reach_tree']",never drop orange or when possible reach tree,G(~(drop_orange))|F(reach_tree)
5379,"['visit_tree', 'visit_tree']",visit tree and visit tree,visit_tree&visit_tree
1022,"['stay', 'track_towards_tree']",always stay or when possible track towards tree,G(stay)|F(track_towards_tree)
2908,"['go_by_flag', 'make_way_for_tree']",when possible go by flag and when possible make way for tree,F(go_by_flag)&F(make_way_for_tree)
2602,"['pass_by_trash_bin', 'visit_house']",when possible pass by trash bin or at any time visit house,F(pass_by_trash_bin)|F(visit_house)
2670,"['get_close_tree', 'seize_apple']",at any time get close tree and seize apple,F(get_close_tree)&seize_apple
1709,"['gather_apple', 'drop_orange']",gather apple and never drop orange,gather_apple&G(~(drop_orange))
1785,"['go_by_waste_basket', 'venture_to_house']",when possible go by waste basket and whenever venture to house,F(go_by_waste_basket)&F(venture_to_house)
1628,"['move_near_tree', 'let_go_pear']",when possible move near tree and don't let go pear,F(move_near_tree)&~(let_go_pear)
2397,"['touch_tree', 'set_out_to_house']",at some time touch tree and when possible set out to house,F(touch_tree)&F(set_out_to_house)
5755,"['scoop_up_apple', 'capture_orange']",at any time scoop up apple and capture orange,F(scoop_up_apple)&capture_orange
3171,"['go_to_waste_basket', 'move_to_flag']",repeatedly go to waste basket or when possible move to flag,G(F(go_to_waste_basket))|F(move_to_flag)
1508,"['go_to_tree', 'gather_pear']",when possible go to tree and at any time gather pear,F(go_to_tree)&F(gather_pear)
1108,"['travel_house', 'get_hold_of_pear']","when at some time travel house , get hold of pear",F(travel_house)->get_hold_of_pear
1399,"['venture_flag', 'keep_apple']",whenever venture flag or keep apple,F(venture_flag)|keep_apple
3272,"['go_by_tree', 'pick_up_apple']","if at some time go by tree , whenever pick up apple",F(go_by_tree)->F(pick_up_apple)
4098,"['go_to_trash_receptacle', 'move_to_house']",at some time go to trash receptacle and move to house,F(go_to_trash_receptacle)&move_to_house
2180,"['hold_on_pear', 'let_go_pear']",forever hold on pear or do not let go pear,G(hold_on_pear)|~(let_go_pear)
3211,"['get_hold_apple', 'travel_to_waste_bin']",whenever get hold apple or travel to waste bin,F(get_hold_apple)|travel_to_waste_bin
1989,"['venture_towards_house', 'secure_apple']",venture towards house or secure apple,venture_towards_house|secure_apple
2712,"['go_by_trash_can', 'drop_apple']",forever go by trash can or never drop apple,G(go_by_trash_can)|G(~(drop_apple))
4474,"['go_to_peach', 'seize_pear']",at any time go to peach or at some time seize pear,F(go_to_peach)|F(seize_pear)
5424,"['travel_house', 'start_going_to_tree']",whenever travel house and at any time start going to tree,F(travel_house)&F(start_going_to_tree)
1116,"['keep_apple', 'go_to_orange_bin']",keep apple and go to orange bin,keep_apple&go_to_orange_bin
1432,"['put_in_apple_bucket', 'seize_orange']",put in apple bucket or when possible seize orange,put_in_apple_bucket|F(seize_orange)
3846,"['going_to_tree', 'pass_by_house']","when going to tree , whenever pass by house",going_to_tree->F(pass_by_house)
1901,"['be_in_houses_vicinity', 'make_to_flag']",whenever be in house's vicinity or at some time make to flag,F(be_in_houses_vicinity)|F(make_to_flag)
3821,"['venture_house', 'visit_tree']",at some time venture house until visit tree,F(venture_house)Uvisit_tree
2093,"['move_past_trash_can', 'get_pear']",whenever move past trash can until at some time get pear,F(move_past_trash_can)UF(get_pear)
2968,"['go_home', 'take_pear']",at any time go home and take pear,F(go_home)&take_pear
2786,"['seize_pear', 'get_hold_of_pear']","when at any time seize pear , get hold of pear",F(seize_pear)->get_hold_of_pear
1541,"['move_to_flag', 'go_to_home']",at any time move to flag or at some time go to home,F(move_to_flag)|F(go_to_home)
4839,"['going_to_house', 'go_by_trash_can']",when possible going to house or always go by trash can,F(going_to_house)|G(go_by_trash_can)
4699,"['visit_house', 'move_to_trash_can']",when possible visit house and move to trash can,F(visit_house)&move_to_trash_can
1946,"['visit_tree', 'yield_pear']",visit tree and at any time yield pear,visit_tree&F(yield_pear)
3052,"['go_to_house', 'go_by_trash_can']",at some time go to house and forever go by trash can,F(go_to_house)&G(go_by_trash_can)
2748,"['let_go_orange', 'go_to_trash_bin']",never let go orange and at some time go to trash bin,G(~(let_go_orange))&F(go_to_trash_bin)
5349,"['journey_to_tree', 'stand_by_tree']",when possible journey to tree or at some time stand by tree,F(journey_to_tree)|F(stand_by_tree)
3494,"['go_to_trash_can', 'take_to_tree']",whenever go to trash can or take to tree,F(go_to_trash_can)|take_to_tree
2475,"['let_go_orange', 'snatch_up_pear']",do not let go orange or snatch up pear,~(let_go_orange)|snatch_up_pear
2837,"['go_past_flag', 'get_apple']",at any time go past flag or whenever get apple,F(go_past_flag)|F(get_apple)
5854,"['getting_pear', 'acquire_orange']","if whenever getting pear , acquire orange",F(getting_pear)->acquire_orange
4256,"['gather_pear', 'make_your_way_flag']",when possible gather pear means that whenever make your way flag,F(gather_pear)->F(make_your_way_flag)
5479,"['get_hold_of_pear', 'hold_pear']",get hold of pear and hold pear,get_hold_of_pear&hold_pear
3948,"['go_to_trash_can', 'pick_up_flag']",at any time go to trash can or pick up flag,F(go_to_trash_can)|pick_up_flag
1602,"['got_to_house', 'grab_flag']",whenever got to house until at some time grab flag,F(got_to_house)UF(grab_flag)
1298,"['drop_apple', 'venture_to_house']",never drop apple and at some time venture to house,G(~(drop_apple))&F(venture_to_house)
3033,"['let_go_apple', 'travel_to_flag']",at any time let go apple and at any time travel to flag,F(let_go_apple)&F(travel_to_flag)
2983,"['acquire_apple', 'gather_apple']",acquire apple or gather apple,acquire_apple|gather_apple
2399,"['make_way_to_house', 'approach_house']",repeatedly make way to house until whenever approach house,G(F(make_way_to_house))UF(approach_house)
1034,"['advance_to_tree', 'travel_to_apple']",advance to tree and travel to apple,advance_to_tree&travel_to_apple
3591,"['steal_apple', 'move_to_flag']",at some time steal apple and when possible move to flag,F(steal_apple)&F(move_to_flag)
5960,"['go_by_flag', 'pick_up_fruit']",at any time go by flag or pick up fruit,F(go_by_flag)|pick_up_fruit
2880,"['take_apple', 'pick_up_peach']",take apple and at some time pick up peach,take_apple&F(pick_up_peach)
1120,"['venture_towards_house', 'go_by_waste_basket']",venture towards house means that at some time go by waste basket,venture_towards_house->F(go_by_waste_basket)
3940,"['hold_on_to_pear', 'venture_to_flag']",hold on to pear and whenever venture to flag,hold_on_to_pear&F(venture_to_flag)
4515,"['procure_orange', 'get_hold_apple']",at some time procure orange and whenever get hold apple,F(procure_orange)&F(get_hold_apple)
2383,"['get_close_tree', 'touch_house']",when possible get close tree and at any time touch house,F(get_close_tree)&F(touch_house)
4267,"['touch_house', 'let_go_orange']",when possible touch house and never let go orange,F(touch_house)&G(~(let_go_orange))
1059,"['got_to_house', 'get_to_flag']",whenever got to house or at any time get to flag,F(got_to_house)|F(get_to_flag)
2735,"['get_to_cup', 'acquire_apple']",whenever get to cup until acquire apple,F(get_to_cup)Uacquire_apple
5463,"['visit_tree', 'go_to_orange']",visit tree or go to orange,visit_tree|go_to_orange
1557,"['go_by_waste_basket', 'go_by_waste_basket']","when at any time go by waste basket , at any time go by waste basket",F(go_by_waste_basket)->F(go_by_waste_basket)
3581,"['grasp_apple', 'acquire_orange']",at some time grasp apple until acquire orange,F(grasp_apple)Uacquire_orange
1192,"['go_home', 'go_to_home']",whenever go home or when possible go to home,F(go_home)|F(go_to_home)
1468,"['collect_orange', 'steal_apple']",whenever collect orange and when possible steal apple,F(collect_orange)&F(steal_apple)
1568,"['present_at_flag', 'present_at_flag']",at any time present at flag or at any time present at flag,F(present_at_flag)|F(present_at_flag)
2217,"['keep_apple', 'move_to_trashcan']",keep apple and move to trashcan,keep_apple&move_to_trashcan
1267,"['migrate_to_tree', 'take_to_trashcan']",when possible migrate to tree or take to trashcan,F(migrate_to_tree)|take_to_trashcan
3111,"['approach_flag', 'gather_pear']",when possible approach flag or at any time gather pear,F(approach_flag)|F(gather_pear)
5626,"['travel_to_tree', 'stop_by_trash_can']",travel to tree and at any time stop by trash can,travel_to_tree&F(stop_by_trash_can)
2875,"['pass_by_waste_receptacle', 'be_at_house']",when possible pass by waste receptacle and whenever be at house,F(pass_by_waste_receptacle)&F(be_at_house)
2845,"['drop_apple', 'walk_near_flag']",never drop apple or whenever walk near flag,G(~(drop_apple))|F(walk_near_flag)
4373,"['go_to_trash_bin', 'tax_apple']",whenever go to trash bin or at any time tax apple,F(go_to_trash_bin)|F(tax_apple)
1601,"['hold_onto_orange', 'going_to_tree']",always hold onto orange or going to tree,G(hold_onto_orange)|going_to_tree
4889,"['snatch_pear', 'hold_on_to_pear']","if at any time snatch pear , hold on to pear",F(snatch_pear)->hold_on_to_pear
2342,"['walk', 'move_to_trash_can']",walk or move to trash can,walk|move_to_trash_can
4459,"['go_near_flag', 'reach_trash_can']",at some time go near flag or reach trash can,F(go_near_flag)|reach_trash_can
2614,"['get_hold_of_pear', 'hold_pear']","when get hold of pear , hold pear",get_hold_of_pear->hold_pear
4575,"['visit_waste_basket', 'pass_by_house']",when possible visit waste basket or at any time pass by house,F(visit_waste_basket)|F(pass_by_house)
2782,"['move_to_flag', 'go_visit_house']",at any time move to flag and when possible go visit house,F(move_to_flag)&F(go_visit_house)
1296,"['gather_orange', 'go_past_flag']",gather orange until whenever go past flag,gather_orangeUF(go_past_flag)
4929,"['come_home', 'pick_up_flag']",at some time come home until pick up flag,F(come_home)Upick_up_flag
1237,"['get_to_flag', 'visit_trash_bin']",whenever get to flag or whenever visit trash bin,F(get_to_flag)|F(visit_trash_bin)
3122,"['proceed_to_flag', 'seize_orange']",when possible proceed to flag or whenever seize orange,F(proceed_to_flag)|F(seize_orange)
2176,"['let_go_apple', 'procure_apple']","when at some time let go apple , procure apple",F(let_go_apple)->procure_apple
1378,"['present_at_flag', 'reach_flag']",at some time present at flag and at any time reach flag,F(present_at_flag)&F(reach_flag)
1121,"['moving', 'spend_time_at_tree']",always moving can infer that at some time spend time at tree,G(moving)->F(spend_time_at_tree)
2883,"['grasp_orange', 'grab_orange']",grasp orange or when possible grab orange,grasp_orange|F(grab_orange)
1314,"['let_go_orange', 'grip_apple']",don't let go orange or grip apple,~(let_go_orange)|grip_apple
3650,"['touch_house', 'collect_pear']",at some time touch house or collect pear,F(touch_house)|collect_pear
4064,"['let_go_orange', 'going_to_house']",never let go orange until whenever going to house,G(~(let_go_orange))UF(going_to_house)
3669,"['be_near_tree', 'go_to_waste_basket']",when possible be near tree or repeatedly go to waste basket,F(be_near_tree)|G(F(go_to_waste_basket))
1383,"['go_by_waste_basket', 'venture_to_house']",whenever go by waste basket or at some time venture to house,F(go_by_waste_basket)|F(venture_to_house)
1995,"['snatch_up_pear', 'get_near_flag']",snatch up pear and whenever get near flag,snatch_up_pear&F(get_near_flag)
3868,"['go_to_trash_receptacle', 'seize_apple']",at any time go to trash receptacle until seize apple,F(go_to_trash_receptacle)Useize_apple
3485,"['capture_orange', 'get_hold_apple']",capture orange or at any time get hold apple,capture_orange|F(get_hold_apple)
3944,"['make_contact_with_house', 'obtain_pear']","when whenever make contact with house , when possible obtain pear",F(make_contact_with_house)->F(obtain_pear)
2414,"['drop_by', 'go_to_peach']",drop by and at some time go to peach,drop_by&F(go_to_peach)
2115,"['touch_tree', 'pass_by_waste_receptacle']",at some time touch tree or whenever pass by waste receptacle,F(touch_tree)|F(pass_by_waste_receptacle)
4820,"['going_to_tree', 'visit_flag']",going to tree can infer that when possible visit flag,going_to_tree->F(visit_flag)
1316,"['travel_to_apple', 'venture_flag']",travel to apple until whenever venture flag,travel_to_appleUF(venture_flag)
4768,"['make_way_to_house', 'drop_orange']",repeatedly make way to house and never drop orange,G(F(make_way_to_house))&G(~(drop_orange))
5742,"['move_to_tree', 'proceed_to_flag']",move to tree or at any time proceed to flag,move_to_tree|F(proceed_to_flag)
3632,"['acquire_pear', 'touch_tree']",at any time acquire pear or at some time touch tree,F(acquire_pear)|F(touch_tree)
4918,"['put_in_apple_bucket', 'go_to_house']",put in apple bucket or whenever go to house,put_in_apple_bucket|F(go_to_house)
3138,"['go_by_trash_can', 'go_to_peach']",always go by trash can or at any time go to peach,G(go_by_trash_can)|F(go_to_peach)
2111,"['go_near_house', 'visit_trash_bin']",whenever go near house or at any time visit trash bin,F(go_near_house)|F(visit_trash_bin)
1416,"['make_way_waste_basket', 'snatch_up_pear']",when possible make way waste basket and snatch up pear,F(make_way_waste_basket)&snatch_up_pear
2421,"['reach_trash_can', 'move_past_trash_can']",reach trash can or at any time move past trash can,reach_trash_can|F(move_past_trash_can)
5966,"['obtain_orange', 'stop_by_trash_can']",when possible obtain orange until at any time stop by trash can,F(obtain_orange)UF(stop_by_trash_can)
5403,"['have_possession_of_apple', 'capture_orange']",at any time have possession of apple and capture orange,F(have_possession_of_apple)&capture_orange
5843,"['drop_by', 'start_going_to_tree']",drop by means that at some time start going to tree,drop_by->F(start_going_to_tree)
3592,"['arrive_at_tree', 'make_your_way_flag']",whenever arrive at tree can infer that at any time make your way flag,F(arrive_at_tree)->F(make_your_way_flag)
1962,"['bring_pear', 'venture_towards_house']",when possible bring pear until venture towards house,F(bring_pear)Uventure_towards_house
5180,"['journey_to_house', 'go_near_flag']",whenever journey to house or when possible go near flag,F(journey_to_house)|F(go_near_flag)
1699,"['venture_to_flag', 'reach_tree']",at some time venture to flag or at some time reach tree,F(venture_to_flag)|F(reach_tree)
1754,"['present_at_flag', 'withhold_apple']","when at some time present at flag , at any time withhold apple",F(present_at_flag)->F(withhold_apple)
5417,"['pick_up_fruit', 'go_past_flag']",pick up fruit until at any time go past flag,pick_up_fruitUF(go_past_flag)
5943,"['go_to_trash_bin', 'venture_to_waste_basket']",whenever go to trash bin or whenever venture to waste basket,F(go_to_trash_bin)|F(venture_to_waste_basket)
1181,"['seize_pear', 'grab_apple']",at some time seize pear or at some time grab apple,F(seize_pear)|F(grab_apple)
1135,"['venture_to_house', 'drop_apple']",when possible venture to house or never drop apple,F(venture_to_house)|G(~(drop_apple))
4967,"['take_pear', 'let_go_orange']","when take pear , never let go orange",take_pear->G(~(let_go_orange))
1269,"['scoop_up_pear', 'travel_to_flag']",at any time scoop up pear or whenever travel to flag,F(scoop_up_pear)|F(travel_to_flag)
3314,"['travel_to_house', 'approach_flag']",at some time travel to house and at some time approach flag,F(travel_to_house)&F(approach_flag)
5113,"['get_to_cup', 'get_orange']",whenever get to cup until at some time get orange,F(get_to_cup)UF(get_orange)
3384,"['touch_flag', 'start_going_to_tree']",forever touch flag or whenever start going to tree,G(touch_flag)|F(start_going_to_tree)
3255,"['scoop_up_pear', 'pick_up_peach']","if when possible scoop up pear , whenever pick up peach",F(scoop_up_pear)->F(pick_up_peach)
2383,"['hold_on_pear', 'be_in_houses_vicinity']",always hold on pear can infer that at some time be in house's vicinity,G(hold_on_pear)->F(be_in_houses_vicinity)
1691,"['spend_time_at_tree', 'move_to_trashcan']",when possible spend time at tree or move to trashcan,F(spend_time_at_tree)|move_to_trashcan
4864,"['travel_to_flag', 'procure_pear']",whenever travel to flag or at some time procure pear,F(travel_to_flag)|F(procure_pear)
2392,"['grab_hold_pear', 'get_to_tree']",grab hold pear and get to tree,grab_hold_pear&get_to_tree
3519,"['tax_apple', 'get_close_tree']",at any time tax apple and when possible get close tree,F(tax_apple)&F(get_close_tree)
1584,"['start_going_to_house', 'go_near_house']",at any time start going to house or at any time go near house,F(start_going_to_house)|F(go_near_house)
1019,"['let_go_orange', 'lay_hold_of_apple']",don't let go orange until at some time lay hold of apple,~(let_go_orange)UF(lay_hold_of_apple)
1627,"['go_by_waste_bin', 'go_by_waste_basket']",go by waste bin and at some time go by waste basket,go_by_waste_bin&F(go_by_waste_basket)
3445,"['drop_apple', 'snatch_pear']",never drop apple and at any time snatch pear,G(~(drop_apple))&F(snatch_pear)
1152,"['grab_tree', 'venture_flag']",repeatedly grab tree until at some time venture flag,G(F(grab_tree))UF(venture_flag)
2094,"['make_to_flag', 'track_towards_tree']","if when possible make to flag , at any time track towards tree",F(make_to_flag)->F(track_towards_tree)
3843,"['get_orange', 'proceed_to_house']",at some time get orange means that at any time proceed to house,F(get_orange)->F(proceed_to_house)
4233,"['be_near_tree', 'getting_pear']",at any time be near tree and at some time getting pear,F(be_near_tree)&F(getting_pear)
2122,"['start_going_to_house', 'have_pear']",when possible start going to house or when possible have pear,F(start_going_to_house)|F(have_pear)
5556,"['drop_orange', 'make_way_to_house']","if drop orange , repeatedly make way to house",drop_orange->G(F(make_way_to_house))
1354,"['go_by_waste_bin', 'reach_flag']",go by waste bin or whenever reach flag,go_by_waste_bin|F(reach_flag)
5684,"['journey_to_house', 'seize_apple']",at some time journey to house or seize apple,F(journey_to_house)|seize_apple
5254,"['move_to_house', 'get_hold_of_pear']",move to house or get hold of pear,move_to_house|get_hold_of_pear
4092,"['go_by_house', 'make_way_for_tree']",when possible go by house and whenever make way for tree,F(go_by_house)&F(make_way_for_tree)
2189,"['let_go_pear', 'be_in_houses_vicinity']",do not let go pear until at some time be in house's vicinity,~(let_go_pear)UF(be_in_houses_vicinity)
4205,"['venture_house', 'go_to_pear']",at some time venture house or repeatedly go to pear,F(venture_house)|G(F(go_to_pear))
1761,"['snatch_pear', 'go_visit_flag']",at some time snatch pear means that go visit flag,F(snatch_pear)->go_visit_flag
1528,"['go_by_tree', 'collect_apple']",at some time go by tree or whenever collect apple,F(go_by_tree)|F(collect_apple)
1101,"['be_in_houses_vicinity', 'venture_flag']",at some time be in house's vicinity and whenever venture flag,F(be_in_houses_vicinity)&F(venture_flag)
1499,"['venture_towards_house', 'present_at_flag']",venture towards house or at any time present at flag,venture_towards_house|F(present_at_flag)
1255,"['venture_to_house', 'go_by_waste_bin']",at any time venture to house or go by waste bin,F(venture_to_house)|go_by_waste_bin
3884,"['hold_apple', 'go_to_trash_bin']",hold apple or at any time go to trash bin,hold_apple|F(go_to_trash_bin)
2776,"['grab_orange', 'stop_by_flag']",at some time grab orange or stop by flag,F(grab_orange)|stop_by_flag
5314,"['withold_apple', 'seize_pear']",whenever withold apple until at some time seize pear,F(withold_apple)UF(seize_pear)
2132,"['let_go_orange', 'venture_to_flag']",never let go orange until at any time venture to flag,G(~(let_go_orange))UF(venture_to_flag)
1107,"['go_by_waste_basket', 'venture_to_house']",when possible go by waste basket can infer that at any time venture to house,F(go_by_waste_basket)->F(venture_to_house)
1709,"['go_by_waste_bin', 'withhold_apple']",go by waste bin or at any time withhold apple,go_by_waste_bin|F(withhold_apple)
2284,"['spend_time_at_tree', 'come_to_tree']",whenever spend time at tree or come to tree,F(spend_time_at_tree)|come_to_tree
1415,"['go_by_tree', 'scoop_up_apple']",at some time go by tree and at any time scoop up apple,F(go_by_tree)&F(scoop_up_apple)
1793,"['make_way_for_tree', 'contact_house']",whenever make way for tree and whenever contact house,F(make_way_for_tree)&F(contact_house)
4409,"['journey_to_tree', 'approach_tree']",at any time journey to tree or approach tree,F(journey_to_tree)|approach_tree
2255,"['pick_up_flag', 'proceed_to_house']",pick up flag and when possible proceed to house,pick_up_flag&F(proceed_to_house)
4675,"['drop_orange', 'acquire_pear']",never drop orange and when possible acquire pear,G(~(drop_orange))&F(acquire_pear)
2192,"['move_near_tree', 'get_to_tree']",when possible move near tree and get to tree,F(move_near_tree)&get_to_tree
2774,"['get_hold_of_pear', 'get_hold_of_pear']",get hold of pear or get hold of pear,get_hold_of_pear|get_hold_of_pear
5323,"['start_going_to_tree', 'grasp_orange']",whenever start going to tree or grasp orange,F(start_going_to_tree)|grasp_orange
3125,"['be_near_tree', 'venture_house']",when possible be near tree and whenever venture house,F(be_near_tree)&F(venture_house)
2648,"['proceed_to_house', 'pick_up_orange']",whenever proceed to house or pick up orange,F(proceed_to_house)|pick_up_orange
5136,"['get_pear', 'yield_pear']",whenever get pear and whenever yield pear,F(get_pear)&F(yield_pear)
1543,"['drop_apple', 'drop_apple']",never drop apple until never drop apple,G(~(drop_apple))UG(~(drop_apple))
1476,"['go_to_transh_can', 'go_to_orange_bin']",whenever go to transh can and go to orange bin,F(go_to_transh_can)&go_to_orange_bin
1739,"['gather_apple', 'go_near_flag']",gather apple or at any time go near flag,gather_apple|F(go_near_flag)
4170,"['make_contact_with_house', 'obtain_orange']",at some time make contact with house and when possible obtain orange,F(make_contact_with_house)&F(obtain_orange)
1519,"['reach_flag', 'present_at_flag']",when possible reach flag and whenever present at flag,F(reach_flag)&F(present_at_flag)
3503,"['go_visit_house', 'make_contact_flag']",when possible go visit house and whenever make contact flag,F(go_visit_house)&F(make_contact_flag)
2021,"['grab_tree', 'migrate_to_tree']",repeatedly grab tree or at some time migrate to tree,G(F(grab_tree))|F(migrate_to_tree)
1786,"['clutch_orange', 'keep_apple']",whenever clutch orange means that keep apple,F(clutch_orange)->keep_apple
1372,"['bring_pear', 'bring_pear']",whenever bring pear until when possible bring pear,F(bring_pear)UF(bring_pear)
5080,"['pick_up_peach', 'gather_apple']",at any time pick up peach and gather apple,F(pick_up_peach)&gather_apple
2500,"['have_in_orange', 'grab_flag']",forever have in orange or at any time grab flag,G(have_in_orange)|F(grab_flag)
2144,"['venture_to_waste_basket', 'go_past_flag']",whenever venture to waste basket until when possible go past flag,F(venture_to_waste_basket)UF(go_past_flag)
3210,"['proceed_to_house', 'touch_house']",when possible proceed to house or whenever touch house,F(proceed_to_house)|F(touch_house)
1903,"['travel_to_house', 'gather_orange']",at any time travel to house and gather orange,F(travel_to_house)&gather_orange
1772,"['grab_tree', 'spend_time_at_tree']",repeatedly grab tree or when possible spend time at tree,G(F(grab_tree))|F(spend_time_at_tree)
1830,"['go_by_waste_bin', 'go_by_waste_basket']",go by waste bin and whenever go by waste basket,go_by_waste_bin&F(go_by_waste_basket)
1095,"['venture_towards_house', 'reach_flag']","if venture towards house , at any time reach flag",venture_towards_house->F(reach_flag)
3146,"['pick_up_flag', 'go_to_orange']",pick up flag or go to orange,pick_up_flag|go_to_orange
1595,"['pick_up_flag', 'take_to_tree']",pick up flag or take to tree,pick_up_flag|take_to_tree
1450,"['move_near_tree', 'lay_hold_of_apple']",at some time move near tree and at some time lay hold of apple,F(move_near_tree)&F(lay_hold_of_apple)
1511,"['gather_orange', 'move_forward_trash_can']","if gather orange , whenever move forward trash can",gather_orange->F(move_forward_trash_can)
3800,"['arrive_at_tree', 'go_to_flag']",at some time arrive at tree and at any time go to flag,F(arrive_at_tree)&F(go_to_flag)
1209,"['drop_apple', 'go_by_waste_basket']",never drop apple and when possible go by waste basket,G(~(drop_apple))&F(go_by_waste_basket)
1764,"['secure_apple', 'drop_apple']",secure apple can infer that never drop apple,secure_apple->G(~(drop_apple))
2357,"['go_to_bucket', 'grasp_orange']",go to bucket or grasp orange,go_to_bucket|grasp_orange
1609,"['bring_pear', 'venture_towards_house']",at some time bring pear and venture towards house,F(bring_pear)&venture_towards_house
1728,"['grab_flag', 'come_to_tree']",at some time grab flag or come to tree,F(grab_flag)|come_to_tree
1529,"['move_towards_trash_can', 'approach_flag']","if move towards trash can , when possible approach flag",move_towards_trash_can->F(approach_flag)
1254,"['go_to_home', 'be_near_tree']",whenever go to home and when possible be near tree,F(go_to_home)&F(be_near_tree)
4057,"['let_go_orange', 'procure_apple']","if never let go orange , procure apple",G(~(let_go_orange))->procure_apple
3427,"['walk', 'take_apple']",walk and take apple,walk&take_apple
3702,"['go_by_trash_can', 'proceed_to_flag']",always go by trash can and when possible proceed to flag,G(go_by_trash_can)&F(proceed_to_flag)
3889,"['pick_up_orange', 'going_to_house']",pick up orange can infer that at any time going to house,pick_up_orange->F(going_to_house)
1641,"['make_way_waste_basket', 'grab_tree']",when possible make way waste basket or repeatedly grab tree,F(make_way_waste_basket)|G(F(grab_tree))
1472,"['go_by_house', 'seize_pear']",at any time go by house until at any time seize pear,F(go_by_house)UF(seize_pear)
1985,"['get_to_flag', 'lay_hold_of_apple']",at some time get to flag and when possible lay hold of apple,F(get_to_flag)&F(lay_hold_of_apple)
4795,"['take_pear', 'scoop_up_pear']",take pear and at some time scoop up pear,take_pear&F(scoop_up_pear)
5582,"['grasp_orange', 'stand_by_tree']",grasp orange or at some time stand by tree,grasp_orange|F(stand_by_tree)
1632,"['go_by_waste_basket', 'withhold_apple']",at some time go by waste basket or when possible withhold apple,F(go_by_waste_basket)|F(withhold_apple)
4254,"['let_go_orange', 'pick_up_fruit']",never let go orange until pick up fruit,G(~(let_go_orange))Upick_up_fruit
3522,"['going_to_house', 'move_towards_trash_can']",when possible going to house and move towards trash can,F(going_to_house)&move_towards_trash_can
1938,"['drop_apple', 'go_by_waste_basket']",never drop apple and at any time go by waste basket,G(~(drop_apple))&F(go_by_waste_basket)
2454,"['got_to_house', 'move_to_trashcan']",at some time got to house or move to trashcan,F(got_to_house)|move_to_trashcan
2405,"['move_forward_trash_can', 'getting_pear']",at any time move forward trash can or whenever getting pear,F(move_forward_trash_can)|F(getting_pear)
1617,"['travel_by_tree', 'touch_tree']",at some time travel by tree means that at any time touch tree,F(travel_by_tree)->F(touch_tree)
3683,"['move_past_trash_can', 'touch_flag']",whenever move past trash can and always touch flag,F(move_past_trash_can)&G(touch_flag)
1099,"['get_hold_apple', 'proceed_to_tree']",when possible get hold apple and whenever proceed to tree,F(get_hold_apple)&F(proceed_to_tree)
1199,"['make_to_flag', 'move_near_tree']",when possible make to flag or when possible move near tree,F(make_to_flag)|F(move_near_tree)
1436,"['go_to_apple', 'travel_to_house']",when possible go to apple or at some time travel to house,F(go_to_apple)|F(travel_to_house)
1705,"['get_near_flag', 'keep_apple']",whenever get near flag or keep apple,F(get_near_flag)|keep_apple
1440,"['obtain_orange', 'go_near_pear']",when possible obtain orange and when possible go near pear,F(obtain_orange)&F(go_near_pear)
2197,"['let_go', 'go_to_pear']",never let go or repeatedly go to pear,G(~(let_go))|G(F(go_to_pear))
3425,"['go_by_house', 'steal_apple']","if whenever go by house , at any time steal apple",F(go_by_house)->F(steal_apple)
5102,"['yield_pear', 'proceed_to_house']",at any time yield pear and when possible proceed to house,F(yield_pear)&F(proceed_to_house)
5892,"['pick_up_apple', 'grab_pear']",when possible pick up apple and when possible grab pear,F(pick_up_apple)&F(grab_pear)
2704,"['hold_on_to_pear', 'procure_orange']",hold on to pear until at any time procure orange,hold_on_to_pearUF(procure_orange)
3971,"['move_to_house', 'arrive_at_tree']",move to house and when possible arrive at tree,move_to_house&F(arrive_at_tree)
2214,"['go_near_pear', 'have_possession_of_apple']",at some time go near pear or when possible have possession of apple,F(go_near_pear)|F(have_possession_of_apple)
2102,"['contact_house', 'drop_orange']",at any time contact house or never drop orange,F(contact_house)|G(~(drop_orange))
1248,"['venture_towards_house', 'venture_towards_house']",venture towards house can infer that venture towards house,venture_towards_house->venture_towards_house
5431,"['gather_apple', 'proceed_to_house']",gather apple until at any time proceed to house,gather_appleUF(proceed_to_house)
5592,"['procure_orange', 'travel_to_house']",whenever procure orange and at some time travel to house,F(procure_orange)&F(travel_to_house)
3323,"['travel_to_flag', 'get_close_flag']",at some time travel to flag or whenever get close flag,F(travel_to_flag)|F(get_close_flag)
2181,"['approach_flag', 'go_to_peach']","if when possible approach flag , when possible go to peach",F(approach_flag)->F(go_to_peach)
1631,"['lay_hold_of_apple', 'drop_orange']",when possible lay hold of apple and never drop orange,F(lay_hold_of_apple)&G(~(drop_orange))
2322,"['seize_orange', 'get_close_tree']",whenever seize orange or when possible get close tree,F(seize_orange)|F(get_close_tree)
1042,"['go_past_house', 'go_visit_flag']",at some time go past house means that go visit flag,F(go_past_house)->go_visit_flag
2569,"['take_possession_of_bear', 'go_home']",when possible take possession of bear or when possible go home,F(take_possession_of_bear)|F(go_home)
2534,"['journey_to_flag', 'touch_house']",when possible journey to flag and whenever touch house,F(journey_to_flag)&F(touch_house)
1692,"['move_to_house', 'seize_apple']",move to house or seize apple,move_to_house|seize_apple
5020,"['get_orange', 'take_to_trash_can']","if at some time get orange , take to trash can",F(get_orange)->take_to_trash_can
1559,"['bring_pear', 'drop_apple']",whenever bring pear can infer that never drop apple,F(bring_pear)->G(~(drop_apple))
4879,"['get_hold_orange', 'go_to_orange']",at some time get hold orange and go to orange,F(get_hold_orange)&go_to_orange
1719,"['touch_tree', 'proceed_to_house']",at some time touch tree until when possible proceed to house,F(touch_tree)UF(proceed_to_house)
5419,"['acquire_pear', 'be_near_tree']",at any time acquire pear and at any time be near tree,F(acquire_pear)&F(be_near_tree)
1702,"['grip_apple', 'go_to_apple_trashcan']",grip apple or repeatedly go to apple trashcan,grip_apple|G(F(go_to_apple_trashcan))
2417,"['acquire_orange', 'take_pear']",acquire orange or take pear,acquire_orange|take_pear
3193,"['pass_by_trash_bin', 'journey_by_house']",at any time pass by trash bin until when possible journey by house,F(pass_by_trash_bin)UF(journey_by_house)
2154,"['stop_by_house', 'spend_time_at_tree']",when possible stop by house or at any time spend time at tree,F(stop_by_house)|F(spend_time_at_tree)
2311,"['have_in_orange', 'migrate_to_tree']",forever have in orange and when possible migrate to tree,G(have_in_orange)&F(migrate_to_tree)
2718,"['grasp_pear', 'touch_flag']",whenever grasp pear can infer that forever touch flag,F(grasp_pear)->G(touch_flag)
3958,"['collect_pear', 'go_past_flag']",collect pear and at any time go past flag,collect_pear&F(go_past_flag)
1791,"['move_towards_trash_can', 'stop_by_flag']",move towards trash can and stop by flag,move_towards_trash_can&stop_by_flag
3735,"['gather_pear', 'contact_flag']",at any time gather pear or whenever contact flag,F(gather_pear)|F(contact_flag)
1708,"['take_orange', 'pass_by_waste_receptacle']",take orange or whenever pass by waste receptacle,take_orange|F(pass_by_waste_receptacle)
2287,"['go_near_house', 'spend_time_at_tree']",at some time go near house and whenever spend time at tree,F(go_near_house)&F(spend_time_at_tree)
2818,"['pick_up_flag', 'grab_apple']",pick up flag and at any time grab apple,pick_up_flag&F(grab_apple)
3187,"['procure_pear', 'go_near_flag']",at some time procure pear and whenever go near flag,F(procure_pear)&F(go_near_flag)
4635,"['hold_on_to_pear', 'go_to_flag']",hold on to pear and when possible go to flag,hold_on_to_pear&F(go_to_flag)
2681,"['obtain_apple', 'go_home']",at some time obtain apple or at any time go home,F(obtain_apple)|F(go_home)
4827,"['procure_pear', 'pick_up_orange']",at any time procure pear and pick up orange,F(procure_pear)&pick_up_orange
1407,"['get_near_flag', 'go_to_apple_trashcan']",at some time get near flag or repeatedly go to apple trashcan,F(get_near_flag)|G(F(go_to_apple_trashcan))
2931,"['go_by_tree', 'acquire_orange']",when possible go by tree or acquire orange,F(go_by_tree)|acquire_orange
1947,"['go_near_house', 'advance_to_tree']",whenever go near house or advance to tree,F(go_near_house)|advance_to_tree
1797,"['snag_orange', 'go_to_orange_bin']","if at any time snag orange , go to orange bin",F(snag_orange)->go_to_orange_bin
2087,"['migrate_to_tree', 'grab_tree']",at any time migrate to tree and repeatedly grab tree,F(migrate_to_tree)&G(F(grab_tree))
1889,"['present_at_flag', 'withhold_apple']",at some time present at flag and at some time withhold apple,F(present_at_flag)&F(withhold_apple)
2822,"['travel_house', 'get_orange']",at some time travel house or at any time get orange,F(travel_house)|F(get_orange)
5562,"['venture_to_waste_basket', 'move_to_flag']",at any time venture to waste basket or whenever move to flag,F(venture_to_waste_basket)|F(move_to_flag)
1261,"['reach_tree', 'hold_pear']",at some time reach tree and hold pear,F(reach_tree)&hold_pear
3130,"['scoop_up_apple', 'show_yourself_near_house']",whenever scoop up apple or at some time show yourself near house,F(scoop_up_apple)|F(show_yourself_near_house)
3942,"['travel_by_tree', 'get_hold_orange']",when possible travel by tree or at some time get hold orange,F(travel_by_tree)|F(get_hold_orange)
2073,"['touch_flag', 'journey_to_tree']",always touch flag or at any time journey to tree,G(touch_flag)|F(journey_to_tree)
1857,"['go_to_flag', 'pick_up_flag']",whenever go to flag and pick up flag,F(go_to_flag)&pick_up_flag
1215,"['withhold_apple', 'secure_apple']",whenever withhold apple or secure apple,F(withhold_apple)|secure_apple
4554,"['approach_flag', 'go_near_pear']",at some time approach flag and at some time go near pear,F(approach_flag)&F(go_near_pear)
2032,"['travel_to_trash_can', 'let_go_orange']",at some time travel to trash can or never let go orange,F(travel_to_trash_can)|G(~(let_go_orange))
4993,"['go_to_pear', 'put_in_bin']",repeatedly go to pear and put in bin,G(F(go_to_pear))&put_in_bin
4518,"['drop_orange', 'hold_onto_orange']",never drop orange or always hold onto orange,G(~(drop_orange))|G(hold_onto_orange)
2236,"['approach_trash_can', 'stop_by_house']",approach trash can and when possible stop by house,approach_trash_can&F(stop_by_house)
5852,"['go_to_waste_basket', 'get_to_cup']",repeatedly go to waste basket or at any time get to cup,G(F(go_to_waste_basket))|F(get_to_cup)
2007,"['reach_house', 'hold_on_pear']","if reach house , always hold on pear",reach_house->G(hold_on_pear)
4086,"['put_in_bucket', 'take_orange']",put in bucket or take orange,put_in_bucket|take_orange
5529,"['pass_by_house', 'pick_up_fruit']",when possible pass by house or pick up fruit,F(pass_by_house)|pick_up_fruit
1784,"['be_at_house', 'reach_tree']",at any time be at house means that when possible reach tree,F(be_at_house)->F(reach_tree)
5392,"['take_to_trash_can', 'grab_orange']",take to trash can or when possible grab orange,take_to_trash_can|F(grab_orange)
3582,"['take_to_trash_can', 'take_orange']","when take to trash can , take orange",take_to_trash_can->take_orange
1568,"['snag_orange', 'take_to_trashcan']",at some time snag orange or take to trashcan,F(snag_orange)|take_to_trashcan
5911,"['going_to_house', 'approach_tree']",when possible going to house until approach tree,F(going_to_house)Uapproach_tree
2104,"['seize_orange', 'shift_to_flag']",at any time seize orange until when possible shift to flag,F(seize_orange)UF(shift_to_flag)
5453,"['gather_pear', 'drop_orange']",at some time gather pear or never drop orange,F(gather_pear)|G(~(drop_orange))
1903,"['go_by_waste_bin', 'secure_apple']",go by waste bin or secure apple,go_by_waste_bin|secure_apple
2467,"['stay', 'start_going_to_house']",forever stay or at any time start going to house,G(stay)|F(start_going_to_house)
3032,"['secure_pear', 'grasp_apple']",when possible secure pear or at any time grasp apple,F(secure_pear)|F(grasp_apple)
4788,"['go_to_apple', 'go_home']",when possible go to apple until whenever go home,F(go_to_apple)UF(go_home)
2753,"['go_near_flag', 'pick_up_anything']",whenever go near flag and do not pick up anything,F(go_near_flag)&~(F(pick_up_anything))
2413,"['travel_to_trash_can', 'go_to_peach']",at any time travel to trash can or when possible go to peach,F(travel_to_trash_can)|F(go_to_peach)
2083,"['travel_by_tree', 'pick_up_anything']",whenever travel by tree or do not pick up anything,F(travel_by_tree)|~(F(pick_up_anything))
5786,"['approach_tree', 'go_by_trash_can']",approach tree or forever go by trash can,approach_tree|G(go_by_trash_can)
2450,"['travel_to_apple', 'visit_trash_bin']",travel to apple and when possible visit trash bin,travel_to_apple&F(visit_trash_bin)
1565,"['venture_to_house', 'secure_apple']",whenever venture to house or secure apple,F(venture_to_house)|secure_apple
2404,"['move_to_house', 'take_to_tree']",move to house or take to tree,move_to_house|take_to_tree
4792,"['put_in_apple_bucket', 'get_hold_apple']",put in apple bucket and at some time get hold apple,put_in_apple_bucket&F(get_hold_apple)
1041,"['present_at_flag', 'bring_pear']",whenever present at flag and whenever bring pear,F(present_at_flag)&F(bring_pear)
2896,"['move_forward_trash_can', 'capture_pear']",at any time move forward trash can and when possible capture pear,F(move_forward_trash_can)&F(capture_pear)
1621,"['pick_up_pear', 'obtain_apple']",pick up pear or when possible obtain apple,pick_up_pear|F(obtain_apple)
2101,"['withdraw_pear', 'track_towards_tree']",whenever withdraw pear and at some time track towards tree,F(withdraw_pear)&F(track_towards_tree)
1040,"['reach_house', 'track_towards_tree']",reach house or whenever track towards tree,reach_house|F(track_towards_tree)
1915,"['grab_tree', 'lay_hold_of_apple']",repeatedly grab tree or at some time lay hold of apple,G(F(grab_tree))|F(lay_hold_of_apple)
1260,"['lay_hold_of_apple', 'grab_hold_pear']",when possible lay hold of apple can infer that grab hold pear,F(lay_hold_of_apple)->grab_hold_pear
1133,"['grab_hold_pear', 'track_towards_tree']",grab hold pear and whenever track towards tree,grab_hold_pear&F(track_towards_tree)
4875,"['put_in_bin', 'go_by_house']",put in bin means that at some time go by house,put_in_bin->F(go_by_house)
2109,"['clutch_orange', 'lay_hold_of_apple']",when possible clutch orange and whenever lay hold of apple,F(clutch_orange)&F(lay_hold_of_apple)
5797,"['come_home', 'drop_apple']",at any time come home or never drop apple,F(come_home)|G(~(drop_apple))
4452,"['proceed_to_flag', 'get_hold_orange']",at any time proceed to flag means that at some time get hold orange,F(proceed_to_flag)->F(get_hold_orange)
1076,"['have_in_orange', 'snag_orange']",always have in orange or when possible snag orange,G(have_in_orange)|F(snag_orange)
5880,"['proceed_to_tree', 'make_contact_with_house']",at some time proceed to tree and at some time make contact with house,F(proceed_to_tree)&F(make_contact_with_house)
2780,"['approach_house', 'pass_by_waste_receptacle']",when possible approach house or at any time pass by waste receptacle,F(approach_house)|F(pass_by_waste_receptacle)
1466,"['withhold_apple', 'drop_apple']","if when possible withhold apple , never drop apple",F(withhold_apple)->G(~(drop_apple))
5264,"['drop_orange', 'travel_to_waste_bin']",never drop orange or travel to waste bin,G(~(drop_orange))|travel_to_waste_bin
1079,"['move_near_tree', 'take_to_trashcan']",whenever move near tree or take to trashcan,F(move_near_tree)|take_to_trashcan
5360,"['proceed_to_house', 'travel_house']",at some time proceed to house or when possible travel house,F(proceed_to_house)|F(travel_house)
1921,"['stay', 'come_to_tree']",forever stay and come to tree,G(stay)&come_to_tree
1386,"['hold_pear', 'grab_pear']",hold pear and at any time grab pear,hold_pear&F(grab_pear)
4994,"['going_to_flag', 'hold_onto_orange']",when possible going to flag until always hold onto orange,F(going_to_flag)UG(hold_onto_orange)
2184,"['let_go_apple', 'gather_pear']",at some time let go apple and at some time gather pear,F(let_go_apple)&F(gather_pear)
3686,"['arrive_at_tree', 'make_contact_flag']",whenever arrive at tree or at some time make contact flag,F(arrive_at_tree)|F(make_contact_flag)
4907,"['going_to_house', 'let_go_orange']",when possible going to house or never let go orange,F(going_to_house)|G(~(let_go_orange))
3987,"['contact_flag', 'touch_tree']",at some time contact flag or at any time touch tree,F(contact_flag)|F(touch_tree)
1381,"['visit_trash_bin', 'make_way_waste_basket']",whenever visit trash bin and whenever make way waste basket,F(visit_trash_bin)&F(make_way_waste_basket)
4562,"['go_past_house', 'gather_apple']",at any time go past house and gather apple,F(go_past_house)&gather_apple
5801,"['be_at_house', 'travel_by_tree']",at any time be at house or at any time travel by tree,F(be_at_house)|F(travel_by_tree)
5471,"['acquire_orange', 'acquire_orange']",acquire orange until acquire orange,acquire_orangeUacquire_orange
1525,"['drop_pear', 'snatch_up_pear']",drop pear and snatch up pear,drop_pear&snatch_up_pear
2430,"['get_to_flag', 'got_to_house']",whenever get to flag and at some time got to house,F(get_to_flag)&F(got_to_house)
4729,"['make_way_for_tree', 'pick_up_apple']",whenever make way for tree or at any time pick up apple,F(make_way_for_tree)|F(pick_up_apple)
1994,"['travel_to_apple', 'take_to_trashcan']",travel to apple or take to trashcan,travel_to_apple|take_to_trashcan
1913,"['go_to_trash_can', 'shift_to_flag']",when possible go to trash can until whenever shift to flag,F(go_to_trash_can)UF(shift_to_flag)
1686,"['go_by_waste_basket', 'venture_towards_house']",whenever go by waste basket and venture towards house,F(go_by_waste_basket)&venture_towards_house
5771,"['proceed_to_house', 'make_contact_flag']","when when possible proceed to house , at any time make contact flag",F(proceed_to_house)->F(make_contact_flag)
2300,"['lay_hold_of_apple', 'go_to_orange_bin']",at any time lay hold of apple or go to orange bin,F(lay_hold_of_apple)|go_to_orange_bin
5356,"['go_to_home', 'go_to_house']",when possible go to home or when possible go to house,F(go_to_home)|F(go_to_house)
4614,"['venture_to_waste_basket', 'shift_to_flag']",at any time venture to waste basket until at some time shift to flag,F(venture_to_waste_basket)UF(shift_to_flag)
5496,"['gather_apple', 'put_in_apple_bucket']",gather apple and put in apple bucket,gather_apple&put_in_apple_bucket
2175,"['go_to_orange_bin', 'keep_apple']",go to orange bin or keep apple,go_to_orange_bin|keep_apple
2844,"['let_go_orange', 'yield_pear']",never let go orange until whenever yield pear,G(~(let_go_orange))UF(yield_pear)
3077,"['go_to_orange', 'go_to_trash_bin']",go to orange or at any time go to trash bin,go_to_orange|F(go_to_trash_bin)
2679,"['travel_to_house', 'venture_to_waste_basket']",at some time travel to house until at any time venture to waste basket,F(travel_to_house)UF(venture_to_waste_basket)
2163,"['go_to_tree', 'get_hold_of_orange']",at some time go to tree or at some time get hold of orange,F(go_to_tree)|F(get_hold_of_orange)
2015,"['move_to_trashcan', 'go_to_trashcan']",move to trashcan or at some time go to trashcan,move_to_trashcan|F(go_to_trashcan)
4746,"['visit_tree', 'hold_apple']",visit tree or hold apple,visit_tree|hold_apple
1145,"['venture_towards_house', 'secure_apple']","when venture towards house , secure apple",venture_towards_house->secure_apple
4370,"['procure_orange', 'acquire_apple']",at some time procure orange and acquire apple,F(procure_orange)&acquire_apple
3811,"['go_home', 'travel_by_tree']","if whenever go home , at some time travel by tree",F(go_home)->F(travel_by_tree)
4791,"['advance_to_house', 'touch_tree']",whenever advance to house until at some time touch tree,F(advance_to_house)UF(touch_tree)
3299,"['acquire_apple', 'go_by_flag']",acquire apple or when possible go by flag,acquire_apple|F(go_by_flag)
5279,"['secure_pear', 'go_to_orange']",when possible secure pear can infer that go to orange,F(secure_pear)->go_to_orange
1906,"['proceed_to_flag', 'make_way_to_house']",at some time proceed to flag or repeatedly make way to house,F(proceed_to_flag)|G(F(make_way_to_house))
1477,"['go_to_apple', 'hold_orange']",at any time go to apple and hold orange,F(go_to_apple)&hold_orange
4852,"['proceed_to_flag', 'go_to_apple']",at some time proceed to flag or when possible go to apple,F(proceed_to_flag)|F(go_to_apple)
1571,"['secure_apple', 'venture_towards_house']",secure apple or venture towards house,secure_apple|venture_towards_house
2621,"['make_your_way_flag', 'get_orange']",at any time make your way flag and whenever get orange,F(make_your_way_flag)&F(get_orange)
1662,"['drop_apple', 'drop_apple']",never drop apple and never drop apple,G(~(drop_apple))&G(~(drop_apple))
1846,"['go_visit_house', 'get_hold_apple']",at any time go visit house and whenever get hold apple,F(go_visit_house)&F(get_hold_apple)
1770,"['pass_by_trash_bin', 'hold_on_to_pear']",at some time pass by trash bin or hold on to pear,F(pass_by_trash_bin)|hold_on_to_pear
2581,"['make_way_for_tree', 'going_to_house']",at some time make way for tree until whenever going to house,F(make_way_for_tree)UF(going_to_house)
2093,"['go_to_trashcan', 'journey_by_flag']",at any time go to trashcan and at any time journey by flag,F(go_to_trashcan)&F(journey_by_flag)
2039,"['move_near_tree', 'approach_trash_can']",when possible move near tree and approach trash can,F(move_near_tree)&approach_trash_can
1500,"['start_going_to_house', 'stop_by_house']",whenever start going to house until whenever stop by house,F(start_going_to_house)UF(stop_by_house)
5787,"['travel_to_house', 'put_in_apple_bucket']",at some time travel to house and put in apple bucket,F(travel_to_house)&put_in_apple_bucket
1490,"['go_to_transh_can', 'travel_to_apple']",whenever go to transh can and travel to apple,F(go_to_transh_can)&travel_to_apple
4728,"['pick_up_pear', 'take_possession_of_bear']",pick up pear until at some time take possession of bear,pick_up_pearUF(take_possession_of_bear)
2396,"['travel_by_tree', 'acquire_pear']",when possible travel by tree or at some time acquire pear,F(travel_by_tree)|F(acquire_pear)
3025,"['let_go_orange', 'go_to_peach']",never let go orange or when possible go to peach,G(~(let_go_orange))|F(go_to_peach)
4922,"['yield_pear', 'go_by_flag']",whenever yield pear or at any time go by flag,F(yield_pear)|F(go_by_flag)
2418,"['reach_house', 'spend_time_at_tree']",reach house and at any time spend time at tree,reach_house&F(spend_time_at_tree)
2393,"['pick_up_peach', 'move_past_trash_can']",when possible pick up peach or at some time move past trash can,F(pick_up_peach)|F(move_past_trash_can)
1808,"['grip_apple', 'stop_by_house']",grip apple and whenever stop by house,grip_apple&F(stop_by_house)
5085,"['be_at_flag', 'yield_pear']",at any time be at flag or when possible yield pear,F(be_at_flag)|F(yield_pear)
4306,"['snatch_pear', 'venture_house']",when possible snatch pear and whenever venture house,F(snatch_pear)&F(venture_house)
1596,"['get_hold_of_pear', 'tax_apple']",get hold of pear and at some time tax apple,get_hold_of_pear&F(tax_apple)
4656,"['move_towards_trash_can', 'acquire_apple']",move towards trash can or acquire apple,move_towards_trash_can|acquire_apple
4769,"['grasp_pear', 'get_close_tree']",at some time grasp pear or at any time get close tree,F(grasp_pear)|F(get_close_tree)
1622,"['take_to_trashcan', 'go_to_orange_bin']",take to trashcan and go to orange bin,take_to_trashcan&go_to_orange_bin
4572,"['drop_orange', 'go_to_apple']",drop orange and whenever go to apple,drop_orange&F(go_to_apple)
1949,"['have_pear', 'venture_flag']",whenever have pear can infer that whenever venture flag,F(have_pear)->F(venture_flag)
3212,"['go_home', 'approach_house']",when possible go home or at some time approach house,F(go_home)|F(approach_house)
5689,"['gather_pear', 'arrive_at_tree']",at some time gather pear until at any time arrive at tree,F(gather_pear)UF(arrive_at_tree)
2684,"['make_your_way_flag', 'going_to_flag']","if whenever make your way flag , at any time going to flag",F(make_your_way_flag)->F(going_to_flag)
3851,"['get_hold_of_orange', 'put_in_bucket']",at some time get hold of orange or put in bucket,F(get_hold_of_orange)|put_in_bucket
3293,"['go_to_apple', 'go_near_flag']",when possible go to apple and when possible go near flag,F(go_to_apple)&F(go_near_flag)
1204,"['snag_orange', 'grab_hold_pear']",at some time snag orange and grab hold pear,F(snag_orange)&grab_hold_pear
2043,"['grasp_apple', 'acquire_orange']",at any time grasp apple until acquire orange,F(grasp_apple)Uacquire_orange
1233,"['grab_pear', 'touch_house']",when possible grab pear and when possible touch house,F(grab_pear)&F(touch_house)
5322,"['move_past_trash_can', 'go_to_house']",at any time move past trash can or whenever go to house,F(move_past_trash_can)|F(go_to_house)
1259,"['move_to_trashcan', 'let_go_orange']",move to trashcan and do not let go orange,move_to_trashcan&~(let_go_orange)
5373,"['visit_waste_basket', 'move_to_trash_can']",at any time visit waste basket can infer that move to trash can,F(visit_waste_basket)->move_to_trash_can
1282,"['be_in_houses_vicinity', 'advance_to_tree']",whenever be in house's vicinity and advance to tree,F(be_in_houses_vicinity)&advance_to_tree
3655,"['have_possession_of_apple', 'go_past_house']",when possible have possession of apple and at any time go past house,F(have_possession_of_apple)&F(go_past_house)
2355,"['go_near_house', 'start_going_to_house']",at any time go near house or whenever start going to house,F(go_near_house)|F(start_going_to_house)
2282,"['make_way_for_tree', 'let_go_orange']",when possible make way for tree or never let go orange,F(make_way_for_tree)|G(~(let_go_orange))
3695,"['move_towards_trash_can', 'hold_apple']",move towards trash can and hold apple,move_towards_trash_can&hold_apple
1703,"['reach_flag', 'withhold_apple']",whenever reach flag or when possible withhold apple,F(reach_flag)|F(withhold_apple)
4545,"['get_hold_of_orange', 'move_to_flag']",at some time get hold of orange until whenever move to flag,F(get_hold_of_orange)UF(move_to_flag)
4871,"['travel_to_waste_bin', 'journey_to_tree']",travel to waste bin and at any time journey to tree,travel_to_waste_bin&F(journey_to_tree)
5290,"['move_to_trash_can', 'go_to_house']","when move to trash can , when possible go to house",move_to_trash_can->F(go_to_house)
1721,"['take_to_trash_can', 'pick_up_pear']",take to trash can and pick up pear,take_to_trash_can&pick_up_pear
5809,"['be_at_flag', 'grasp_apple']",whenever be at flag means that at some time grasp apple,F(be_at_flag)->F(grasp_apple)
2357,"['drop_pear', 'move_to_trashcan']",drop pear or move to trashcan,drop_pear|move_to_trashcan
4501,"['move_towards_trash_can', 'go_home']",move towards trash can or whenever go home,move_towards_trash_can|F(go_home)
5516,"['secure_pear', 'take_possession_of_bear']","if at some time secure pear , whenever take possession of bear",F(secure_pear)->F(take_possession_of_bear)
1904,"['stay', 'go_to_trashcan']",always stay and when possible go to trashcan,G(stay)&F(go_to_trashcan)
4138,"['go_home', 'procure_pear']",when possible go home or at any time procure pear,F(go_home)|F(procure_pear)
4241,"['go_to_waste_basket', 'take_orange']",repeatedly go to waste basket or take orange,G(F(go_to_waste_basket))|take_orange
1646,"['keep_apple', 'go_near_house']",keep apple and whenever go near house,keep_apple&F(go_near_house)
4917,"['be_at_flag', 'pick_up_orange']",whenever be at flag or pick up orange,F(be_at_flag)|pick_up_orange
2162,"['snag_orange', 'move_to_trashcan']",when possible snag orange and move to trashcan,F(snag_orange)&move_to_trashcan
1952,"['stop_by_house', 'grip_apple']",whenever stop by house until grip apple,F(stop_by_house)Ugrip_apple
1749,"['hold_orange', 'go_by_house']",hold orange and when possible go by house,hold_orange&F(go_by_house)
2140,"['clutch_orange', 'grip_apple']",at any time clutch orange or grip apple,F(clutch_orange)|grip_apple
2081,"['venture_house', 'go_visit_house']","when whenever venture house , when possible go visit house",F(venture_house)->F(go_visit_house)
1731,"['drop_apple', 'reach_flag']",never drop apple or at any time reach flag,G(~(drop_apple))|F(reach_flag)
1781,"['visit_house', 'pick_up_apple']",at some time visit house and at some time pick up apple,F(visit_house)&F(pick_up_apple)
5336,"['go_to_trash_bin', 'go_by_house']",at some time go to trash bin or whenever go by house,F(go_to_trash_bin)|F(go_by_house)
1537,"['drop_apple', 'present_at_flag']",never drop apple and at some time present at flag,G(~(drop_apple))&F(present_at_flag)
2678,"['go_by_flag', 'put_in_apple_bucket']",at some time go by flag or put in apple bucket,F(go_by_flag)|put_in_apple_bucket
2275,"['shift_to_flag', 'let_go_orange']",at any time shift to flag and never let go orange,F(shift_to_flag)&G(~(let_go_orange))
1458,"['grab_apple', 'get_pear']",when possible grab apple or when possible get pear,F(grab_apple)|F(get_pear)
3550,"['get_hold_apple', 'venture_house']",when possible get hold apple or whenever venture house,F(get_hold_apple)|F(venture_house)
1548,"['drop_orange', 'reach_house']",never drop orange or reach house,G(~(drop_orange))|reach_house
2377,"['steal_apple', 'proceed_to_tree']",when possible steal apple and when possible proceed to tree,F(steal_apple)&F(proceed_to_tree)
5831,"['approach_house', 'put_in_apple_bucket']",at some time approach house or put in apple bucket,F(approach_house)|put_in_apple_bucket
4343,"['pass_by_house', 'go_to_flag']",when possible pass by house means that at any time go to flag,F(pass_by_house)->F(go_to_flag)
2394,"['go_to_orange_bin', 'snag_orange']",go to orange bin and when possible snag orange,go_to_orange_bin&F(snag_orange)
1835,"['go_to_apple_trashcan', 'withdraw_pear']",repeatedly go to apple trashcan or at any time withdraw pear,G(F(go_to_apple_trashcan))|F(withdraw_pear)
3629,"['move_to_flag', 'grab_pear']",whenever move to flag or at any time grab pear,F(move_to_flag)|F(grab_pear)
5804,"['be_at_house', 'be_at_flag']",at some time be at house can infer that whenever be at flag,F(be_at_house)->F(be_at_flag)
2062,"['migrate_to_tree', 'snatch_up_pear']",when possible migrate to tree and snatch up pear,F(migrate_to_tree)&snatch_up_pear
1280,"['visit_house', 'venture_to_flag']",at some time visit house and whenever venture to flag,F(visit_house)&F(venture_to_flag)
2749,"['go_to_flag', 'seize_pear']",when possible go to flag and at some time seize pear,F(go_to_flag)&F(seize_pear)
2637,"['go_to_home', 'steal_apple']",when possible go to home or at some time steal apple,F(go_to_home)|F(steal_apple)
5222,"['grab_orange', 'touch_flag']",at any time grab orange or forever touch flag,F(grab_orange)|G(touch_flag)
4355,"['go_by_tree', 'take_possession_of_bear']",whenever go by tree or whenever take possession of bear,F(go_by_tree)|F(take_possession_of_bear)
2618,"['move_forward_trash_can', 'take_apple']",when possible move forward trash can or take apple,F(move_forward_trash_can)|take_apple
4781,"['move_towards_trash_can', 'go_to_bucket']",move towards trash can or go to bucket,move_towards_trash_can|go_to_bucket
2223,"['drop_apple', 'hold_on_to_pear']",never drop apple and hold on to pear,G(~(drop_apple))&hold_on_to_pear
2388,"['arrive_at_tree', 'get_hold_of_pear']",at any time arrive at tree or get hold of pear,F(arrive_at_tree)|get_hold_of_pear
1021,"['set_out_to_house', 'go_visit_flag']",at any time set out to house or go visit flag,F(set_out_to_house)|go_visit_flag
2917,"['collect_orange', 'go_to_trash_can']",at any time collect orange or when possible go to trash can,F(collect_orange)|F(go_to_trash_can)
1805,"['seize_apple', 'go_to_bucket']",seize apple and go to bucket,seize_apple&go_to_bucket
2985,"['go_to_tree', 'venture_to_flag']",at any time go to tree or at some time venture to flag,F(go_to_tree)|F(venture_to_flag)
1437,"['drop_apple', 'secure_apple']",never drop apple and secure apple,G(~(drop_apple))&secure_apple
4634,"['get_hold_of_pear', 'go_to_house']",get hold of pear and when possible go to house,get_hold_of_pear&F(go_to_house)
1738,"['grasp_orange', 'get_hold_of_orange']",grasp orange or at any time get hold of orange,grasp_orange|F(get_hold_of_orange)
3496,"['go_to_waste_basket', 'travel_to_waste_bin']",repeatedly go to waste basket or travel to waste bin,G(F(go_to_waste_basket))|travel_to_waste_bin
3571,"['let_go', 'steal_apple']",never let go or whenever steal apple,G(~(let_go))|F(steal_apple)
1548,"['travel_to_house', 'get_orange']",at some time travel to house or at some time get orange,F(travel_to_house)|F(get_orange)
5865,"['hold_pear', 'go_to_trash_can']",hold pear or whenever go to trash can,hold_pear|F(go_to_trash_can)
3593,"['proceed_to_flag', 'hold_orange']",at some time proceed to flag or hold orange,F(proceed_to_flag)|hold_orange
3233,"['get_apple', 'set_out_to_house']",at some time get apple or when possible set out to house,F(get_apple)|F(set_out_to_house)
1450,"['venture_towards_house', 'reach_flag']",venture towards house until at any time reach flag,venture_towards_houseUF(reach_flag)
1012,"['venture_towards_house', 'go_by_waste_bin']",venture towards house and go by waste bin,venture_towards_house&go_by_waste_bin
1396,"['venture_flag', 'make_to_flag']",at some time venture flag or at any time make to flag,F(venture_flag)|F(make_to_flag)
1546,"['secure_apple', 'reach_flag']",secure apple and when possible reach flag,secure_apple&F(reach_flag)
4772,"['proceed_to_flag', 'visit_flag']",whenever proceed to flag until when possible visit flag,F(proceed_to_flag)UF(visit_flag)
3011,"['let_go_apple', 'take_orange']",at some time let go apple or take orange,F(let_go_apple)|take_orange
4180,"['secure_pear', 'set_out_to_house']",at any time secure pear or whenever set out to house,F(secure_pear)|F(set_out_to_house)
1355,"['get_pear', 'visit_flag']",when possible get pear or whenever visit flag,F(get_pear)|F(visit_flag)
2230,"['arrive_at_tree', 'travel_to_house']",at any time arrive at tree or at some time travel to house,F(arrive_at_tree)|F(travel_to_house)
1999,"['go_by_waste_basket', 'go_by_waste_basket']",at any time go by waste basket and at any time go by waste basket,F(go_by_waste_basket)&F(go_by_waste_basket)
2409,"['hold_apple', 'hold_orange']",hold apple or hold orange,hold_apple|hold_orange
1914,"['withhold_apple', 'present_at_flag']",at any time withhold apple or whenever present at flag,F(withhold_apple)|F(present_at_flag)
1154,"['venture_to_house', 'venture_to_house']",whenever venture to house and at any time venture to house,F(venture_to_house)&F(venture_to_house)
4707,"['venture_to_flag', 'go_by_house']",whenever venture to flag or at any time go by house,F(venture_to_flag)|F(go_by_house)
2710,"['move', 'pick_up_orange']",always move or pick up orange,G(move)|pick_up_orange
3555,"['proceed_to_tree', 'drop_orange']",whenever proceed to tree or never drop orange,F(proceed_to_tree)|G(~(drop_orange))
4558,"['hold_pear', 'proceed_to_tree']",hold pear and whenever proceed to tree,hold_pear&F(proceed_to_tree)
4428,"['drop_orange', 'touch_house']",never drop orange or whenever touch house,G(~(drop_orange))|F(touch_house)
5169,"['grab_orange', 'journey_to_house']",whenever grab orange and at any time journey to house,F(grab_orange)&F(journey_to_house)
1712,"['contact_house', 'grasp_pear']",whenever contact house and when possible grasp pear,F(contact_house)&F(grasp_pear)
2314,"['spend_time_at_tree', 'snatch_up_pear']","if at any time spend time at tree , snatch up pear",F(spend_time_at_tree)->snatch_up_pear
2404,"['clutch_orange', 'withdraw_pear']",when possible clutch orange until at some time withdraw pear,F(clutch_orange)UF(withdraw_pear)
2610,"['collect_orange', 'yield_pear']",when possible collect orange or at some time yield pear,F(collect_orange)|F(yield_pear)
5324,"['obtain_apple', 'visit_tree']",at some time obtain apple and visit tree,F(obtain_apple)&visit_tree
2148,"['have_pear', 'start_going_to_house']",at some time have pear or at any time start going to house,F(have_pear)|F(start_going_to_house)
1565,"['move_near_tree', 'snag_orange']",at some time move near tree and when possible snag orange,F(move_near_tree)&F(snag_orange)
2456,"['visit_flag', 'hold_on_to_pear']",whenever visit flag and hold on to pear,F(visit_flag)&hold_on_to_pear
2474,"['have_pear', 'venture_flag']",at some time have pear and when possible venture flag,F(have_pear)&F(venture_flag)
1761,"['go_to_orange_bin', 'start_going_to_house']",go to orange bin or at any time start going to house,go_to_orange_bin|F(start_going_to_house)
4251,"['gather_pear', 'steal_apple']",when possible gather pear or at any time steal apple,F(gather_pear)|F(steal_apple)
3510,"['get_close_tree', 'take_pear']",at some time get close tree and take pear,F(get_close_tree)&take_pear
1259,"['drop_apple', 'hold_orange']","when never drop apple , hold orange",G(~(drop_apple))->hold_orange
2783,"['move_past_trash_can', 'capture_pear']",at some time move past trash can and whenever capture pear,F(move_past_trash_can)&F(capture_pear)
6000,"['get_hold_apple', 'drop_orange']",whenever get hold apple or never drop orange,F(get_hold_apple)|G(~(drop_orange))
4075,"['going_to_flag', 'put_in_bin']",at some time going to flag or put in bin,F(going_to_flag)|put_in_bin
4245,"['get_hold_orange', 'move_forward_trash_can']","when at any time get hold orange , whenever move forward trash can",F(get_hold_orange)->F(move_forward_trash_can)
2407,"['venture_to_trash_can', 'go_to_trash_can']","when venture to trash can , when possible go to trash can",venture_to_trash_can->F(go_to_trash_can)
1576,"['show_yourself_near_house', 'get_hold_orange']",at any time show yourself near house or whenever get hold orange,F(show_yourself_near_house)|F(get_hold_orange)
1996,"['drop_apple', 'approach_tree']",never drop apple or approach tree,G(~(drop_apple))|approach_tree
4412,"['stop_by_flag', 'reach_tree']",stop by flag or at some time reach tree,stop_by_flag|F(reach_tree)
2514,"['get_apple', 'take_possession_of_bear']",at any time get apple or when possible take possession of bear,F(get_apple)|F(take_possession_of_bear)
2173,"['proceed_to_flag', 'go_by_tree']",whenever proceed to flag or at some time go by tree,F(proceed_to_flag)|F(go_by_tree)
1992,"['let_go_pear', 'take_pear']",don't let go pear means that take pear,~(let_go_pear)->take_pear
3434,"['obtain_apple', 'move_towards_trash_can']",whenever obtain apple until move towards trash can,F(obtain_apple)Umove_towards_trash_can
5688,"['travel_to_trash_can', 'travel_by_tree']",at some time travel to trash can or whenever travel by tree,F(travel_to_trash_can)|F(travel_by_tree)
4726,"['haul_pear', 'procure_orange']",at any time haul pear or whenever procure orange,F(haul_pear)|F(procure_orange)
5358,"['travel_to_trash_can', 'pass_by_trash_bin']",whenever travel to trash can can infer that when possible pass by trash bin,F(travel_to_trash_can)->F(pass_by_trash_bin)
2303,"['go_visit_flag', 'grab_pear']",go visit flag until when possible grab pear,go_visit_flagUF(grab_pear)
3752,"['go_home', 'move_to_house']",at some time go home or move to house,F(go_home)|move_to_house
1833,"['withhold_apple', 'present_at_flag']",at any time withhold apple or at some time present at flag,F(withhold_apple)|F(present_at_flag)
3624,"['venture_house', 'take_to_trash_can']",at some time venture house and take to trash can,F(venture_house)&take_to_trash_can
3988,"['get_pear', 'go_by_tree']",at any time get pear or when possible go by tree,F(get_pear)|F(go_by_tree)
3074,"['move_to_tree', 'go_to_waste_basket']",move to tree or repeatedly go to waste basket,move_to_tree|G(F(go_to_waste_basket))
1597,"['go_to_waste_basket', 'drop_orange']",repeatedly go to waste basket or never drop orange,G(F(go_to_waste_basket))|G(~(drop_orange))
3339,"['pick_up_orange', 'journey_to_house']",pick up orange or at any time journey to house,pick_up_orange|F(journey_to_house)
3562,"['capture_orange', 'go_to_flag']",capture orange or when possible go to flag,capture_orange|F(go_to_flag)
1604,"['touch_tree', 'drop_apple']",at some time touch tree or never drop apple,F(touch_tree)|G(~(drop_apple))
2705,"['travel_to_waste_bin', 'go_visit_flag']",travel to waste bin and go visit flag,travel_to_waste_bin&go_visit_flag
3714,"['let_go', 'drop_orange']",never let go and drop orange,G(~(let_go))&drop_orange
4502,"['drop_orange', 'shift_to_flag']",never drop orange until at any time shift to flag,G(~(drop_orange))UF(shift_to_flag)
1323,"['drop_apple', 'drop_apple']",never drop apple and never drop apple,G(~(drop_apple))&G(~(drop_apple))
4770,"['pick_up_flag', 'journey_to_flag']",pick up flag or at any time journey to flag,pick_up_flag|F(journey_to_flag)
1701,"['be_near_tree', 'pick_up_peach']",at some time be near tree or whenever pick up peach,F(be_near_tree)|F(pick_up_peach)
1782,"['drop_apple', 'go_by_waste_bin']",never drop apple and go by waste bin,G(~(drop_apple))&go_by_waste_bin
2975,"['pick_up_pear', 'make_your_way_flag']",pick up pear until at some time make your way flag,pick_up_pearUF(make_your_way_flag)
1306,"['take_possession_of_bear', 'travel_by_tree']",at some time take possession of bear means that at some time travel by tree,F(take_possession_of_bear)->F(travel_by_tree)
4475,"['get_hold_orange', 'pick_up_orange']",whenever get hold orange or pick up orange,F(get_hold_orange)|pick_up_orange
1513,"['go_by_waste_basket', 'secure_apple']","if when possible go by waste basket , secure apple",F(go_by_waste_basket)->secure_apple
4988,"['let_go', 'go_to_peach']",never let go or whenever go to peach,G(~(let_go))|F(go_to_peach)
1312,"['venture_to_waste_basket', 'let_go_orange']","if at any time venture to waste basket , never let go orange",F(venture_to_waste_basket)->G(~(let_go_orange))
4391,"['visit_house', 'gather_apple']",at some time visit house or gather apple,F(visit_house)|gather_apple
5666,"['get_close_tree', 'visit_tree']",at some time get close tree and visit tree,F(get_close_tree)&visit_tree
1164,"['drop_apple', 'drop_apple']",never drop apple or never drop apple,G(~(drop_apple))|G(~(drop_apple))
1323,"['go_to_orange_bin', 'snatch_up_pear']",go to orange bin until snatch up pear,go_to_orange_binUsnatch_up_pear
4036,"['drop_pear', 'visit_flag']",never drop pear until at some time visit flag,G(~(drop_pear))UF(visit_flag)
3876,"['venture_to_flag', 'let_go_apple']",when possible venture to flag or whenever let go apple,F(venture_to_flag)|F(let_go_apple)
4287,"['come_home', 'let_go_orange']",at any time come home until never let go orange,F(come_home)UG(~(let_go_orange))
2624,"['approach_tree', 'acquire_pear']",approach tree or at some time acquire pear,approach_tree|F(acquire_pear)
5902,"['go_visit_house', 'scoop_up_pear']","if at some time go visit house , at any time scoop up pear",F(go_visit_house)->F(scoop_up_pear)
1869,"['come_to_tree', 'go_near_house']",come to tree and whenever go near house,come_to_tree&F(go_near_house)
1204,"['secure_apple', 'bring_pear']",secure apple and at any time bring pear,secure_apple&F(bring_pear)
3226,"['take_possession_of_bear', 'hold_on_to_pear']",at any time take possession of bear and hold on to pear,F(take_possession_of_bear)&hold_on_to_pear
2086,"['keep_apple', 'got_to_house']",keep apple or at some time got to house,keep_apple|F(got_to_house)
1756,"['stand_by_tree', 'take_to_trash_can']",when possible stand by tree or take to trash can,F(stand_by_tree)|take_to_trash_can
4777,"['go_visit_flag', 'put_in_bin']",go visit flag or put in bin,go_visit_flag|put_in_bin
5064,"['stop_by_trash_can', 'get_close_flag']",at any time stop by trash can and when possible get close flag,F(stop_by_trash_can)&F(get_close_flag)
5237,"['get_close_tree', 'get_hold_of_orange']",when possible get close tree and at any time get hold of orange,F(get_close_tree)&F(get_hold_of_orange)
4441,"['pass_by_house', 'journey_to_tree']",when possible pass by house and when possible journey to tree,F(pass_by_house)&F(journey_to_tree)
5570,"['walk_to_flag', 'go_by_trash_can']",whenever walk to flag can infer that forever go by trash can,F(walk_to_flag)->G(go_by_trash_can)
1505,"['grip_apple', 'spend_time_at_tree']",grip apple and at some time spend time at tree,grip_apple&F(spend_time_at_tree)
4048,"['stop_by_flag', 'drop_orange']",stop by flag or never drop orange,stop_by_flag|G(~(drop_orange))
3667,"['pick_up_fruit', 'snatch_pear']",pick up fruit or when possible snatch pear,pick_up_fruit|F(snatch_pear)
1311,"['go_to_bucket', 'have_apple']",go to bucket or always have apple,go_to_bucket|G(have_apple)
5884,"['visit_waste_basket', 'move_towards_trash_can']",when possible visit waste basket until move towards trash can,F(visit_waste_basket)Umove_towards_trash_can
3220,"['proceed_to_house', 'pass_by_waste_receptacle']",whenever proceed to house and whenever pass by waste receptacle,F(proceed_to_house)&F(pass_by_waste_receptacle)
2413,"['reach_house', 'advance_to_tree']",reach house until advance to tree,reach_houseUadvance_to_tree
3786,"['secure_pear', 'approach_flag']",at some time secure pear and when possible approach flag,F(secure_pear)&F(approach_flag)
1507,"['venture_towards_house', 'secure_apple']",venture towards house or secure apple,venture_towards_house|secure_apple
4701,"['drop_apple', 'go_to_waste_basket']",never drop apple or repeatedly go to waste basket,G(~(drop_apple))|G(F(go_to_waste_basket))
2290,"['make_way_waste_basket', 'spend_time_at_tree']",at some time make way waste basket or whenever spend time at tree,F(make_way_waste_basket)|F(spend_time_at_tree)
2340,"['make_to_flag', 'move_near_tree']",when possible make to flag or whenever move near tree,F(make_to_flag)|F(move_near_tree)
4509,"['travel_to_trash_can', 'visit_house']","when at some time travel to trash can , at some time visit house",F(travel_to_trash_can)->F(visit_house)
5993,"['pass_by_waste_receptacle', 'visit_waste_basket']",at some time pass by waste receptacle or when possible visit waste basket,F(pass_by_waste_receptacle)|F(visit_waste_basket)
1530,"['move_near_tree', 'grab_hold_pear']",at some time move near tree and grab hold pear,F(move_near_tree)&grab_hold_pear
5107,"['put_in_bin', 'journey_to_tree']",put in bin and at some time journey to tree,put_in_bin&F(journey_to_tree)
3577,"['procure_apple', 'haul_pear']",procure apple and at some time haul pear,procure_apple&F(haul_pear)
1207,"['withhold_apple', 'go_by_waste_bin']",at some time withhold apple or go by waste bin,F(withhold_apple)|go_by_waste_bin
1667,"['go_by_trash_can', 'walk_near_flag']",always go by trash can and at any time walk near flag,G(go_by_trash_can)&F(walk_near_flag)
2228,"['grab_tree', 'track_towards_tree']",repeatedly grab tree or whenever track towards tree,G(F(grab_tree))|F(track_towards_tree)
1736,"['travel_to_waste_bin', 'procure_pear']",travel to waste bin or whenever procure pear,travel_to_waste_bin|F(procure_pear)
1417,"['get_to_flag', 'drop_pear']",whenever get to flag or drop pear,F(get_to_flag)|drop_pear
1972,"['journey_to_flag', 'seize_apple']",when possible journey to flag and seize apple,F(journey_to_flag)&seize_apple
4888,"['go_visit_house', 'pick_up_anything']",at some time go visit house and don't pick up anything,F(go_visit_house)&~(F(pick_up_anything))
2159,"['go_near_house', 'hold_on_pear']",when possible go near house and always hold on pear,F(go_near_house)&G(hold_on_pear)
1025,"['grab_tree', 'get_near_flag']",repeatedly grab tree or at some time get near flag,G(F(grab_tree))|F(get_near_flag)
4711,"['go_to_trash_bin', 'get_pear']","if at any time go to trash bin , when possible get pear",F(go_to_trash_bin)->F(get_pear)
1354,"['hold_on_to_pear', 'collect_apple']",hold on to pear or whenever collect apple,hold_on_to_pear|F(collect_apple)
2511,"['move_to_house', 'visit_house']",move to house and when possible visit house,move_to_house&F(visit_house)
1529,"['track_towards_tree', 'spend_time_at_tree']",at some time track towards tree or at some time spend time at tree,F(track_towards_tree)|F(spend_time_at_tree)
1304,"['got_to_house', 'clutch_orange']",at any time got to house and when possible clutch orange,F(got_to_house)&F(clutch_orange)
1042,"['go_by_waste_bin', 'drop_apple']",go by waste bin or never drop apple,go_by_waste_bin|G(~(drop_apple))
2001,"['snatch_up_pear', 'move_near_tree']",snatch up pear and when possible move near tree,snatch_up_pear&F(move_near_tree)
3788,"['acquire_pear', 'grasp_pear']",when possible acquire pear or at any time grasp pear,F(acquire_pear)|F(grasp_pear)
1526,"['reach_flag', 'reach_flag']",when possible reach flag or at any time reach flag,F(reach_flag)|F(reach_flag)
1186,"['be_in_houses_vicinity', 'lay_hold_of_apple']",when possible be in house's vicinity and whenever lay hold of apple,F(be_in_houses_vicinity)&F(lay_hold_of_apple)
3637,"['journey_to_house', 'tax_apple']",whenever journey to house or at some time tax apple,F(journey_to_house)|F(tax_apple)
1010,"['present_at_flag', 'withhold_apple']",when possible present at flag or whenever withhold apple,F(present_at_flag)|F(withhold_apple)
1454,"['stay', 'get_to_tree']",forever stay or get to tree,G(stay)|get_to_tree
3283,"['get_hold_of_pear', 'move_forward_trash_can']",get hold of pear and at any time move forward trash can,get_hold_of_pear&F(move_forward_trash_can)
1457,"['reach_flag', 'bring_pear']",at any time reach flag can infer that at any time bring pear,F(reach_flag)->F(bring_pear)
1055,"['take_orange', 'pick_up_flag']",take orange and pick up flag,take_orange&pick_up_flag
1366,"['go_to_apple_trashcan', 'grip_apple']",repeatedly go to apple trashcan or grip apple,G(F(go_to_apple_trashcan))|grip_apple
3250,"['pick_up_anything', 'put_in_bucket']",do not pick up anything can infer that put in bucket,~(F(pick_up_anything))->put_in_bucket
5762,"['scoop_up_pear', 'go_to_waste_basket']",when possible scoop up pear until repeatedly go to waste basket,F(scoop_up_pear)UG(F(go_to_waste_basket))
5674,"['touch_house', 'travel_to_trash_can']",at any time touch house or whenever travel to trash can,F(touch_house)|F(travel_to_trash_can)
4609,"['move_past_trash_can', 'capture_orange']",at some time move past trash can or capture orange,F(move_past_trash_can)|capture_orange
4212,"['shift_to_flag', 'go_to_bucket']",when possible shift to flag and go to bucket,F(shift_to_flag)&go_to_bucket
1419,"['secure_apple', 'venture_towards_house']",secure apple can infer that venture towards house,secure_apple->venture_towards_house
2029,"['withold_apple', 'walk_to_flag']",at any time withold apple or whenever walk to flag,F(withold_apple)|F(walk_to_flag)
4574,"['capture_pear', 'go_to_peach']",at some time capture pear and at some time go to peach,F(capture_pear)&F(go_to_peach)
3177,"['acquire_apple', 'stop_by_flag']",acquire apple or stop by flag,acquire_apple|stop_by_flag
3849,"['drop_orange', 'move_forward_trash_can']",never drop orange or at some time move forward trash can,G(~(drop_orange))|F(move_forward_trash_can)
4869,"['hold_onto_orange', 'let_go_apple']",forever hold onto orange or when possible let go apple,G(hold_onto_orange)|F(let_go_apple)
4440,"['going_to_flag', 'procure_pear']",at some time going to flag or whenever procure pear,F(going_to_flag)|F(procure_pear)
2099,"['snag_orange', 'grip_apple']","when whenever snag orange , grip apple",F(snag_orange)->grip_apple
3006,"['capture_pear', 'obtain_orange']",whenever capture pear can infer that when possible obtain orange,F(capture_pear)->F(obtain_orange)
1065,"['grab_tree', 'stop_by_house']",repeatedly grab tree or at some time stop by house,G(F(grab_tree))|F(stop_by_house)
1590,"['set_out_to_house', 'scoop_up_apple']",at some time set out to house until at some time scoop up apple,F(set_out_to_house)UF(scoop_up_apple)
1883,"['be_in_houses_vicinity', 'venture_flag']",whenever be in house's vicinity or at some time venture flag,F(be_in_houses_vicinity)|F(venture_flag)
3859,"['acquire_orange', 'gather_pear']",acquire orange and whenever gather pear,acquire_orange&F(gather_pear)
2261,"['going_to_house', 'going_to_house']",whenever going to house or at any time going to house,F(going_to_house)|F(going_to_house)
2164,"['tax_apple', 'pick_up_peach']",whenever tax apple or when possible pick up peach,F(tax_apple)|F(pick_up_peach)
3497,"['proceed_to_house', 'grab_orange']",at any time proceed to house and at any time grab orange,F(proceed_to_house)&F(grab_orange)
1779,"['present_at_flag', 'bring_pear']","when when possible present at flag , at some time bring pear",F(present_at_flag)->F(bring_pear)
5205,"['venture_house', 'put_in_bin']",when possible venture house or put in bin,F(venture_house)|put_in_bin
1444,"['secure_apple', 'withhold_apple']",secure apple and whenever withhold apple,secure_apple&F(withhold_apple)
5723,"['yield_pear', 'venture_to_trash_can']","when at some time yield pear , venture to trash can",F(yield_pear)->venture_to_trash_can
2830,"['take_to_tree', 'procure_orange']",take to tree or at any time procure orange,take_to_tree|F(procure_orange)
3431,"['secure_pear', 'hold_onto_orange']",whenever secure pear or forever hold onto orange,F(secure_pear)|G(hold_onto_orange)
1349,"['withhold_apple', 'withhold_apple']","when at some time withhold apple , whenever withhold apple",F(withhold_apple)->F(withhold_apple)
2215,"['let_go', 'grab_orange']",never let go or whenever grab orange,G(~(let_go))|F(grab_orange)
1294,"['snatch_up_pear', 'stop_by_house']",snatch up pear or when possible stop by house,snatch_up_pear|F(stop_by_house)
3502,"['put_in_apple_bucket', 'pick_up_pear']",put in apple bucket and pick up pear,put_in_apple_bucket&pick_up_pear
3730,"['be_at_house', 'go_past_flag']",whenever be at house or whenever go past flag,F(be_at_house)|F(go_past_flag)
2802,"['let_go_pear', 'scoop_up_apple']","when do not let go pear , whenever scoop up apple",~(let_go_pear)->F(scoop_up_apple)
1156,"['present_at_flag', 'present_at_flag']",whenever present at flag and at some time present at flag,F(present_at_flag)&F(present_at_flag)
1284,"['arrive_at_tree', 'let_go_apple']",when possible arrive at tree until at any time let go apple,F(arrive_at_tree)UF(let_go_apple)
4163,"['touch_tree', 'hold_apple']",whenever touch tree or hold apple,F(touch_tree)|hold_apple
5353,"['grab_pear', 'grasp_orange']",at some time grab pear or grasp orange,F(grab_pear)|grasp_orange
2198,"['drop_pear', 'drop_pear']",drop pear or drop pear,drop_pear|drop_pear
1514,"['venture_towards_house', 'bring_pear']",venture towards house and when possible bring pear,venture_towards_house&F(bring_pear)
1162,"['drop_by', 'journey_by_house']",drop by until at any time journey by house,drop_byUF(journey_by_house)
1642,"['migrate_to_tree', 'grab_flag']",whenever migrate to tree or whenever grab flag,F(migrate_to_tree)|F(grab_flag)
5668,"['go_to_apple', 'go_past_flag']",when possible go to apple or when possible go past flag,F(go_to_apple)|F(go_past_flag)
1110,"['procure_apple', 'go_to_orange']",procure apple or go to orange,procure_apple|go_to_orange
1659,"['track_towards_tree', 'grip_apple']",at some time track towards tree and grip apple,F(track_towards_tree)&grip_apple
4423,"['go_to_home', 'go_past_house']",when possible go to home or at some time go past house,F(go_to_home)|F(go_past_house)
1669,"['withhold_apple', 'present_at_flag']",at any time withhold apple and at some time present at flag,F(withhold_apple)&F(present_at_flag)
4363,"['venture_to_trash_can', 'take_to_tree']",venture to trash can or take to tree,venture_to_trash_can|take_to_tree
1676,"['hold_pear', 'travel_to_trash_can']",hold pear or when possible travel to trash can,hold_pear|F(travel_to_trash_can)
3899,"['move_towards_trash_can', 'make_way_for_tree']",move towards trash can or at any time make way for tree,move_towards_trash_can|F(make_way_for_tree)
5849,"['travel_to_trash_can', 'visit_tree']",at some time travel to trash can and visit tree,F(travel_to_trash_can)&visit_tree
1795,"['reach_trash_can', 'put_in_bucket']",reach trash can or put in bucket,reach_trash_can|put_in_bucket
2984,"['travel_to_house', 'make_way_to_house']",at some time travel to house and repeatedly make way to house,F(travel_to_house)&G(F(make_way_to_house))
2868,"['take_orange', 'get_to_cup']",take orange and at any time get to cup,take_orange&F(get_to_cup)
3776,"['acquire_apple', 'advance_to_house']",acquire apple and at any time advance to house,acquire_apple&F(advance_to_house)
2973,"['move_towards_trash_can', 'go_near_pear']",move towards trash can or whenever go near pear,move_towards_trash_can|F(go_near_pear)
1293,"['hold_pear', 'obtain_orange']",hold pear and at some time obtain orange,hold_pear&F(obtain_orange)
2356,"['track_towards_tree', 'reach_house']",whenever track towards tree or reach house,F(track_towards_tree)|reach_house
2290,"['pick_up_anything', 'journey_by_house']",do not pick up anything and at any time journey by house,~(F(pick_up_anything))&F(journey_by_house)
4087,"['obtain_apple', 'contact_flag']",whenever obtain apple until when possible contact flag,F(obtain_apple)UF(contact_flag)
2305,"['travel_to_flag', 'grasp_apple']",at any time travel to flag and when possible grasp apple,F(travel_to_flag)&F(grasp_apple)
2944,"['drop_by', 'go_to_peach']",drop by or whenever go to peach,drop_by|F(go_to_peach)
2146,"['go_near_house', 'snatch_up_pear']",at some time go near house or snatch up pear,F(go_near_house)|snatch_up_pear
3216,"['obtain_orange', 'drop_orange']",when possible obtain orange or drop orange,F(obtain_orange)|drop_orange
5648,"['hold_on_to_pear', 'let_go_apple']",hold on to pear and never let go apple,hold_on_to_pear&G(~(let_go_apple))
1081,"['venture_to_house', 'go_by_waste_basket']",at any time venture to house or at any time go by waste basket,F(venture_to_house)|F(go_by_waste_basket)
1218,"['arrive_at_tree', 'journey_to_house']",at some time arrive at tree or at any time journey to house,F(arrive_at_tree)|F(journey_to_house)
2461,"['drop_orange', 'reach_trash_can']",never drop orange and reach trash can,G(~(drop_orange))&reach_trash_can
1748,"['come_to_tree', 'journey_by_flag']",come to tree can infer that at some time journey by flag,come_to_tree->F(journey_by_flag)
5009,"['going_to_house', 'grab_orange']","when when possible going to house , when possible grab orange",F(going_to_house)->F(grab_orange)
2182,"['pick_up_pear', 'withold_apple']",pick up pear and at any time withold apple,pick_up_pear&F(withold_apple)
2955,"['acquire_apple', 'travel_to_flag']",acquire apple and at some time travel to flag,acquire_apple&F(travel_to_flag)
2009,"['drop_pear', 'go_to_trash_receptacle']",never drop pear and when possible go to trash receptacle,G(~(drop_pear))&F(go_to_trash_receptacle)
2429,"['got_to_house', 'go_near_house']",at some time got to house or whenever go near house,F(got_to_house)|F(go_near_house)
1120,"['tax_apple', 'grab_apple']",at any time tax apple or at some time grab apple,F(tax_apple)|F(grab_apple)
2294,"['travel_to_apple', 'grab_flag']",travel to apple and at some time grab flag,travel_to_apple&F(grab_flag)
3580,"['go_to_waste_basket', 'put_in_apple_bucket']",repeatedly go to waste basket and put in apple bucket,G(F(go_to_waste_basket))&put_in_apple_bucket
2797,"['walk', 'go_by_trash_can']",walk or always go by trash can,walk|G(go_by_trash_can)
1167,"['bring_pear', 'venture_to_house']","if when possible bring pear , at some time venture to house",F(bring_pear)->F(venture_to_house)
1318,"['venture_towards_house', 'bring_pear']",venture towards house or whenever bring pear,venture_towards_house|F(bring_pear)
4548,"['hold_onto_orange', 'go_to_waste_basket']",forever hold onto orange and repeatedly go to waste basket,G(hold_onto_orange)&G(F(go_to_waste_basket))
5396,"['move_forward_trash_can', 'take_possession_of_bear']",at some time move forward trash can or at any time take possession of bear,F(move_forward_trash_can)|F(take_possession_of_bear)
3951,"['venture_house', 'visit_waste_basket']",whenever venture house and when possible visit waste basket,F(venture_house)&F(visit_waste_basket)
2575,"['take_apple', 'journey_to_house']",take apple means that at some time journey to house,take_apple->F(journey_to_house)
4174,"['get_hold_orange', 'journey_to_tree']",at some time get hold orange means that at any time journey to tree,F(get_hold_orange)->F(journey_to_tree)
3188,"['acquire_pear', 'get_pear']",at some time acquire pear or when possible get pear,F(acquire_pear)|F(get_pear)
2787,"['journey_to_tree', 'start_going_to_tree']",when possible journey to tree and at any time start going to tree,F(journey_to_tree)&F(start_going_to_tree)
1333,"['drop_orange', 'reach_house']",never drop orange or reach house,G(~(drop_orange))|reach_house
4802,"['let_go_pear', 'make_way_to_house']",don't let go pear until repeatedly make way to house,~(let_go_pear)UG(F(make_way_to_house))
1169,"['grab_tree', 'move_near_tree']",repeatedly grab tree or when possible move near tree,G(F(grab_tree))|F(move_near_tree)
1123,"['venture_to_house', 'present_at_flag']",at some time venture to house and at some time present at flag,F(venture_to_house)&F(present_at_flag)
1272,"['present_at_flag', 'withhold_apple']",at any time present at flag until whenever withhold apple,F(present_at_flag)UF(withhold_apple)
2817,"['acquire_apple', 'gather_orange']",acquire apple or gather orange,acquire_apple|gather_orange
1135,"['move_towards_trash_can', 'put_in_bucket']",move towards trash can and put in bucket,move_towards_trash_can&put_in_bucket
1089,"['venture_towards_house', 'secure_apple']",venture towards house or secure apple,venture_towards_house|secure_apple
1331,"['grab_flag', 'grab_tree']",at any time grab flag or repeatedly grab tree,F(grab_flag)|G(F(grab_tree))
4886,"['get_pear', 'go_past_house']",at any time get pear or at some time go past house,F(get_pear)|F(go_past_house)
1800,"['journey_to_tree', 'get_hold_orange']",at some time journey to tree or whenever get hold orange,F(journey_to_tree)|F(get_hold_orange)
4197,"['take_possession_of_bear', 'go_near_pear']",at some time take possession of bear and at any time go near pear,F(take_possession_of_bear)&F(go_near_pear)
1300,"['walk_to_flag', 'have_possession_of_apple']",when possible walk to flag until when possible have possession of apple,F(walk_to_flag)UF(have_possession_of_apple)
1348,"['stand_by_tree', 'pick_up_apple']",at any time stand by tree and when possible pick up apple,F(stand_by_tree)&F(pick_up_apple)
4556,"['let_go_pear', 'go_by_trash_can']",don't let go pear or forever go by trash can,~(let_go_pear)|G(go_by_trash_can)
3654,"['proceed_to_house', 'gather_apple']",whenever proceed to house or gather apple,F(proceed_to_house)|gather_apple
1743,"['travel_house', 'have_possession_of_apple']",whenever travel house or at some time have possession of apple,F(travel_house)|F(have_possession_of_apple)
2131,"['reach_house', 'take_to_trashcan']",reach house until take to trashcan,reach_houseUtake_to_trashcan
4139,"['be_at_flag', 'get_apple']",at any time be at flag and at any time get apple,F(be_at_flag)&F(get_apple)
5385,"['take_to_trash_can', 'seize_pear']",take to trash can or when possible seize pear,take_to_trash_can|F(seize_pear)
1818,"['travel_to_waste_bin', 'go_to_peach']",travel to waste bin and at any time go to peach,travel_to_waste_bin&F(go_to_peach)
3657,"['be_at_flag', 'go_visit_flag']",whenever be at flag or go visit flag,F(be_at_flag)|go_visit_flag
2807,"['hold_orange', 'go_to_trash_bin']",hold orange and at some time go to trash bin,hold_orange&F(go_to_trash_bin)
1653,"['secure_apple', 'bring_pear']",secure apple and at some time bring pear,secure_apple&F(bring_pear)
1831,"['travel_to_flag', 'stop_by_flag']",at any time travel to flag and stop by flag,F(travel_to_flag)&stop_by_flag
1783,"['venture_flag', 'migrate_to_tree']",whenever venture flag or when possible migrate to tree,F(venture_flag)|F(migrate_to_tree)
1989,"['make_way_waste_basket', 'drop_orange']",at some time make way waste basket and never drop orange,F(make_way_waste_basket)&G(~(drop_orange))
5552,"['take_to_tree', 'grab_orange']",take to tree or when possible grab orange,take_to_tree|F(grab_orange)
5304,"['go_near_flag', 'pick_up_apple']",at any time go near flag or at some time pick up apple,F(go_near_flag)|F(pick_up_apple)
1923,"['secure_apple', 'withhold_apple']",secure apple or at some time withhold apple,secure_apple|F(withhold_apple)
3075,"['move_to_trash_can', 'make_contact_flag']",move to trash can or whenever make contact flag,move_to_trash_can|F(make_contact_flag)
1998,"['get_hold_orange', 'travel_house']",whenever get hold orange and whenever travel house,F(get_hold_orange)&F(travel_house)
2352,"['travel_by_tree', 'stand_by_tree']",at some time travel by tree and at any time stand by tree,F(travel_by_tree)&F(stand_by_tree)
1663,"['have_in_orange', 'visit_trash_bin']",forever have in orange or at some time visit trash bin,G(have_in_orange)|F(visit_trash_bin)
1864,"['grab_orange', 'let_go_orange']",when possible grab orange or never let go orange,F(grab_orange)|G(~(let_go_orange))
3721,"['travel_to_waste_bin', 'be_near_tree']",travel to waste bin or when possible be near tree,travel_to_waste_bin|F(be_near_tree)
1556,"['withhold_apple', 'venture_to_house']",at any time withhold apple or at some time venture to house,F(withhold_apple)|F(venture_to_house)
2036,"['let_go_orange', 'grab_flag']",do not let go orange and at some time grab flag,~(let_go_orange)&F(grab_flag)
4160,"['collect_apple', 'journey_by_house']",at some time collect apple until whenever journey by house,F(collect_apple)UF(journey_by_house)
1195,"['secure_apple', 'bring_pear']",secure apple or at any time bring pear,secure_apple|F(bring_pear)
1182,"['bring_pear', 'venture_towards_house']",whenever bring pear or venture towards house,F(bring_pear)|venture_towards_house
4897,"['venture_house', 'secure_pear']",when possible venture house and when possible secure pear,F(venture_house)&F(secure_pear)
1541,"['venture_flag', 'go_to_transh_can']",whenever venture flag until at any time go to transh can,F(venture_flag)UF(go_to_transh_can)
2222,"['contact_flag', 'put_in_bucket']",whenever contact flag or put in bucket,F(contact_flag)|put_in_bucket
1988,"['got_to_house', 'travel_to_apple']",when possible got to house and travel to apple,F(got_to_house)&travel_to_apple
3881,"['pick_up_apple', 'collect_pear']",at any time pick up apple and collect pear,F(pick_up_apple)&collect_pear
2130,"['get_hold_orange', 'let_go_pear']",when possible get hold orange and don't let go pear,F(get_hold_orange)&~(let_go_pear)
2888,"['move_to_house', 'get_to_cup']",move to house or when possible get to cup,move_to_house|F(get_to_cup)
1442,"['hold_on_pear', 'come_to_tree']",always hold on pear and come to tree,G(hold_on_pear)&come_to_tree
5370,"['reach_tree', 'going_to_house']",whenever reach tree or when possible going to house,F(reach_tree)|F(going_to_house)
1070,"['drop_apple', 'present_at_flag']",never drop apple and whenever present at flag,G(~(drop_apple))&F(present_at_flag)
5406,"['come_home', 'proceed_to_flag']",at some time come home and at any time proceed to flag,F(come_home)&F(proceed_to_flag)
4115,"['visit_flag', 'seize_pear']",at any time visit flag and when possible seize pear,F(visit_flag)&F(seize_pear)
1048,"['set_out_to_house', 'make_contact_flag']",whenever set out to house or whenever make contact flag,F(set_out_to_house)|F(make_contact_flag)
1341,"['journey_by_flag', 'move_to_trashcan']",at any time journey by flag or move to trashcan,F(journey_by_flag)|move_to_trashcan
2635,"['acquire_apple', 'grab_apple']",acquire apple means that when possible grab apple,acquire_apple->F(grab_apple)
1566,"['withhold_apple', 'venture_towards_house']",at some time withhold apple until venture towards house,F(withhold_apple)Uventure_towards_house
2057,"['acquire_apple', 'journey_by_house']",acquire apple or at some time journey by house,acquire_apple|F(journey_by_house)
5347,"['acquire_apple', 'touch_flag']",acquire apple or forever touch flag,acquire_apple|G(touch_flag)
2597,"['pass_by_waste_receptacle', 'let_go_pear']",whenever pass by waste receptacle and don't let go pear,F(pass_by_waste_receptacle)&~(let_go_pear)
4964,"['yield_pear', 'move_to_flag']",whenever yield pear and whenever move to flag,F(yield_pear)&F(move_to_flag)
2832,"['get_pear', 'gather_orange']",whenever get pear and gather orange,F(get_pear)&gather_orange
3002,"['haul_pear', 'snatch_pear']",at any time haul pear or at some time snatch pear,F(haul_pear)|F(snatch_pear)
3196,"['hold_pear', 'get_hold_apple']",hold pear or when possible get hold apple,hold_pear|F(get_hold_apple)
4601,"['get_pear', 'grab_pear']",whenever get pear or at some time grab pear,F(get_pear)|F(grab_pear)
4845,"['take_pear', 'drop_pear']",take pear or never drop pear,take_pear|G(~(drop_pear))
1094,"['venture_to_house', 'withhold_apple']",at some time venture to house means that when possible withhold apple,F(venture_to_house)->F(withhold_apple)
1484,"['go_to_orange_bin', 'let_go_pear']",go to orange bin and do not let go pear,go_to_orange_bin&~(let_go_pear)
1324,"['withhold_apple', 'drop_apple']",when possible withhold apple or never drop apple,F(withhold_apple)|G(~(drop_apple))
4950,"['grasp_apple', 'go_past_flag']",at some time grasp apple and at any time go past flag,F(grasp_apple)&F(go_past_flag)
1649,"['visit_tree', 'put_in_apple_bucket']",visit tree or put in apple bucket,visit_tree|put_in_apple_bucket
3766,"['yield_pear', 'drop_orange']",whenever yield pear until never drop orange,F(yield_pear)UG(~(drop_orange))
1015,"['clutch_orange', 'visit_trash_bin']",whenever clutch orange and at some time visit trash bin,F(clutch_orange)&F(visit_trash_bin)
3227,"['proceed_to_tree', 'visit_waste_basket']",at some time proceed to tree and at any time visit waste basket,F(proceed_to_tree)&F(visit_waste_basket)
4046,"['hold_apple', 'hold_on_to_pear']",hold apple and hold on to pear,hold_apple&hold_on_to_pear
1742,"['get_near_flag', 'get_to_tree']",at any time get near flag and get to tree,F(get_near_flag)&get_to_tree
1464,"['move_near_tree', 'come_to_tree']",at some time move near tree and come to tree,F(move_near_tree)&come_to_tree
2185,"['go_to_orange_bin', 'venture_flag']",go to orange bin or when possible venture flag,go_to_orange_bin|F(venture_flag)
4623,"['advance_to_house', 'get_hold_of_orange']",when possible advance to house or when possible get hold of orange,F(advance_to_house)|F(get_hold_of_orange)
2390,"['going_to_flag', 'take_orange']",when possible going to flag or take orange,F(going_to_flag)|take_orange
1975,"['secure_pear', 'scoop_up_pear']",whenever secure pear and when possible scoop up pear,F(secure_pear)&F(scoop_up_pear)
2065,"['collect_orange', 'contact_flag']",when possible collect orange and whenever contact flag,F(collect_orange)&F(contact_flag)
5997,"['get_apple', 'procure_apple']",whenever get apple and procure apple,F(get_apple)&procure_apple
1768,"['venture_to_house', 'venture_towards_house']",at some time venture to house or venture towards house,F(venture_to_house)|venture_towards_house
2280,"['spend_time_at_tree', 'drop_orange']",at any time spend time at tree until never drop orange,F(spend_time_at_tree)UG(~(drop_orange))
1347,"['migrate_to_tree', 'go_to_orange_bin']",at any time migrate to tree or go to orange bin,F(migrate_to_tree)|go_to_orange_bin
3789,"['pass_by_trash_bin', 'go_visit_house']",at some time pass by trash bin or whenever go visit house,F(pass_by_trash_bin)|F(go_visit_house)
1463,"['show_yourself_near_house', 'go_to_orange']",whenever show yourself near house and go to orange,F(show_yourself_near_house)&go_to_orange
1633,"['going_to_tree', 'go_near_pear']",going to tree or at some time go near pear,going_to_tree|F(go_near_pear)
1122,"['go_by_waste_basket', 'bring_pear']","when whenever go by waste basket , at any time bring pear",F(go_by_waste_basket)->F(bring_pear)
4072,"['pick_up_flag', 'journey_to_house']",pick up flag can infer that at some time journey to house,pick_up_flag->F(journey_to_house)
4430,"['go_to_apple', 'journey_by_house']",when possible go to apple or at some time journey by house,F(go_to_apple)|F(journey_by_house)
2242,"['get_hold_apple', 'seize_pear']",whenever get hold apple or at any time seize pear,F(get_hold_apple)|F(seize_pear)
2342,"['spend_time_at_tree', 'travel_to_apple']",at any time spend time at tree and travel to apple,F(spend_time_at_tree)&travel_to_apple
2196,"['drop_by', 'hold_onto_orange']",drop by or forever hold onto orange,drop_by|G(hold_onto_orange)
2075,"['travel_to_apple', 'go_to_transh_can']",travel to apple or at some time go to transh can,travel_to_apple|F(go_to_transh_can)
1080,"['drop_orange', 'grip_apple']",never drop orange and grip apple,G(~(drop_orange))&grip_apple
2863,"['arrive_at_tree', 'go_by_trash_can']",at some time arrive at tree or forever go by trash can,F(arrive_at_tree)|G(go_by_trash_can)
2675,"['hold_apple', 'approach_tree']",hold apple or approach tree,hold_apple|approach_tree
3513,"['grasp_pear', 'grab_pear']",whenever grasp pear and whenever grab pear,F(grasp_pear)&F(grab_pear)
1051,"['steal_apple', 'secure_pear']",whenever steal apple or when possible secure pear,F(steal_apple)|F(secure_pear)
2010,"['go_near_house', 'withdraw_pear']",at any time go near house or when possible withdraw pear,F(go_near_house)|F(withdraw_pear)
1460,"['stop_by_house', 'go_to_trashcan']",at some time stop by house or at any time go to trashcan,F(stop_by_house)|F(go_to_trashcan)
4490,"['visit_waste_basket', 'take_to_tree']",at some time visit waste basket and take to tree,F(visit_waste_basket)&take_to_tree
1505,"['drop_apple', 'bring_pear']",never drop apple and at any time bring pear,G(~(drop_apple))&F(bring_pear)
4164,"['start_going_to_tree', 'have_possession_of_apple']",at some time start going to tree or at some time have possession of apple,F(start_going_to_tree)|F(have_possession_of_apple)
4427,"['go_by_house', 'grasp_orange']",when possible go by house until grasp orange,F(go_by_house)Ugrasp_orange
4590,"['get_hold_of_orange', 'go_to_orange']",when possible get hold of orange and go to orange,F(get_hold_of_orange)&go_to_orange
5522,"['move_around', 'move_to_flag']",forever move around until when possible move to flag,G(move_around)UF(move_to_flag)
3862,"['travel_to_flag', 'go_to_trash_can']",whenever travel to flag or whenever go to trash can,F(travel_to_flag)|F(go_to_trash_can)
3947,"['drop_by', 'getting_pear']",drop by or whenever getting pear,drop_by|F(getting_pear)
1917,"['drop_apple', 'drop_apple']",never drop apple or never drop apple,G(~(drop_apple))|G(~(drop_apple))
1359,"['go_by_waste_basket', 'bring_pear']",at any time go by waste basket or whenever bring pear,F(go_by_waste_basket)|F(bring_pear)
2982,"['pass_by_waste_receptacle', 'walk_to_flag']",when possible pass by waste receptacle and at any time walk to flag,F(pass_by_waste_receptacle)&F(walk_to_flag)
2262,"['have_in_orange', 'keep_apple']",forever have in orange or keep apple,G(have_in_orange)|keep_apple
3436,"['travel_to_waste_bin', 'grasp_orange']",travel to waste bin or grasp orange,travel_to_waste_bin|grasp_orange
1975,"['venture_towards_house', 'drop_apple']",venture towards house until never drop apple,venture_towards_houseUG(~(drop_apple))
1821,"['bring_pear', 'withhold_apple']",whenever bring pear or whenever withhold apple,F(bring_pear)|F(withhold_apple)
1583,"['go_to_tree', 'seize_orange']",at some time go to tree and whenever seize orange,F(go_to_tree)&F(seize_orange)
1929,"['walk_near_flag', 'procure_apple']",at some time walk near flag and procure apple,F(walk_near_flag)&procure_apple
1898,"['withdraw_pear', 'drop_orange']",whenever withdraw pear or never drop orange,F(withdraw_pear)|G(~(drop_orange))
1294,"['walk', 'go_by_house']",walk or when possible go by house,walk|F(go_by_house)
1219,"['venture_to_house', 'secure_apple']",when possible venture to house and secure apple,F(venture_to_house)&secure_apple
2105,"['advance_to_house', 'approach_flag']",whenever advance to house and when possible approach flag,F(advance_to_house)&F(approach_flag)
1266,"['journey_to_tree', 'visit_house']",at any time journey to tree or at some time visit house,F(journey_to_tree)|F(visit_house)
5053,"['secure_pear', 'drop_apple']",when possible secure pear or never drop apple,F(secure_pear)|G(~(drop_apple))
2018,"['pick_up_peach', 'journey_by_house']",when possible pick up peach and at some time journey by house,F(pick_up_peach)&F(journey_by_house)
1326,"['go_past_house', 'visit_house']",whenever go past house or when possible visit house,F(go_past_house)|F(visit_house)
4181,"['move_to_tree', 'approach_flag']",move to tree or at any time approach flag,move_to_tree|F(approach_flag)
5132,"['collect_orange', 'reach_tree']",when possible collect orange or when possible reach tree,F(collect_orange)|F(reach_tree)
3816,"['gather_orange', 'go_to_tree']",gather orange or at some time go to tree,gather_orange|F(go_to_tree)
1626,"['make_to_flag', 'get_near_flag']",when possible make to flag and whenever get near flag,F(make_to_flag)&F(get_near_flag)
5539,"['collect_orange', 'take_orange']",whenever collect orange and take orange,F(collect_orange)&take_orange
1431,"['bring_pear', 'venture_towards_house']",at some time bring pear means that venture towards house,F(bring_pear)->venture_towards_house
3883,"['get_close_flag', 'advance_to_house']",when possible get close flag and whenever advance to house,F(get_close_flag)&F(advance_to_house)
4109,"['go_visit_house', 'move_to_trash_can']",when possible go visit house and move to trash can,F(go_visit_house)&move_to_trash_can
1919,"['go_to_trashcan', 'come_to_tree']",when possible go to trashcan or come to tree,F(go_to_trashcan)|come_to_tree
5971,"['take_to_tree', 'go_to_flag']",take to tree and whenever go to flag,take_to_tree&F(go_to_flag)
2600,"['be_at_house', 'get_close_flag']","if at some time be at house , whenever get close flag",F(be_at_house)->F(get_close_flag)
1046,"['seize_apple', 'collect_orange']",seize apple or when possible collect orange,seize_apple|F(collect_orange)
2256,"['journey_by_flag', 'clutch_orange']",at some time journey by flag or when possible clutch orange,F(journey_by_flag)|F(clutch_orange)
1706,"['grip_apple', 'keep_apple']",grip apple or keep apple,grip_apple|keep_apple
4161,"['stand_by_tree', 'proceed_to_tree']",when possible stand by tree or at any time proceed to tree,F(stand_by_tree)|F(proceed_to_tree)
1959,"['take_pear', 'take_to_tree']","if take pear , take to tree",take_pear->take_to_tree
5464,"['stop_by_flag', 'have_possession_of_apple']",stop by flag or at any time have possession of apple,stop_by_flag|F(have_possession_of_apple)
1082,"['withhold_apple', 'withhold_apple']",when possible withhold apple or whenever withhold apple,F(withhold_apple)|F(withhold_apple)
4984,"['come_home', 'procure_pear']",at any time come home and at some time procure pear,F(come_home)&F(procure_pear)
4934,"['touch_tree', 'contact_flag']",at some time touch tree and whenever contact flag,F(touch_tree)&F(contact_flag)
1026,"['visit_trash_bin', 'approach_trash_can']",at any time visit trash bin and approach trash can,F(visit_trash_bin)&approach_trash_can
1378,"['stop_by_trash_can', 'grab_pear']",at some time stop by trash can and whenever grab pear,F(stop_by_trash_can)&F(grab_pear)
4958,"['approach_house', 'move_towards_trash_can']",whenever approach house or move towards trash can,F(approach_house)|move_towards_trash_can
3649,"['go_by_house', 'journey_to_house']",whenever go by house or at any time journey to house,F(go_by_house)|F(journey_to_house)
1718,"['walk_to_flag', 'advance_to_house']",at some time walk to flag and at any time advance to house,F(walk_to_flag)&F(advance_to_house)
4903,"['drop_orange', 'pick_up_fruit']",never drop orange and pick up fruit,G(~(drop_orange))&pick_up_fruit
3352,"['contact_flag', 'get_apple']",at some time contact flag or at any time get apple,F(contact_flag)|F(get_apple)
1772,"['seize_orange', 'go_by_tree']","if at some time seize orange , at any time go by tree",F(seize_orange)->F(go_by_tree)
4700,"['collect_apple', 'make_way_to_house']",at some time collect apple or repeatedly make way to house,F(collect_apple)|G(F(make_way_to_house))
4831,"['obtain_orange', 'make_contact_flag']",at some time obtain orange or at any time make contact flag,F(obtain_orange)|F(make_contact_flag)
3050,"['venture_to_flag', 'capture_pear']",whenever venture to flag or at some time capture pear,F(venture_to_flag)|F(capture_pear)
4396,"['make_your_way_flag', 'advance_to_house']",at any time make your way flag or at any time advance to house,F(make_your_way_flag)|F(advance_to_house)
1112,"['venture_to_trash_can', 'take_orange']",venture to trash can or take orange,venture_to_trash_can|take_orange
3120,"['pass_by_house', 'withold_apple']",at some time pass by house or whenever withold apple,F(pass_by_house)|F(withold_apple)
2273,"['grab_flag', 'move_near_tree']",at any time grab flag or whenever move near tree,F(grab_flag)|F(move_near_tree)
1527,"['make_way_waste_basket', 'lay_hold_of_apple']",whenever make way waste basket and at some time lay hold of apple,F(make_way_waste_basket)&F(lay_hold_of_apple)
1398,"['capture_pear', 'travel_to_trash_can']",whenever capture pear and at some time travel to trash can,F(capture_pear)&F(travel_to_trash_can)
1789,"['go_by_waste_bin', 'reach_flag']",go by waste bin until at some time reach flag,go_by_waste_binUF(reach_flag)
5019,"['put_in_apple_bucket', 'journey_by_house']",put in apple bucket and at any time journey by house,put_in_apple_bucket&F(journey_by_house)
5749,"['gather_orange', 'venture_to_flag']",gather orange or at some time venture to flag,gather_orange|F(venture_to_flag)
5744,"['let_go_apple', 'grab_pear']",never let go apple can infer that at some time grab pear,G(~(let_go_apple))->F(grab_pear)
1377,"['visit_house', 'start_going_to_tree']",whenever visit house or whenever start going to tree,F(visit_house)|F(start_going_to_tree)
2259,"['steal_apple', 'grab_apple']",at any time steal apple and when possible grab apple,F(steal_apple)&F(grab_apple)
2330,"['gather_pear', 'put_in_bin']",whenever gather pear or put in bin,F(gather_pear)|put_in_bin
1505,"['steal_apple', 'yield_pear']",at some time steal apple or at any time yield pear,F(steal_apple)|F(yield_pear)
1119,"['withhold_apple', 'drop_apple']",at any time withhold apple and never drop apple,F(withhold_apple)&G(~(drop_apple))
3645,"['contact_house', 'proceed_to_flag']",when possible contact house and at some time proceed to flag,F(contact_house)&F(proceed_to_flag)
1190,"['go_past_house', 'let_go_apple']",whenever go past house and never let go apple,F(go_past_house)&G(~(let_go_apple))
1970,"['journey_by_flag', 'reach_house']",at any time journey by flag and reach house,F(journey_by_flag)&reach_house
2959,"['make_contact_flag', 'contact_house']",at some time make contact flag or at some time contact house,F(make_contact_flag)|F(contact_house)
5637,"['make_your_way_flag', 'drop_orange']",at any time make your way flag or never drop orange,F(make_your_way_flag)|G(~(drop_orange))
5917,"['get_close_tree', 'drop_apple']",at some time get close tree or never drop apple,F(get_close_tree)|G(~(drop_apple))
1380,"['stay', 'keep_apple']",forever stay and keep apple,G(stay)&keep_apple
2236,"['haul_pear', 'be_at_flag']",at some time haul pear or at any time be at flag,F(haul_pear)|F(be_at_flag)
4896,"['go_to_house', 'get_close_flag']",when possible go to house or at some time get close flag,F(go_to_house)|F(get_close_flag)
4404,"['set_out_to_house', 'visit_house']",at any time set out to house and at some time visit house,F(set_out_to_house)&F(visit_house)
2425,"['capture_pear', 'obtain_pear']",when possible capture pear or whenever obtain pear,F(capture_pear)|F(obtain_pear)
3128,"['drop_orange', 'make_contact_with_house']",drop orange and at some time make contact with house,drop_orange&F(make_contact_with_house)
2320,"['grab_tree', 'approach_trash_can']",repeatedly grab tree and approach trash can,G(F(grab_tree))&approach_trash_can
3923,"['stop_by_trash_can', 'contact_house']",at some time stop by trash can or whenever contact house,F(stop_by_trash_can)|F(contact_house)
4286,"['going_to_house', 'reach_tree']",at any time going to house means that whenever reach tree,F(going_to_house)->F(reach_tree)
5503,"['going_to_tree', 'getting_pear']",going to tree or whenever getting pear,going_to_tree|F(getting_pear)
1341,"['bring_pear', 'reach_flag']",when possible bring pear can infer that at any time reach flag,F(bring_pear)->F(reach_flag)
1739,"['stop_by_house', 'travel_to_apple']",whenever stop by house or travel to apple,F(stop_by_house)|travel_to_apple
1165,"['get_hold_apple', 'stop_by_flag']",at any time get hold apple and stop by flag,F(get_hold_apple)&stop_by_flag
2063,"['move_near_tree', 'have_in_orange']",at some time move near tree or always have in orange,F(move_near_tree)|G(have_in_orange)
1178,"['drop_apple', 'venture_towards_house']",never drop apple or venture towards house,G(~(drop_apple))|venture_towards_house
2127,"['make_your_way_flag', 'touch_house']",whenever make your way flag or at some time touch house,F(make_your_way_flag)|F(touch_house)
2981,"['gather_pear', 'touch_flag']",whenever gather pear can infer that always touch flag,F(gather_pear)->G(touch_flag)
2468,"['pick_up_peach', 'travel_to_trash_can']",when possible pick up peach until when possible travel to trash can,F(pick_up_peach)UF(travel_to_trash_can)
2646,"['pass_by_trash_bin', 'let_go_pear']",at some time pass by trash bin until do not let go pear,F(pass_by_trash_bin)U~(let_go_pear)
2366,"['start_going_to_tree', 'get_hold_of_pear']",whenever start going to tree until get hold of pear,F(start_going_to_tree)Uget_hold_of_pear
1814,"['get_near_flag', 'got_to_house']",whenever get near flag or at any time got to house,F(get_near_flag)|F(got_to_house)
1249,"['present_at_flag', 'reach_flag']",at some time present at flag until at some time reach flag,F(present_at_flag)UF(reach_flag)
1397,"['pass_by_waste_receptacle', 'move_to_house']",whenever pass by waste receptacle or move to house,F(pass_by_waste_receptacle)|move_to_house
3097,"['be_at_flag', 'be_near_tree']",when possible be at flag and at some time be near tree,F(be_at_flag)&F(be_near_tree)
5722,"['pick_up_flag', 'go_by_tree']",pick up flag or at some time go by tree,pick_up_flag|F(go_by_tree)
2943,"['move_to_flag', 'secure_pear']",at any time move to flag or when possible secure pear,F(move_to_flag)|F(secure_pear)
4790,"['move_forward_trash_can', 'put_in_bucket']",when possible move forward trash can until put in bucket,F(move_forward_trash_can)Uput_in_bucket
3778,"['set_out_to_house', 'make_way_for_tree']",whenever set out to house or at any time make way for tree,F(set_out_to_house)|F(make_way_for_tree)
3142,"['go_to_tree', 'move_towards_trash_can']",when possible go to tree and move towards trash can,F(go_to_tree)&move_towards_trash_can
1375,"['reach_flag', 'reach_flag']","if whenever reach flag , at some time reach flag",F(reach_flag)->F(reach_flag)
4599,"['let_go_orange', 'journey_to_flag']",never let go orange and when possible journey to flag,G(~(let_go_orange))&F(journey_to_flag)
5792,"['hold_on_to_pear', 'get_to_cup']",hold on to pear means that at some time get to cup,hold_on_to_pear->F(get_to_cup)
3493,"['go_to_peach', 'hold_apple']",when possible go to peach or hold apple,F(go_to_peach)|hold_apple
2341,"['travel_by_tree', 'visit_tree']",at some time travel by tree or visit tree,F(travel_by_tree)|visit_tree
2138,"['hold_on_pear', 'migrate_to_tree']",always hold on pear and at any time migrate to tree,G(hold_on_pear)&F(migrate_to_tree)
1343,"['approach_trash_can', 'grab_tree']",approach trash can or repeatedly grab tree,approach_trash_can|G(F(grab_tree))
1052,"['journey_by_house', 'make_your_way_flag']",at some time journey by house and at some time make your way flag,F(journey_by_house)&F(make_your_way_flag)
1208,"['withdraw_pear', 'let_go_orange']",at any time withdraw pear or do not let go orange,F(withdraw_pear)|~(let_go_orange)
1446,"['drop_apple', 'drop_apple']",never drop apple and never drop apple,G(~(drop_apple))&G(~(drop_apple))
2012,"['let_go_pear', 'drop_pear']",don't let go pear or never drop pear,~(let_go_pear)|G(~(drop_pear))
1978,"['grasp_pear', 'journey_to_tree']",at some time grasp pear and when possible journey to tree,F(grasp_pear)&F(journey_to_tree)
5425,"['travel_house', 'go_to_apple']",at some time travel house and whenever go to apple,F(travel_house)&F(go_to_apple)
2016,"['get_near_flag', 'lay_hold_of_apple']",at some time get near flag and at some time lay hold of apple,F(get_near_flag)&F(lay_hold_of_apple)
5986,"['put_in_apple_bucket', 'grasp_pear']","if put in apple bucket , at any time grasp pear",put_in_apple_bucket->F(grasp_pear)
3201,"['visit_waste_basket', 'acquire_apple']",when possible visit waste basket or acquire apple,F(visit_waste_basket)|acquire_apple
1599,"['secure_apple', 'venture_to_house']",secure apple or at any time venture to house,secure_apple|F(venture_to_house)
4698,"['set_out_to_house', 'be_at_flag']",at some time set out to house or at some time be at flag,F(set_out_to_house)|F(be_at_flag)
2381,"['pick_up_flag', 'seize_pear']","if pick up flag , at some time seize pear",pick_up_flag->F(seize_pear)
1383,"['acquire_pear', 'acquire_orange']",when possible acquire pear until acquire orange,F(acquire_pear)Uacquire_orange
1458,"['journey_by_flag', 'spend_time_at_tree']",when possible journey by flag and at some time spend time at tree,F(journey_by_flag)&F(spend_time_at_tree)
4393,"['hold_orange', 'collect_orange']",hold orange until whenever collect orange,hold_orangeUF(collect_orange)
3148,"['put_in_bin', 'go_near_pear']",put in bin and at any time go near pear,put_in_bin&F(go_near_pear)
2149,"['come_to_tree', 'be_in_houses_vicinity']",come to tree or when possible be in house's vicinity,come_to_tree|F(be_in_houses_vicinity)
4149,"['go_to_tree', 'approach_house']",at any time go to tree and at some time approach house,F(go_to_tree)&F(approach_house)
5046,"['travel_to_house', 'take_apple']","if whenever travel to house , take apple",F(travel_to_house)->take_apple
1657,"['arrive_at_tree', 'collect_orange']",at some time arrive at tree or when possible collect orange,F(arrive_at_tree)|F(collect_orange)
1127,"['withhold_apple', 'present_at_flag']",at any time withhold apple can infer that whenever present at flag,F(withhold_apple)->F(present_at_flag)
3770,"['reach_tree', 'obtain_pear']",when possible reach tree and when possible obtain pear,F(reach_tree)&F(obtain_pear)
1683,"['go_by_waste_bin', 'secure_apple']",go by waste bin or secure apple,go_by_waste_bin|secure_apple
1406,"['grab_pear', 'go_visit_house']",at some time grab pear or whenever go visit house,F(grab_pear)|F(go_visit_house)
3030,"['drop_apple', 'pick_up_pear']",never drop apple or pick up pear,G(~(drop_apple))|pick_up_pear
2537,"['make_contact_flag', 'go_visit_flag']",whenever make contact flag and go visit flag,F(make_contact_flag)&go_visit_flag
2313,"['grab_pear', 'get_hold_of_orange']",at any time grab pear and whenever get hold of orange,F(grab_pear)&F(get_hold_of_orange)
5262,"['move_past_trash_can', 'obtain_pear']",at some time move past trash can or when possible obtain pear,F(move_past_trash_can)|F(obtain_pear)
3970,"['get_close_flag', 'arrive_at_tree']",when possible get close flag and whenever arrive at tree,F(get_close_flag)&F(arrive_at_tree)
1289,"['visit_trash_bin', 'clutch_orange']",at some time visit trash bin until at any time clutch orange,F(visit_trash_bin)UF(clutch_orange)
1091,"['proceed_to_tree', 'gather_apple']",when possible proceed to tree or gather apple,F(proceed_to_tree)|gather_apple
4154,"['go_to_tree', 'take_apple']",at any time go to tree until take apple,F(go_to_tree)Utake_apple
5116,"['go_to_orange', 'hold_pear']",go to orange or hold pear,go_to_orange|hold_pear
2295,"['migrate_to_tree', 'let_go_pear']",whenever migrate to tree and do not let go pear,F(migrate_to_tree)&~(let_go_pear)
5495,"['let_go_orange', 'set_out_to_house']",never let go orange and at some time set out to house,G(~(let_go_orange))&F(set_out_to_house)
3170,"['touch_flag', 'travel_to_tree']",always touch flag or travel to tree,G(touch_flag)|travel_to_tree
2591,"['pass_by_waste_receptacle', 'journey_to_house']",at any time pass by waste receptacle or at some time journey to house,F(pass_by_waste_receptacle)|F(journey_to_house)
1021,"['migrate_to_tree', 'travel_to_apple']",at some time migrate to tree and travel to apple,F(migrate_to_tree)&travel_to_apple
2509,"['put_in_apple_bucket', 'go_by_house']",put in apple bucket and at some time go by house,put_in_apple_bucket&F(go_by_house)
1394,"['moving', 'stop_by_house']",always moving and whenever stop by house,G(moving)&F(stop_by_house)
1380,"['shift_to_flag', 'pick_up_orange']",at any time shift to flag until pick up orange,F(shift_to_flag)Upick_up_orange
3674,"['journey_to_house', 'collect_orange']","when at any time journey to house , whenever collect orange",F(journey_to_house)->F(collect_orange)
1096,"['go_by_waste_basket', 'bring_pear']",whenever go by waste basket means that when possible bring pear,F(go_by_waste_basket)->F(bring_pear)
1547,"['grab_flag', 'got_to_house']",whenever grab flag or when possible got to house,F(grab_flag)|F(got_to_house)
2401,"['have_apple', 'pass_by_trash_bin']",forever have apple or when possible pass by trash bin,G(have_apple)|F(pass_by_trash_bin)
1792,"['put_in_bin', 'let_go_pear']",put in bin until do not let go pear,put_in_binU~(let_go_pear)
4285,"['make_way_for_tree', 'touch_flag']",at some time make way for tree or always touch flag,F(make_way_for_tree)|G(touch_flag)
2274,"['go_near_pear', 'move_forward_trash_can']",when possible go near pear and whenever move forward trash can,F(go_near_pear)&F(move_forward_trash_can)
2488,"['visit_house', 'go_to_orange']",when possible visit house or go to orange,F(visit_house)|go_to_orange
4325,"['make_way_to_house', 'journey_to_tree']",repeatedly make way to house and at any time journey to tree,G(F(make_way_to_house))&F(journey_to_tree)
3028,"['acquire_orange', 'pick_up_anything']",acquire orange or don't pick up anything,acquire_orange|~(F(pick_up_anything))
1664,"['make_way_to_house', 'go_to_pear']",repeatedly make way to house and repeatedly go to pear,G(F(make_way_to_house))&G(F(go_to_pear))
5225,"['gather_pear', 'take_possession_of_bear']",when possible gather pear can infer that when possible take possession of bear,F(gather_pear)->F(take_possession_of_bear)
1405,"['venture_to_waste_basket', 'drop_apple']",at any time venture to waste basket and never drop apple,F(venture_to_waste_basket)&G(~(drop_apple))
4334,"['drop_apple', 'hold_on_to_pear']",never drop apple or hold on to pear,G(~(drop_apple))|hold_on_to_pear
2432,"['pass_by_trash_bin', 'reach_tree']",at any time pass by trash bin and when possible reach tree,F(pass_by_trash_bin)&F(reach_tree)
3376,"['visit_house', 'go_past_house']",when possible visit house until whenever go past house,F(visit_house)UF(go_past_house)
5814,"['acquire_apple', 'journey_by_house']",acquire apple or at any time journey by house,acquire_apple|F(journey_by_house)
5221,"['pick_up_fruit', 'touch_flag']",pick up fruit or forever touch flag,pick_up_fruit|G(touch_flag)
5114,"['go_visit_house', 'approach_house']",whenever go visit house or when possible approach house,F(go_visit_house)|F(approach_house)
2013,"['snatch_up_pear', 'make_to_flag']",snatch up pear or whenever make to flag,snatch_up_pear|F(make_to_flag)
1079,"['take_pear', 'gather_pear']",take pear can infer that when possible gather pear,take_pear->F(gather_pear)
1523,"['take_to_trashcan', 'withdraw_pear']",take to trashcan and at any time withdraw pear,take_to_trashcan&F(withdraw_pear)
1232,"['collect_orange', 'going_to_house']",at any time collect orange and when possible going to house,F(collect_orange)&F(going_to_house)
1644,"['get_to_tree', 'hold_on_pear']",get to tree or always hold on pear,get_to_tree|G(hold_on_pear)
1902,"['make_to_flag', 'journey_by_flag']",at some time make to flag and when possible journey by flag,F(make_to_flag)&F(journey_by_flag)
2050,"['migrate_to_tree', 'grab_flag']",whenever migrate to tree and whenever grab flag,F(migrate_to_tree)&F(grab_flag)
3239,"['stop_by_trash_can', 'go_to_home']",at some time stop by trash can and at any time go to home,F(stop_by_trash_can)&F(go_to_home)
1687,"['keep_apple', 'grip_apple']",keep apple or grip apple,keep_apple|grip_apple
2603,"['go_by_house', 'stop_by_trash_can']",at some time go by house until at any time stop by trash can,F(go_by_house)UF(stop_by_trash_can)
5673,"['stop_by_flag', 'be_at_house']",stop by flag or when possible be at house,stop_by_flag|F(be_at_house)
2061,"['moving', 'go_to_orange_bin']",always moving until go to orange bin,G(moving)Ugo_to_orange_bin
3872,"['procure_orange', 'go_past_flag']",whenever procure orange until at some time go past flag,F(procure_orange)UF(go_past_flag)
1359,"['go_near_pear', 'set_out_to_house']",at any time go near pear or when possible set out to house,F(go_near_pear)|F(set_out_to_house)
5716,"['take_possession_of_bear', 'have_possession_of_apple']",at some time take possession of bear or when possible have possession of apple,F(take_possession_of_bear)|F(have_possession_of_apple)
3854,"['contact_house', 'pick_up_orange']",when possible contact house or pick up orange,F(contact_house)|pick_up_orange
4356,"['go_near_flag', 'let_go_orange']",when possible go near flag and never let go orange,F(go_near_flag)&G(~(let_go_orange))
1899,"['go_visit_flag', 'go_home']",go visit flag and when possible go home,go_visit_flag&F(go_home)
1963,"['get_hold_apple', 'collect_orange']",when possible get hold apple or at some time collect orange,F(get_hold_apple)|F(collect_orange)
1010,"['reach_tree', 'acquire_orange']",whenever reach tree until acquire orange,F(reach_tree)Uacquire_orange
1386,"['get_near_flag', 'make_to_flag']",at any time get near flag or at some time make to flag,F(get_near_flag)|F(make_to_flag)
3388,"['have_apple', 'acquire_pear']","when forever have apple , when possible acquire pear",G(have_apple)->F(acquire_pear)
3997,"['make_contact_flag', 'advance_to_house']",at some time make contact flag or when possible advance to house,F(make_contact_flag)|F(advance_to_house)
1597,"['journey_by_flag', 'reach_house']",at some time journey by flag or reach house,F(journey_by_flag)|reach_house
3100,"['venture_to_trash_can', 'proceed_to_flag']",venture to trash can until at any time proceed to flag,venture_to_trash_canUF(proceed_to_flag)
3088,"['shift_to_flag', 'travel_to_flag']",at some time shift to flag and at any time travel to flag,F(shift_to_flag)&F(travel_to_flag)
1795,"['approach_trash_can', 'grab_hold_pear']",approach trash can and grab hold pear,approach_trash_can&grab_hold_pear
1502,"['come_to_tree', 'stop_by_house']",come to tree or when possible stop by house,come_to_tree|F(stop_by_house)
4246,"['go_near_pear', 'set_out_to_house']",at any time go near pear or at some time set out to house,F(go_near_pear)|F(set_out_to_house)
3406,"['let_go_orange', 'make_contact_flag']",never let go orange or at any time make contact flag,G(~(let_go_orange))|F(make_contact_flag)
2660,"['contact_house', 'go_to_flag']",when possible contact house can infer that at some time go to flag,F(contact_house)->F(go_to_flag)
1307,"['let_go_orange', 'snag_orange']",don't let go orange or at any time snag orange,~(let_go_orange)|F(snag_orange)
4735,"['seize_orange', 'capture_pear']",whenever seize orange and whenever capture pear,F(seize_orange)&F(capture_pear)
4402,"['acquire_pear', 'go_to_pear']",whenever acquire pear or repeatedly go to pear,F(acquire_pear)|G(F(go_to_pear))
1778,"['lay_hold_of_apple', 'migrate_to_tree']",when possible lay hold of apple and at some time migrate to tree,F(lay_hold_of_apple)&F(migrate_to_tree)
4825,"['travel_to_waste_bin', 'go_by_flag']",travel to waste bin or whenever go by flag,travel_to_waste_bin|F(go_by_flag)
2489,"['get_to_flag', 'go_to_orange_bin']",whenever get to flag or go to orange bin,F(get_to_flag)|go_to_orange_bin
3461,"['take_possession_of_bear', 'go_to_waste_basket']",at any time take possession of bear until repeatedly go to waste basket,F(take_possession_of_bear)UG(F(go_to_waste_basket))
2361,"['go_visit_flag', 'put_in_bin']",go visit flag or put in bin,go_visit_flag|put_in_bin
4684,"['go_to_trash_bin', 'go_near_flag']",at any time go to trash bin or when possible go near flag,F(go_to_trash_bin)|F(go_near_flag)
5105,"['move_to_flag', 'getting_pear']",whenever move to flag and whenever getting pear,F(move_to_flag)&F(getting_pear)
1722,"['scoop_up_pear', 'let_go_orange']",at some time scoop up pear or never let go orange,F(scoop_up_pear)|G(~(let_go_orange))
4723,"['acquire_orange', 'pick_up_peach']",acquire orange or when possible pick up peach,acquire_orange|F(pick_up_peach)
1943,"['venture_towards_house', 'secure_apple']",venture towards house or secure apple,venture_towards_house|secure_apple
1949,"['get_hold_of_pear', 'hold_orange']",get hold of pear and hold orange,get_hold_of_pear&hold_orange
1963,"['get_to_flag', 'lay_hold_of_apple']",at some time get to flag or when possible lay hold of apple,F(get_to_flag)|F(lay_hold_of_apple)
1065,"['present_at_flag', 'bring_pear']",at some time present at flag or when possible bring pear,F(present_at_flag)|F(bring_pear)
5574,"['proceed_to_flag', 'go_to_apple']",whenever proceed to flag or whenever go to apple,F(proceed_to_flag)|F(go_to_apple)
3229,"['show_yourself_near_house', 'seize_orange']",whenever show yourself near house and at some time seize orange,F(show_yourself_near_house)&F(seize_orange)
2540,"['be_at_flag', 'go_to_peach']",whenever be at flag or whenever go to peach,F(be_at_flag)|F(go_to_peach)
1218,"['venture_towards_house', 'venture_to_house']",venture towards house or whenever venture to house,venture_towards_house|F(venture_to_house)
5578,"['yield_pear', 'capture_orange']",at some time yield pear until capture orange,F(yield_pear)Ucapture_orange
1044,"['come_to_tree', 'track_towards_tree']",come to tree or at some time track towards tree,come_to_tree|F(track_towards_tree)
3208,"['go_near_pear', 'go_to_trash_bin']",whenever go near pear and whenever go to trash bin,F(go_near_pear)&F(go_to_trash_bin)
2419,"['get_to_tree', 'go_to_trashcan']",get to tree or at some time go to trashcan,get_to_tree|F(go_to_trashcan)
4997,"['travel_to_flag', 'make_way_for_tree']",at any time travel to flag and when possible make way for tree,F(travel_to_flag)&F(make_way_for_tree)
1237,"['venture_to_waste_basket', 'tax_apple']",whenever venture to waste basket or at any time tax apple,F(venture_to_waste_basket)|F(tax_apple)
5919,"['drop_apple', 'stop_by_flag']",never drop apple and stop by flag,G(~(drop_apple))&stop_by_flag
2584,"['pick_up_apple', 'go_visit_house']",whenever pick up apple and when possible go visit house,F(pick_up_apple)&F(go_visit_house)
2483,"['stay', 'hold_on_pear']",always stay or forever hold on pear,G(stay)|G(hold_on_pear)
1699,"['make_way_waste_basket', 'have_pear']",whenever make way waste basket or at any time have pear,F(make_way_waste_basket)|F(have_pear)
4102,"['walk_to_flag', 'move_past_trash_can']",at some time walk to flag until at some time move past trash can,F(walk_to_flag)UF(move_past_trash_can)
1050,"['go_by_waste_bin', 'venture_towards_house']",go by waste bin means that venture towards house,go_by_waste_bin->venture_towards_house
1382,"['go_to_waste_basket', 'drop_apple']",repeatedly go to waste basket and never drop apple,G(F(go_to_waste_basket))&G(~(drop_apple))
2034,"['drop_apple', 'approach_tree']",never drop apple and approach tree,G(~(drop_apple))&approach_tree
4966,"['proceed_to_house', 'go_near_pear']",when possible proceed to house and when possible go near pear,F(proceed_to_house)&F(go_near_pear)
2695,"['get_orange', 'get_close_tree']",at any time get orange means that at some time get close tree,F(get_orange)->F(get_close_tree)
1422,"['grab_flag', 'migrate_to_tree']",at any time grab flag or when possible migrate to tree,F(grab_flag)|F(migrate_to_tree)
1134,"['go_by_waste_basket', 'reach_flag']",at any time go by waste basket and when possible reach flag,F(go_by_waste_basket)&F(reach_flag)
2714,"['go_by_tree', 'get_close_tree']",at any time go by tree and whenever get close tree,F(go_by_tree)&F(get_close_tree)
2046,"['steal_apple', 'go_past_flag']",at any time steal apple and whenever go past flag,F(steal_apple)&F(go_past_flag)
1596,"['withhold_apple', 'reach_flag']",at some time withhold apple and when possible reach flag,F(withhold_apple)&F(reach_flag)
1931,"['get_near_flag', 'make_to_flag']",at some time get near flag and when possible make to flag,F(get_near_flag)&F(make_to_flag)
3342,"['go_by_flag', 'capture_orange']",at any time go by flag and capture orange,F(go_by_flag)&capture_orange
1136,"['venture_towards_house', 'go_by_waste_basket']",venture towards house and at some time go by waste basket,venture_towards_house&F(go_by_waste_basket)
3567,"['move', 'go_past_flag']",forever move and whenever go past flag,G(move)&F(go_past_flag)
3542,"['go_by_trash_can', 'move_to_tree']","if forever go by trash can , move to tree",G(go_by_trash_can)->move_to_tree
1352,"['present_at_flag', 'reach_flag']",whenever present at flag and at some time reach flag,F(present_at_flag)&F(reach_flag)
2235,"['snag_orange', 'grip_apple']",at any time snag orange until grip apple,F(snag_orange)Ugrip_apple
4361,"['pass_by_trash_bin', 'take_possession_of_bear']",at any time pass by trash bin or when possible take possession of bear,F(pass_by_trash_bin)|F(take_possession_of_bear)
4704,"['journey_by_house', 'capture_orange']",at some time journey by house or capture orange,F(journey_by_house)|capture_orange
2086,"['journey_to_flag', 'acquire_pear']",at any time journey to flag until when possible acquire pear,F(journey_to_flag)UF(acquire_pear)
4794,"['stop_by_flag', 'gather_pear']",stop by flag or whenever gather pear,stop_by_flag|F(gather_pear)
2503,"['take_orange', 'go_to_waste_basket']",take orange or repeatedly go to waste basket,take_orange|G(F(go_to_waste_basket))
1510,"['procure_apple', 'go_past_flag']",procure apple or at some time go past flag,procure_apple|F(go_past_flag)
4470,"['let_go', 'go_to_tree']",never let go or at any time go to tree,G(~(let_go))|F(go_to_tree)
1243,"['go_near_house', 'drop_pear']",whenever go near house or drop pear,F(go_near_house)|drop_pear
1422,"['drop_apple', 'venture_towards_house']",never drop apple or venture towards house,G(~(drop_apple))|venture_towards_house
4872,"['take_to_trash_can', 'capture_pear']",take to trash can and when possible capture pear,take_to_trash_can&F(capture_pear)
1829,"['let_go_orange', 'let_go_orange']",don't let go orange or do not let go orange,~(let_go_orange)|~(let_go_orange)
2855,"['gather_apple', 'scoop_up_pear']",gather apple or at some time scoop up pear,gather_apple|F(scoop_up_pear)
1734,"['venture_towards_house', 'secure_apple']",venture towards house means that secure apple,venture_towards_house->secure_apple
4725,"['tax_apple', 'proceed_to_house']",at any time tax apple means that at any time proceed to house,F(tax_apple)->F(proceed_to_house)
3552,"['hold_onto_orange', 'shift_to_flag']",forever hold onto orange or at any time shift to flag,G(hold_onto_orange)|F(shift_to_flag)
3588,"['grasp_orange', 'visit_flag']",grasp orange and whenever visit flag,grasp_orange&F(visit_flag)
4018,"['proceed_to_tree', 'travel_to_flag']",at some time proceed to tree or whenever travel to flag,F(proceed_to_tree)|F(travel_to_flag)
5439,"['venture_to_flag', 'visit_tree']",when possible venture to flag and visit tree,F(venture_to_flag)&visit_tree
3927,"['drop_orange', 'venture_to_waste_basket']","when never drop orange , when possible venture to waste basket",G(~(drop_orange))->F(venture_to_waste_basket)
1693,"['drop_apple', 'venture_to_house']",never drop apple or when possible venture to house,G(~(drop_apple))|F(venture_to_house)
2493,"['make_to_flag', 'get_to_tree']",when possible make to flag or get to tree,F(make_to_flag)|get_to_tree
1659,"['go_by_trash_can', 'touch_flag']",forever go by trash can or forever touch flag,G(go_by_trash_can)|G(touch_flag)
3164,"['walk', 'arrive_at_tree']",walk or when possible arrive at tree,walk|F(arrive_at_tree)
1379,"['drop_apple', 'go_by_waste_bin']",never drop apple and go by waste bin,G(~(drop_apple))&go_by_waste_bin
5800,"['shift_to_flag', 'pick_up_apple']",at some time shift to flag or whenever pick up apple,F(shift_to_flag)|F(pick_up_apple)
1433,"['reach_flag', 'go_by_waste_bin']",at any time reach flag or go by waste bin,F(reach_flag)|go_by_waste_bin
1613,"['grab_tree', 'keep_apple']",repeatedly grab tree until keep apple,G(F(grab_tree))Ukeep_apple
1143,"['take_to_trash_can', 'travel_to_flag']",take to trash can and at any time travel to flag,take_to_trash_can&F(travel_to_flag)
1458,"['present_at_flag', 'secure_apple']",at any time present at flag or secure apple,F(present_at_flag)|secure_apple
1030,"['move_near_tree', 'go_to_orange_bin']",at some time move near tree and go to orange bin,F(move_near_tree)&go_to_orange_bin
2963,"['journey_to_tree', 'hold_apple']",at some time journey to tree and hold apple,F(journey_to_tree)&hold_apple
5088,"['snatch_pear', 'take_to_tree']",at any time snatch pear or take to tree,F(snatch_pear)|take_to_tree
1903,"['track_towards_tree', 'approach_trash_can']",at some time track towards tree or approach trash can,F(track_towards_tree)|approach_trash_can
5714,"['make_contact_with_house', 'seize_apple']",at any time make contact with house and seize apple,F(make_contact_with_house)&seize_apple
1824,"['get_to_tree', 'reach_house']",get to tree or reach house,get_to_tree|reach_house
1826,"['hold_on_pear', 'venture_flag']",always hold on pear until at some time venture flag,G(hold_on_pear)UF(venture_flag)
3053,"['grasp_apple', 'take_to_tree']",at some time grasp apple and take to tree,F(grasp_apple)&take_to_tree
1914,"['grab_orange', 'move_to_trash_can']",at any time grab orange means that move to trash can,F(grab_orange)->move_to_trash_can
1426,"['go_by_waste_basket', 'bring_pear']",when possible go by waste basket and whenever bring pear,F(go_by_waste_basket)&F(bring_pear)
3523,"['journey_to_house', 'take_orange']",at any time journey to house and take orange,F(journey_to_house)&take_orange
5236,"['snatch_pear', 'go_to_peach']",when possible snatch pear or whenever go to peach,F(snatch_pear)|F(go_to_peach)
3891,"['capture_pear', 'get_orange']",whenever capture pear or at some time get orange,F(capture_pear)|F(get_orange)
1584,"['go_to_home', 'move_to_flag']","when at any time go to home , at some time move to flag",F(go_to_home)->F(move_to_flag)
5850,"['go_by_flag', 'haul_pear']",when possible go by flag and whenever haul pear,F(go_by_flag)&F(haul_pear)
3877,"['move_around', 'reach_tree']",forever move around and at some time reach tree,G(move_around)&F(reach_tree)
3369,"['go_home', 'touch_tree']",whenever go home or at some time touch tree,F(go_home)|F(touch_tree)
1969,"['journey_by_flag', 'hold_on_pear']",whenever journey by flag or always hold on pear,F(journey_by_flag)|G(hold_on_pear)
1810,"['make_contact_flag', 'drop_orange']",whenever make contact flag and never drop orange,F(make_contact_flag)&G(~(drop_orange))
2846,"['take_apple', 'go_to_home']",take apple and whenever go to home,take_apple&F(go_to_home)
1825,"['keep_apple', 'go_to_trashcan']",keep apple or at any time go to trashcan,keep_apple|F(go_to_trashcan)
1319,"['seize_orange', 'make_way_to_house']",when possible seize orange or repeatedly make way to house,F(seize_orange)|G(F(make_way_to_house))
5203,"['go_to_trash_receptacle', 'have_apple']",whenever go to trash receptacle and always have apple,F(go_to_trash_receptacle)&G(have_apple)
4384,"['go_to_orange', 'acquire_orange']",go to orange or acquire orange,go_to_orange|acquire_orange
3757,"['drop_orange', 'go_to_trash_bin']",drop orange or when possible go to trash bin,drop_orange|F(go_to_trash_bin)
3647,"['hold_orange', 'touch_tree']",hold orange until whenever touch tree,hold_orangeUF(touch_tree)
5440,"['stand_by_tree', 'going_to_tree']",whenever stand by tree and going to tree,F(stand_by_tree)&going_to_tree
5313,"['drop_orange', 'go_to_trash_bin']",drop orange until at any time go to trash bin,drop_orangeUF(go_to_trash_bin)
2431,"['obtain_orange', 'go_to_waste_basket']",when possible obtain orange or repeatedly go to waste basket,F(obtain_orange)|G(F(go_to_waste_basket))
3267,"['hold_orange', 'obtain_orange']",hold orange until at some time obtain orange,hold_orangeUF(obtain_orange)
2376,"['acquire_apple', 'grab_pear']",acquire apple or whenever grab pear,acquire_apple|F(grab_pear)
5171,"['go_near_pear', 'make_contact_with_house']",at some time go near pear or at some time make contact with house,F(go_near_pear)|F(make_contact_with_house)
4292,"['grab_apple', 'take_to_tree']",at any time grab apple means that take to tree,F(grab_apple)->take_to_tree
2892,"['scoop_up_apple', 'approach_flag']",at some time scoop up apple or at any time approach flag,F(scoop_up_apple)|F(approach_flag)
5013,"['travel_to_house', 'go_by_tree']",whenever travel to house or at some time go by tree,F(travel_to_house)|F(go_by_tree)
2224,"['seize_pear', 'go_to_waste_basket']",whenever seize pear or repeatedly go to waste basket,F(seize_pear)|G(F(go_to_waste_basket))
2294,"['take_to_tree', 'get_to_cup']",take to tree or at some time get to cup,take_to_tree|F(get_to_cup)
2499,"['grab_flag', 'have_pear']",at some time grab flag or whenever have pear,F(grab_flag)|F(have_pear)
3261,"['pick_up_pear', 'get_apple']",pick up pear and when possible get apple,pick_up_pear&F(get_apple)
1447,"['present_at_flag', 'go_by_waste_bin']",at any time present at flag and go by waste bin,F(present_at_flag)&go_by_waste_bin
1609,"['get_close_tree', 'grab_orange']",when possible get close tree or at any time grab orange,F(get_close_tree)|F(grab_orange)
4654,"['make_your_way_flag', 'go_by_tree']",when possible make your way flag and whenever go by tree,F(make_your_way_flag)&F(go_by_tree)
2100,"['get_to_cup', 'travel_to_trash_can']",whenever get to cup until when possible travel to trash can,F(get_to_cup)UF(travel_to_trash_can)
2328,"['go_to_orange', 'have_possession_of_apple']",go to orange can infer that whenever have possession of apple,go_to_orange->F(have_possession_of_apple)
1049,"['hold_orange', 'going_to_tree']",hold orange and going to tree,hold_orange&going_to_tree
2841,"['withold_apple', 'let_go_orange']",when possible withold apple or never let go orange,F(withold_apple)|G(~(let_go_orange))
3547,"['go_by_tree', 'acquire_apple']",whenever go by tree means that acquire apple,F(go_by_tree)->acquire_apple
4207,"['journey_by_house', 'be_at_house']",at any time journey by house and at some time be at house,F(journey_by_house)&F(be_at_house)
1255,"['journey_by_flag', 'visit_trash_bin']",whenever journey by flag until at some time visit trash bin,F(journey_by_flag)UF(visit_trash_bin)
1045,"['go_by_waste_basket', 'go_by_waste_basket']",when possible go by waste basket and when possible go by waste basket,F(go_by_waste_basket)&F(go_by_waste_basket)
1093,"['travel_to_apple', 'make_to_flag']",travel to apple or at some time make to flag,travel_to_apple|F(make_to_flag)
2482,"['going_to_flag', 'hold_apple']",when possible going to flag and hold apple,F(going_to_flag)&hold_apple
1453,"['acquire_orange', 'go_to_trash_can']",acquire orange or at any time go to trash can,acquire_orange|F(go_to_trash_can)
1666,"['reach_house', 'snatch_up_pear']","if reach house , snatch up pear",reach_house->snatch_up_pear
2042,"['stop_by_flag', 'venture_to_waste_basket']",stop by flag or whenever venture to waste basket,stop_by_flag|F(venture_to_waste_basket)
3042,"['be_at_house', 'pick_up_peach']",whenever be at house or at any time pick up peach,F(be_at_house)|F(pick_up_peach)
1974,"['have_pear', 'go_near_house']",when possible have pear or at any time go near house,F(have_pear)|F(go_near_house)
2451,"['grab_tree', 'reach_house']",repeatedly grab tree and reach house,G(F(grab_tree))&reach_house
5964,"['procure_apple', 'move_to_flag']",procure apple until at some time move to flag,procure_appleUF(move_to_flag)
4284,"['walk', 'pick_up_fruit']","when walk , pick up fruit",walk->pick_up_fruit
5868,"['snatch_pear', 'go_past_house']","if whenever snatch pear , at any time go past house",F(snatch_pear)->F(go_past_house)
1495,"['present_at_flag', 'reach_flag']","when whenever present at flag , at any time reach flag",F(present_at_flag)->F(reach_flag)
3049,"['capture_orange', 'contact_house']",capture orange and whenever contact house,capture_orange&F(contact_house)
4605,"['be_at_house', 'travel_to_trash_can']",at any time be at house or when possible travel to trash can,F(be_at_house)|F(travel_to_trash_can)
2991,"['procure_pear', 'get_orange']",at some time procure pear or when possible get orange,F(procure_pear)|F(get_orange)
5897,"['going_to_house', 'go_visit_flag']",when possible going to house and go visit flag,F(going_to_house)&go_visit_flag
1801,"['venture_towards_house', 'drop_apple']",venture towards house and never drop apple,venture_towards_house&G(~(drop_apple))
5459,"['capture_orange', 'pass_by_trash_bin']",capture orange or at any time pass by trash bin,capture_orange|F(pass_by_trash_bin)
1650,"['reach_flag', 'drop_apple']",whenever reach flag or never drop apple,F(reach_flag)|G(~(drop_apple))
3521,"['contact_house', 'obtain_orange']",at any time contact house or at some time obtain orange,F(contact_house)|F(obtain_orange)
2479,"['withdraw_pear', 'be_in_houses_vicinity']",when possible withdraw pear or at some time be in house's vicinity,F(withdraw_pear)|F(be_in_houses_vicinity)
5922,"['take_to_tree', 'going_to_tree']",take to tree or going to tree,take_to_tree|going_to_tree
3852,"['collect_orange', 'proceed_to_flag']",at some time collect orange or at any time proceed to flag,F(collect_orange)|F(proceed_to_flag)
3986,"['procure_orange', 'go_to_house']",at some time procure orange or at any time go to house,F(procure_orange)|F(go_to_house)
5835,"['put_in_bin', 'procure_pear']",put in bin or at some time procure pear,put_in_bin|F(procure_pear)
3403,"['drop_by', 'drop_orange']","when drop by , never drop orange",drop_by->G(~(drop_orange))
5555,"['pick_up_pear', 'approach_flag']",pick up pear or whenever approach flag,pick_up_pear|F(approach_flag)
3336,"['travel_house', 'capture_pear']",at some time travel house or at some time capture pear,F(travel_house)|F(capture_pear)
1855,"['go_by_waste_bin', 'venture_towards_house']",go by waste bin and venture towards house,go_by_waste_bin&venture_towards_house
2463,"['snatch_pear', 'get_hold_apple']",at any time snatch pear means that at some time get hold apple,F(snatch_pear)->F(get_hold_apple)
1147,"['clutch_orange', 'let_go_pear']",when possible clutch orange or do not let go pear,F(clutch_orange)|~(let_go_pear)
1336,"['go_visit_house', 'walk_near_flag']",whenever go visit house or at some time walk near flag,F(go_visit_house)|F(walk_near_flag)
5704,"['come_home', 'proceed_to_house']",at any time come home until at some time proceed to house,F(come_home)UF(proceed_to_house)
4638,"['walk_to_flag', 'procure_orange']",at any time walk to flag or at some time procure orange,F(walk_to_flag)|F(procure_orange)
2144,"['go_to_orange_bin', 'come_to_tree']",go to orange bin or come to tree,go_to_orange_bin|come_to_tree
1930,"['go_by_waste_bin', 'go_by_waste_basket']",go by waste bin or whenever go by waste basket,go_by_waste_bin|F(go_by_waste_basket)
5173,"['go_visit_flag', 'have_apple']",go visit flag or forever have apple,go_visit_flag|G(have_apple)
5407,"['hold_onto_orange', 'put_in_apple_bucket']",always hold onto orange or put in apple bucket,G(hold_onto_orange)|put_in_apple_bucket
1268,"['stop_by_house', 'get_to_flag']",when possible stop by house until whenever get to flag,F(stop_by_house)UF(get_to_flag)
4647,"['venture_to_trash_can', 'scoop_up_pear']",venture to trash can and at some time scoop up pear,venture_to_trash_can&F(scoop_up_pear)
1983,"['start_going_to_house', 'withdraw_pear']",at some time start going to house and whenever withdraw pear,F(start_going_to_house)&F(withdraw_pear)
1950,"['reach_flag', 'present_at_flag']",whenever reach flag or at some time present at flag,F(reach_flag)|F(present_at_flag)
3612,"['let_go', 'walk_near_flag']",never let go and at any time walk near flag,G(~(let_go))&F(walk_near_flag)
1037,"['start_going_to_house', 'lay_hold_of_apple']",at some time start going to house or whenever lay hold of apple,F(start_going_to_house)|F(lay_hold_of_apple)
4637,"['put_in_bucket', 'get_hold_apple']",put in bucket or at any time get hold apple,put_in_bucket|F(get_hold_apple)
3022,"['go_to_bucket', 'go_to_orange']",go to bucket and go to orange,go_to_bucket&go_to_orange
2156,"['go_by_tree', 'show_yourself_near_house']",at any time go by tree or at some time show yourself near house,F(go_by_tree)|F(show_yourself_near_house)
1064,"['get_to_tree', 'get_to_flag']",get to tree until when possible get to flag,get_to_treeUF(get_to_flag)
3775,"['move_to_trash_can', 'put_in_bucket']",move to trash can and put in bucket,move_to_trash_can&put_in_bucket
4861,"['reach_tree', 'acquire_orange']",at some time reach tree and acquire orange,F(reach_tree)&acquire_orange
3444,"['pick_up_fruit', 'go_near_flag']",pick up fruit and when possible go near flag,pick_up_fruit&F(go_near_flag)
2155,"['drop_pear', 'advance_to_tree']",drop pear or advance to tree,drop_pear|advance_to_tree
5157,"['seize_orange', 'acquire_pear']",at any time seize orange or when possible acquire pear,F(seize_orange)|F(acquire_pear)
1909,"['walk_near_flag', 'proceed_to_tree']",at some time walk near flag or whenever proceed to tree,F(walk_near_flag)|F(proceed_to_tree)
1019,"['pick_up_orange', 'get_hold_of_orange']",pick up orange or when possible get hold of orange,pick_up_orange|F(get_hold_of_orange)
1836,"['withhold_apple', 'go_by_waste_bin']",when possible withhold apple or go by waste bin,F(withhold_apple)|go_by_waste_bin
4381,"['go_to_peach', 'make_contact_with_house']",at any time go to peach or whenever make contact with house,F(go_to_peach)|F(make_contact_with_house)
2425,"['get_near_flag', 'move_near_tree']",at some time get near flag or whenever move near tree,F(get_near_flag)|F(move_near_tree)
3759,"['visit_waste_basket', 'steal_apple']",whenever visit waste basket or at any time steal apple,F(visit_waste_basket)|F(steal_apple)
4123,"['take_pear', 'advance_to_house']",take pear and at some time advance to house,take_pear&F(advance_to_house)
2434,"['go_past_flag', 'visit_flag']",whenever go past flag and at some time visit flag,F(go_past_flag)&F(visit_flag)
5490,"['take_orange', 'start_going_to_tree']",take orange or when possible start going to tree,take_orange|F(start_going_to_tree)
5921,"['collect_apple', 'travel_to_waste_bin']",whenever collect apple and travel to waste bin,F(collect_apple)&travel_to_waste_bin
4058,"['move_to_house', 'go_to_apple']",move to house or at some time go to apple,move_to_house|F(go_to_apple)
1084,"['journey_to_flag', 'collect_apple']",at any time journey to flag or at some time collect apple,F(journey_to_flag)|F(collect_apple)
1355,"['reach_house', 'have_pear']",reach house or whenever have pear,reach_house|F(have_pear)
2376,"['journey_by_flag', 'get_near_flag']",at some time journey by flag and at any time get near flag,F(journey_by_flag)&F(get_near_flag)
2284,"['get_close_tree', 'get_close_flag']",at any time get close tree and when possible get close flag,F(get_close_tree)&F(get_close_flag)
1613,"['put_in_bucket', 'move_to_flag']",put in bucket or at some time move to flag,put_in_bucket|F(move_to_flag)
1001,"['stay', 'lay_hold_of_apple']","when always stay , at some time lay hold of apple",G(stay)->F(lay_hold_of_apple)
4039,"['journey_to_flag', 'go_near_flag']",when possible journey to flag or at any time go near flag,F(journey_to_flag)|F(go_near_flag)
5569,"['drop_pear', 'visit_flag']",never drop pear or at some time visit flag,G(~(drop_pear))|F(visit_flag)
1750,"['track_towards_tree', 'visit_trash_bin']",whenever track towards tree and when possible visit trash bin,F(track_towards_tree)&F(visit_trash_bin)
4489,"['have_possession_of_apple', 'drop_orange']",whenever have possession of apple or drop orange,F(have_possession_of_apple)|drop_orange
3135,"['going_to_tree', 'get_close_tree']",going to tree and whenever get close tree,going_to_tree&F(get_close_tree)
3454,"['visit_tree', 'grab_orange']",visit tree or at some time grab orange,visit_tree|F(grab_orange)
2186,"['get_to_flag', 'grip_apple']",whenever get to flag and grip apple,F(get_to_flag)&grip_apple
2034,"['keep_apple', 'be_in_houses_vicinity']",keep apple or at some time be in house's vicinity,keep_apple|F(be_in_houses_vicinity)
2218,"['withdraw_pear', 'grip_apple']",at any time withdraw pear or grip apple,F(withdraw_pear)|grip_apple
5710,"['move_past_trash_can', 'grab_apple']",at any time move past trash can and whenever grab apple,F(move_past_trash_can)&F(grab_apple)
3747,"['travel_to_tree', 'start_going_to_tree']",travel to tree or at some time start going to tree,travel_to_tree|F(start_going_to_tree)
1311,"['journey_by_flag', 'start_going_to_house']",whenever journey by flag and at some time start going to house,F(journey_by_flag)&F(start_going_to_house)
4070,"['journey_to_flag', 'pass_by_trash_bin']",whenever journey to flag can infer that at some time pass by trash bin,F(journey_to_flag)->F(pass_by_trash_bin)
5989,"['grab_pear', 'shift_to_flag']",at any time grab pear or when possible shift to flag,F(grab_pear)|F(shift_to_flag)
1047,"['venture_to_house', 'withhold_apple']",whenever venture to house or at any time withhold apple,F(venture_to_house)|F(withhold_apple)
1576,"['bring_pear', 'secure_apple']",at any time bring pear until secure apple,F(bring_pear)Usecure_apple
1901,"['bring_pear', 'bring_pear']",when possible bring pear or at any time bring pear,F(bring_pear)|F(bring_pear)
4277,"['stop_by_flag', 'procure_orange']",stop by flag or whenever procure orange,stop_by_flag|F(procure_orange)
1365,"['travel_house', 'be_at_house']",whenever travel house or at any time be at house,F(travel_house)|F(be_at_house)
3441,"['acquire_pear', 'pick_up_pear']",at any time acquire pear or pick up pear,F(acquire_pear)|pick_up_pear
4443,"['let_go_pear', 'travel_by_tree']",do not let go pear and at any time travel by tree,~(let_go_pear)&F(travel_by_tree)
1929,"['drop_apple', 'venture_towards_house']",never drop apple or venture towards house,G(~(drop_apple))|venture_towards_house
1651,"['gather_apple', 'go_to_flag']",gather apple until at any time go to flag,gather_appleUF(go_to_flag)
3745,"['let_go_apple', 'go_near_pear']",never let go apple or when possible go near pear,G(~(let_go_apple))|F(go_near_pear)
1778,"['reach_flag', 'go_by_waste_bin']",when possible reach flag and go by waste bin,F(reach_flag)&go_by_waste_bin
1799,"['get_to_flag', 'visit_trash_bin']",at any time get to flag or at some time visit trash bin,F(get_to_flag)|F(visit_trash_bin)
1155,"['let_go', 'proceed_to_tree']",never let go and at any time proceed to tree,G(~(let_go))&F(proceed_to_tree)
1589,"['withhold_apple', 'go_by_waste_bin']",when possible withhold apple and go by waste bin,F(withhold_apple)&go_by_waste_bin
3969,"['let_go_orange', 'withold_apple']",never let go orange and when possible withold apple,G(~(let_go_orange))&F(withold_apple)
2464,"['walk_near_flag', 'go_to_trash_receptacle']",at some time walk near flag or whenever go to trash receptacle,F(walk_near_flag)|F(go_to_trash_receptacle)
4342,"['pick_up_apple', 'travel_to_waste_bin']",at some time pick up apple or travel to waste bin,F(pick_up_apple)|travel_to_waste_bin
1791,"['venture_towards_house', 'go_by_waste_bin']",venture towards house and go by waste bin,venture_towards_house&go_by_waste_bin
3333,"['put_in_apple_bucket', 'go_to_flag']",put in apple bucket or at some time go to flag,put_in_apple_bucket|F(go_to_flag)
3601,"['walk_near_flag', 'drop_orange']",at any time walk near flag or drop orange,F(walk_near_flag)|drop_orange
1862,"['venture_towards_house', 'withhold_apple']",venture towards house or whenever withhold apple,venture_towards_house|F(withhold_apple)
1674,"['go_by_waste_basket', 'reach_flag']",when possible go by waste basket and at any time reach flag,F(go_by_waste_basket)&F(reach_flag)
1417,"['secure_apple', 'venture_towards_house']",secure apple or venture towards house,secure_apple|venture_towards_house
1907,"['present_at_flag', 'venture_to_house']",at any time present at flag until at some time venture to house,F(present_at_flag)UF(venture_to_house)
4353,"['walk', 'grab_orange']",walk until whenever grab orange,walkUF(grab_orange)
5484,"['take_possession_of_bear', 'seize_pear']",whenever take possession of bear and at any time seize pear,F(take_possession_of_bear)&F(seize_pear)
1019,"['secure_apple', 'drop_apple']",secure apple or never drop apple,secure_apple|G(~(drop_apple))
5886,"['make_way_to_house', 'touch_house']",repeatedly make way to house and at any time touch house,G(F(make_way_to_house))&F(touch_house)
2286,"['drop_pear', 'withdraw_pear']","when drop pear , at some time withdraw pear",drop_pear->F(withdraw_pear)
1063,"['go_by_waste_basket', 'drop_apple']",at some time go by waste basket until never drop apple,F(go_by_waste_basket)UG(~(drop_apple))
3334,"['get_hold_apple', 'seize_orange']",at some time get hold apple or at some time seize orange,F(get_hold_apple)|F(seize_orange)
1823,"['come_home', 'secure_pear']",at some time come home or at any time secure pear,F(come_home)|F(secure_pear)
3652,"['let_go_orange', 'acquire_apple']",never let go orange means that acquire apple,G(~(let_go_orange))->acquire_apple
3569,"['capture_orange', 'secure_pear']",capture orange or at some time secure pear,capture_orange|F(secure_pear)
2930,"['be_near_tree', 'obtain_pear']",when possible be near tree or at some time obtain pear,F(be_near_tree)|F(obtain_pear)
1332,"['drop_apple', 'drop_apple']",never drop apple or never drop apple,G(~(drop_apple))|G(~(drop_apple))
3965,"['pick_up_orange', 'obtain_pear']",pick up orange or when possible obtain pear,pick_up_orange|F(obtain_pear)
1663,"['go_near_flag', 'touch_house']",when possible go near flag or whenever touch house,F(go_near_flag)|F(touch_house)
3443,"['proceed_to_house', 'journey_by_house']",when possible proceed to house until at some time journey by house,F(proceed_to_house)UF(journey_by_house)
1957,"['pick_up_flag', 'seize_apple']",pick up flag and seize apple,pick_up_flag&seize_apple
5573,"['reach_trash_can', 'get_hold_of_pear']",reach trash can until get hold of pear,reach_trash_canUget_hold_of_pear
2041,"['have_pear', 'go_to_apple_trashcan']",when possible have pear or repeatedly go to apple trashcan,F(have_pear)|G(F(go_to_apple_trashcan))
2061,"['get_to_cup', 'approach_tree']",when possible get to cup or approach tree,F(get_to_cup)|approach_tree
2523,"['take_orange', 'let_go_orange']",take orange or never let go orange,take_orange|G(~(let_go_orange))
2365,"['start_going_to_house', 'hold_on_pear']",at any time start going to house and always hold on pear,F(start_going_to_house)&G(hold_on_pear)
1269,"['clutch_orange', 'go_to_trashcan']",at some time clutch orange and whenever go to trashcan,F(clutch_orange)&F(go_to_trashcan)
1172,"['let_go_pear', 'drop_pear']",do not let go pear or drop pear,~(let_go_pear)|drop_pear
4263,"['go_to_bucket', 'go_to_house']",go to bucket or when possible go to house,go_to_bucket|F(go_to_house)
1342,"['get_close_flag', 'steal_apple']",when possible get close flag and at any time steal apple,F(get_close_flag)&F(steal_apple)
2185,"['acquire_apple', 'seize_pear']",acquire apple or when possible seize pear,acquire_apple|F(seize_pear)
1926,"['advance_to_tree', 'grab_tree']",advance to tree or repeatedly grab tree,advance_to_tree|G(F(grab_tree))
1320,"['take_possession_of_bear', 'make_contact_flag']",at some time take possession of bear and whenever make contact flag,F(take_possession_of_bear)&F(make_contact_flag)
3874,"['be_at_house', 'approach_flag']","if when possible be at house , at any time approach flag",F(be_at_house)->F(approach_flag)
1134,"['procure_apple', 'pick_up_orange']",procure apple and pick up orange,procure_apple&pick_up_orange
2595,"['go_to_tree', 'advance_to_house']",when possible go to tree until at some time advance to house,F(go_to_tree)UF(advance_to_house)
2620,"['get_hold_orange', 'obtain_apple']",at any time get hold orange means that when possible obtain apple,F(get_hold_orange)->F(obtain_apple)
1036,"['reach_tree', 'seize_orange']",when possible reach tree or whenever seize orange,F(reach_tree)|F(seize_orange)
5172,"['visit_flag', 'go_past_flag']",whenever visit flag or at some time go past flag,F(visit_flag)|F(go_past_flag)
1879,"['have_in_orange', 'stop_by_house']",forever have in orange or at some time stop by house,G(have_in_orange)|F(stop_by_house)
1768,"['grab_hold_pear', 'go_to_apple_trashcan']",grab hold pear or repeatedly go to apple trashcan,grab_hold_pear|G(F(go_to_apple_trashcan))
3320,"['move_to_trash_can', 'go_by_tree']",move to trash can until at any time go by tree,move_to_trash_canUF(go_by_tree)
2989,"['pass_by_trash_bin', 'go_by_tree']",at any time pass by trash bin and whenever go by tree,F(pass_by_trash_bin)&F(go_by_tree)
2979,"['venture_house', 'travel_to_trash_can']",when possible venture house and at any time travel to trash can,F(venture_house)&F(travel_to_trash_can)
1698,"['bring_pear', 'go_by_waste_bin']",when possible bring pear or go by waste bin,F(bring_pear)|go_by_waste_bin
1568,"['make_way_to_house', 'put_in_bucket']","if repeatedly make way to house , put in bucket",G(F(make_way_to_house))->put_in_bucket
1925,"['drop_by', 'drop_orange']",drop by or never drop orange,drop_by|G(~(drop_orange))
1905,"['lay_hold_of_apple', 'come_to_tree']",whenever lay hold of apple and come to tree,F(lay_hold_of_apple)&come_to_tree
2479,"['start_going_to_tree', 'withold_apple']",whenever start going to tree or whenever withold apple,F(start_going_to_tree)|F(withold_apple)
1385,"['venture_flag', 'track_towards_tree']",whenever venture flag or when possible track towards tree,F(venture_flag)|F(track_towards_tree)
3064,"['go_to_peach', 'put_in_apple_bucket']",at any time go to peach and put in apple bucket,F(go_to_peach)&put_in_apple_bucket
3606,"['proceed_to_flag', 'obtain_orange']",at any time proceed to flag or at some time obtain orange,F(proceed_to_flag)|F(obtain_orange)
5533,"['put_in_apple_bucket', 'proceed_to_house']",put in apple bucket and at some time proceed to house,put_in_apple_bucket&F(proceed_to_house)
4975,"['collect_orange', 'stop_by_flag']",at some time collect orange or stop by flag,F(collect_orange)|stop_by_flag
1611,"['bring_pear', 'go_by_waste_basket']",at any time bring pear until at any time go by waste basket,F(bring_pear)UF(go_by_waste_basket)
5444,"['make_your_way_flag', 'seize_pear']",when possible make your way flag or at any time seize pear,F(make_your_way_flag)|F(seize_pear)
5265,"['go_to_peach', 'grab_pear']",at any time go to peach and at some time grab pear,F(go_to_peach)&F(grab_pear)
5779,"['go_past_flag', 'venture_house']",whenever go past flag or at some time venture house,F(go_past_flag)|F(venture_house)
5391,"['put_in_bin', 'drop_apple']",put in bin or never drop apple,put_in_bin|G(~(drop_apple))
4073,"['move', 'reach_trash_can']",forever move or reach trash can,G(move)|reach_trash_can
3107,"['hold_on_to_pear', 'procure_orange']",hold on to pear can infer that at any time procure orange,hold_on_to_pear->F(procure_orange)
2293,"['go_past_house', 'reach_trash_can']",at any time go past house or reach trash can,F(go_past_house)|reach_trash_can
1637,"['pass_by_house', 'touch_house']",at some time pass by house and when possible touch house,F(pass_by_house)&F(touch_house)
3750,"['move', 'go_past_flag']",forever move and at any time go past flag,G(move)&F(go_past_flag)
1117,"['track_towards_tree', 'clutch_orange']",at some time track towards tree or at some time clutch orange,F(track_towards_tree)|F(clutch_orange)
2494,"['go_to_apple_trashcan', 'go_to_trashcan']",repeatedly go to apple trashcan or at any time go to trashcan,G(F(go_to_apple_trashcan))|F(go_to_trashcan)
2386,"['stop_by_house', 'travel_to_apple']",whenever stop by house can infer that travel to apple,F(stop_by_house)->travel_to_apple
3263,"['go_by_house', 'scoop_up_pear']",whenever go by house and at some time scoop up pear,F(go_by_house)&F(scoop_up_pear)
4313,"['go_to_home', 'have_possession_of_apple']",when possible go to home or at any time have possession of apple,F(go_to_home)|F(have_possession_of_apple)
5727,"['collect_apple', 'pick_up_pear']",whenever collect apple or pick up pear,F(collect_apple)|pick_up_pear
1967,"['go_by_waste_bin', 'venture_to_house']",go by waste bin until when possible venture to house,go_by_waste_binUF(venture_to_house)
4899,"['let_go_pear', 'venture_to_trash_can']",don't let go pear can infer that venture to trash can,~(let_go_pear)->venture_to_trash_can
2326,"['advance_to_tree', 'reach_house']",advance to tree or reach house,advance_to_tree|reach_house
5485,"['tax_apple', 'procure_apple']",whenever tax apple until procure apple,F(tax_apple)Uprocure_apple
2939,"['journey_to_tree', 'secure_pear']",when possible journey to tree or at some time secure pear,F(journey_to_tree)|F(secure_pear)
1518,"['drop_orange', 'be_in_houses_vicinity']",never drop orange and at any time be in house's vicinity,G(~(drop_orange))&F(be_in_houses_vicinity)
5415,"['seize_pear', 'proceed_to_flag']",at some time seize pear and at any time proceed to flag,F(seize_pear)&F(proceed_to_flag)
1984,"['tax_apple', 'collect_apple']",whenever tax apple and when possible collect apple,F(tax_apple)&F(collect_apple)
1994,"['drop_pear', 'collect_apple']",never drop pear until at any time collect apple,G(~(drop_pear))UF(collect_apple)
4561,"['take_orange', 'get_to_cup']",take orange and at some time get to cup,take_orange&F(get_to_cup)
2408,"['get_near_flag', 'grab_tree']",when possible get near flag or repeatedly grab tree,F(get_near_flag)|G(F(grab_tree))
5925,"['get_hold_apple', 'go_to_apple']",whenever get hold apple and when possible go to apple,F(get_hold_apple)&F(go_to_apple)
4208,"['procure_pear', 'pick_up_apple']",whenever procure pear and when possible pick up apple,F(procure_pear)&F(pick_up_apple)
1654,"['reach_house', 'move_to_trashcan']",reach house or move to trashcan,reach_house|move_to_trashcan
1586,"['withold_apple', 'approach_flag']",whenever withold apple and at some time approach flag,F(withold_apple)&F(approach_flag)
1832,"['make_way_to_house', 'take_orange']",repeatedly make way to house or take orange,G(F(make_way_to_house))|take_orange
2072,"['venture_flag', 'let_go_orange']",whenever venture flag and don't let go orange,F(venture_flag)&~(let_go_orange)
1111,"['walk_near_flag', 'get_pear']",when possible walk near flag or at some time get pear,F(walk_near_flag)|F(get_pear)
4774,"['drop_orange', 'approach_house']",drop orange and whenever approach house,drop_orange&F(approach_house)
1961,"['let_go_orange', 'approach_trash_can']","when don't let go orange , approach trash can",~(let_go_orange)->approach_trash_can
1326,"['present_at_flag', 'withhold_apple']",at any time present at flag and when possible withhold apple,F(present_at_flag)&F(withhold_apple)
3132,"['pick_up_peach', 'visit_tree']",whenever pick up peach or visit tree,F(pick_up_peach)|visit_tree
3990,"['be_at_house', 'gather_pear']",whenever be at house or whenever gather pear,F(be_at_house)|F(gather_pear)
2141,"['stop_by_trash_can', 'going_to_tree']",when possible stop by trash can or going to tree,F(stop_by_trash_can)|going_to_tree
2988,"['shift_to_flag', 'journey_by_house']",at some time shift to flag until when possible journey by house,F(shift_to_flag)UF(journey_by_house)
2828,"['journey_by_house', 'come_home']",at some time journey by house or at any time come home,F(journey_by_house)|F(come_home)
4895,"['get_to_cup', 'make_your_way_flag']",when possible get to cup or whenever make your way flag,F(get_to_cup)|F(make_your_way_flag)
1265,"['withhold_apple', 'present_at_flag']",at any time withhold apple or at any time present at flag,F(withhold_apple)|F(present_at_flag)
1117,"['go_to_home', 'make_contact_flag']",when possible go to home or when possible make contact flag,F(go_to_home)|F(make_contact_flag)
5228,"['go_to_trash_receptacle', 'go_near_flag']",whenever go to trash receptacle or at any time go near flag,F(go_to_trash_receptacle)|F(go_near_flag)
1892,"['withhold_apple', 'go_by_waste_basket']",at any time withhold apple or at some time go by waste basket,F(withhold_apple)|F(go_by_waste_basket)
1114,"['drop_orange', 'move_past_trash_can']",never drop orange and at some time move past trash can,G(~(drop_orange))&F(move_past_trash_can)
4764,"['get_hold_apple', 'put_in_bin']",when possible get hold apple or put in bin,F(get_hold_apple)|put_in_bin
3010,"['grasp_apple', 'scoop_up_apple']",at some time grasp apple until when possible scoop up apple,F(grasp_apple)UF(scoop_up_apple)
5955,"['travel_house', 'acquire_pear']",when possible travel house or at any time acquire pear,F(travel_house)|F(acquire_pear)
2687,"['go_to_pear', 'drop_apple']",repeatedly go to pear until never drop apple,G(F(go_to_pear))UG(~(drop_apple))
2221,"['got_to_house', 'have_pear']",at some time got to house until at any time have pear,F(got_to_house)UF(have_pear)
1399,"['go_by_waste_bin', 'go_by_waste_basket']",go by waste bin or whenever go by waste basket,go_by_waste_bin|F(go_by_waste_basket)
1441,"['go_to_trash_receptacle', 'collect_pear']",when possible go to trash receptacle and collect pear,F(go_to_trash_receptacle)&collect_pear
2578,"['make_way_to_house', 'move_to_trash_can']",repeatedly make way to house and move to trash can,G(F(make_way_to_house))&move_to_trash_can
3337,"['travel_to_tree', 'scoop_up_pear']",travel to tree or at some time scoop up pear,travel_to_tree|F(scoop_up_pear)
5822,"['shift_to_flag', 'approach_flag']",at some time shift to flag and at any time approach flag,F(shift_to_flag)&F(approach_flag)
1381,"['pass_by_house', 'get_hold_apple']",at some time pass by house and whenever get hold apple,F(pass_by_house)&F(get_hold_apple)
2794,"['going_to_flag', 'make_way_to_house']",at any time going to flag and repeatedly make way to house,F(going_to_flag)&G(F(make_way_to_house))
2629,"['scoop_up_pear', 'capture_pear']",when possible scoop up pear or when possible capture pear,F(scoop_up_pear)|F(capture_pear)
3682,"['take_apple', 'move_to_trash_can']","if take apple , move to trash can",take_apple->move_to_trash_can
2848,"['acquire_pear', 'start_going_to_tree']",at any time acquire pear or whenever start going to tree,F(acquire_pear)|F(start_going_to_tree)
1287,"['bring_pear', 'venture_towards_house']",whenever bring pear and venture towards house,F(bring_pear)&venture_towards_house
3257,"['hold_onto_orange', 'touch_tree']",always hold onto orange or at any time touch tree,G(hold_onto_orange)|F(touch_tree)
2977,"['move_to_flag', 'stop_by_trash_can']",at some time move to flag and at any time stop by trash can,F(move_to_flag)&F(stop_by_trash_can)
2301,"['go_to_apple_trashcan', 'visit_trash_bin']",repeatedly go to apple trashcan or whenever visit trash bin,G(F(go_to_apple_trashcan))|F(visit_trash_bin)
1831,"['drop_orange', 'snag_orange']",never drop orange until whenever snag orange,G(~(drop_orange))UF(snag_orange)
4987,"['let_go_pear', 'yield_pear']",don't let go pear and when possible yield pear,~(let_go_pear)&F(yield_pear)
3540,"['let_go_orange', 'procure_orange']",never let go orange and when possible procure orange,G(~(let_go_orange))&F(procure_orange)
1453,"['withdraw_pear', 'move_to_trashcan']",at any time withdraw pear or move to trashcan,F(withdraw_pear)|move_to_trashcan
2643,"['hold_orange', 'have_possession_of_apple']",hold orange can infer that when possible have possession of apple,hold_orange->F(have_possession_of_apple)
1776,"['present_at_flag', 'withhold_apple']",at some time present at flag or whenever withhold apple,F(present_at_flag)|F(withhold_apple)
1258,"['present_at_flag', 'venture_to_house']",at any time present at flag until whenever venture to house,F(present_at_flag)UF(venture_to_house)
2469,"['going_to_flag', 'journey_to_tree']",whenever going to flag means that at any time journey to tree,F(going_to_flag)->F(journey_to_tree)
5156,"['go_to_peach', 'go_near_flag']",at any time go to peach and when possible go near flag,F(go_to_peach)&F(go_near_flag)
5382,"['obtain_pear', 'take_to_tree']",whenever obtain pear or take to tree,F(obtain_pear)|take_to_tree
1735,"['track_towards_tree', 'venture_flag']",whenever track towards tree until when possible venture flag,F(track_towards_tree)UF(venture_flag)
1374,"['venture_to_house', 'withhold_apple']",whenever venture to house and at some time withhold apple,F(venture_to_house)&F(withhold_apple)
1201,"['come_to_tree', 'journey_by_flag']",come to tree or at some time journey by flag,come_to_tree|F(journey_by_flag)
1871,"['contact_flag', 'pick_up_fruit']",whenever contact flag until pick up fruit,F(contact_flag)Upick_up_fruit
1616,"['bring_pear', 'reach_flag']",at some time bring pear until when possible reach flag,F(bring_pear)UF(reach_flag)
5934,"['touch_house', 'go_to_flag']",whenever touch house or when possible go to flag,F(touch_house)|F(go_to_flag)
4505,"['make_way_to_house', 'go_near_pear']",repeatedly make way to house and at some time go near pear,G(F(make_way_to_house))&F(go_near_pear)
1779,"['approach_trash_can', 'let_go_orange']",approach trash can until do not let go orange,approach_trash_canU~(let_go_orange)
4972,"['make_way_for_tree', 'touch_house']",at some time make way for tree and at any time touch house,F(make_way_for_tree)&F(touch_house)
1592,"['steal_apple', 'move_to_flag']",at some time steal apple or whenever move to flag,F(steal_apple)|F(move_to_flag)
5452,"['grab_apple', 'have_apple']",whenever grab apple or forever have apple,F(grab_apple)|G(have_apple)
4439,"['start_going_to_tree', 'take_orange']",at any time start going to tree or take orange,F(start_going_to_tree)|take_orange
2274,"['have_pear', 'approach_trash_can']",when possible have pear and approach trash can,F(have_pear)&approach_trash_can
3048,"['have_possession_of_apple', 'let_go_apple']",at some time have possession of apple and never let go apple,F(have_possession_of_apple)&G(~(let_go_apple))
1315,"['pick_up_orange', 'go_to_trash_can']",pick up orange until whenever go to trash can,pick_up_orangeUF(go_to_trash_can)
4885,"['get_to_cup', 'visit_tree']",at some time get to cup or visit tree,F(get_to_cup)|visit_tree
3691,"['take_orange', 'haul_pear']",take orange and when possible haul pear,take_orange&F(haul_pear)
4346,"['go_past_house', 'go_to_waste_basket']",at some time go past house and repeatedly go to waste basket,F(go_past_house)&G(F(go_to_waste_basket))
3926,"['have_apple', 'take_pear']",always have apple or take pear,G(have_apple)|take_pear
2127,"['let_go_pear', 'let_go_orange']",don't let go pear and don't let go orange,~(let_go_pear)&~(let_go_orange)
2030,"['yield_pear', 'travel_to_house']",whenever yield pear or when possible travel to house,F(yield_pear)|F(travel_to_house)
1941,"['travel_to_apple', 'go_to_apple_trashcan']",travel to apple or repeatedly go to apple trashcan,travel_to_apple|G(F(go_to_apple_trashcan))
3532,"['pick_up_pear', 'drop_apple']",pick up pear or never drop apple,pick_up_pear|G(~(drop_apple))
5191,"['go_past_house', 'go_visit_flag']",whenever go past house and go visit flag,F(go_past_house)&go_visit_flag
4091,"['get_hold_orange', 'go_to_house']",whenever get hold orange or at some time go to house,F(get_hold_orange)|F(go_to_house)
4664,"['get_hold_orange', 'take_orange']",when possible get hold orange and take orange,F(get_hold_orange)&take_orange
1589,"['have_pear', 'approach_trash_can']",whenever have pear can infer that approach trash can,F(have_pear)->approach_trash_can
1620,"['have_in_orange', 'keep_apple']",always have in orange or keep apple,G(have_in_orange)|keep_apple
3080,"['capture_pear', 'go_near_flag']",whenever capture pear and when possible go near flag,F(capture_pear)&F(go_near_flag)
4874,"['approach_house', 'go_by_flag']",when possible approach house or when possible go by flag,F(approach_house)|F(go_by_flag)
2152,"['grab_hold_pear', 'get_near_flag']",grab hold pear or at any time get near flag,grab_hold_pear|F(get_near_flag)
2272,"['track_towards_tree', 'go_to_trashcan']",at any time track towards tree or whenever go to trashcan,F(track_towards_tree)|F(go_to_trashcan)
5437,"['arrive_at_tree', 'get_close_tree']",at any time arrive at tree or at some time get close tree,F(arrive_at_tree)|F(get_close_tree)
2013,"['procure_pear', 'drop_pear']",at any time procure pear or never drop pear,F(procure_pear)|G(~(drop_pear))
1275,"['go_by_waste_basket', 'reach_flag']",when possible go by waste basket or at some time reach flag,F(go_by_waste_basket)|F(reach_flag)
1781,"['reach_flag', 'go_by_waste_basket']",at some time reach flag and when possible go by waste basket,F(reach_flag)&F(go_by_waste_basket)
1420,"['drop_pear', 'grab_flag']",drop pear and at some time grab flag,drop_pear&F(grab_flag)
3765,"['acquire_orange', 'hold_apple']",acquire orange and hold apple,acquire_orange&hold_apple
1546,"['move_to_tree', 'go_past_house']",move to tree or whenever go past house,move_to_tree|F(go_past_house)
4565,"['get_close_flag', 'travel_to_tree']","if when possible get close flag , travel to tree",F(get_close_flag)->travel_to_tree
5754,"['be_at_house', 'move_to_tree']",at some time be at house and move to tree,F(be_at_house)&move_to_tree
1987,"['withhold_apple', 'venture_to_house']",whenever withhold apple means that at some time venture to house,F(withhold_apple)->F(venture_to_house)
1674,"['drop_orange', 'get_close_flag']",never drop orange and at some time get close flag,G(~(drop_orange))&F(get_close_flag)
1984,"['advance_to_tree', 'grab_flag']",advance to tree and at some time grab flag,advance_to_tree&F(grab_flag)
1602,"['show_yourself_near_house', 'acquire_orange']",when possible show yourself near house or acquire orange,F(show_yourself_near_house)|acquire_orange
3890,"['gather_pear', 'procure_pear']",at some time gather pear or at some time procure pear,F(gather_pear)|F(procure_pear)
5694,"['go_by_tree', 'pick_up_flag']",whenever go by tree or pick up flag,F(go_by_tree)|pick_up_flag
1867,"['steal_apple', 'take_apple']",when possible steal apple or take apple,F(steal_apple)|take_apple
4685,"['grasp_orange', 'go_to_tree']",grasp orange or when possible go to tree,grasp_orange|F(go_to_tree)
3473,"['take_pear', 'pass_by_waste_receptacle']",take pear and at any time pass by waste receptacle,take_pear&F(pass_by_waste_receptacle)
5365,"['drop_orange', 'procure_orange']",never drop orange and when possible procure orange,G(~(drop_orange))&F(procure_orange)
4531,"['touch_house', 'drop_apple']",at some time touch house until never drop apple,F(touch_house)UG(~(drop_apple))
1228,"['reach_flag', 'withhold_apple']",when possible reach flag or at any time withhold apple,F(reach_flag)|F(withhold_apple)
2861,"['proceed_to_house', 'venture_to_flag']",when possible proceed to house can infer that at any time venture to flag,F(proceed_to_house)->F(venture_to_flag)
4835,"['travel_house', 'stand_by_tree']",whenever travel house and at some time stand by tree,F(travel_house)&F(stand_by_tree)
5436,"['haul_pear', 'go_to_tree']",at some time haul pear means that when possible go to tree,F(haul_pear)->F(go_to_tree)
2423,"['let_go_orange', 'grab_pear']",never let go orange and when possible grab pear,G(~(let_go_orange))&F(grab_pear)
4104,"['move_forward_trash_can', 'hold_pear']",when possible move forward trash can and hold pear,F(move_forward_trash_can)&hold_pear
3277,"['touch_house', 'let_go_apple']",when possible touch house and never let go apple,F(touch_house)&G(~(let_go_apple))
5035,"['go_to_pear', 'move_to_house']","when repeatedly go to pear , move to house",G(F(go_to_pear))->move_to_house
1379,"['pick_up_peach', 'have_possession_of_apple']",at some time pick up peach or at some time have possession of apple,F(pick_up_peach)|F(have_possession_of_apple)
3672,"['go_visit_house', 'move_to_house']","when whenever go visit house , move to house",F(go_visit_house)->move_to_house
3538,"['travel_house', 'getting_pear']",when possible travel house or when possible getting pear,F(travel_house)|F(getting_pear)
4481,"['journey_by_house', 'get_orange']",whenever journey by house or whenever get orange,F(journey_by_house)|F(get_orange)
2255,"['let_go_pear', 'venture_flag']",do not let go pear until at any time venture flag,~(let_go_pear)UF(venture_flag)
1562,"['hold_on_pear', 'go_to_apple_trashcan']",always hold on pear or repeatedly go to apple trashcan,G(hold_on_pear)|G(F(go_to_apple_trashcan))
1939,"['grab_pear', 'going_to_house']",at any time grab pear can infer that when possible going to house,F(grab_pear)->F(going_to_house)
1967,"['hold_apple', 'have_apple']",hold apple and always have apple,hold_apple&G(have_apple)
2351,"['make_way_waste_basket', 'spend_time_at_tree']","if whenever make way waste basket , at any time spend time at tree",F(make_way_waste_basket)->F(spend_time_at_tree)
3286,"['acquire_pear', 'go_to_pear']",at some time acquire pear or repeatedly go to pear,F(acquire_pear)|G(F(go_to_pear))
1304,"['present_at_flag', 'drop_apple']",whenever present at flag and never drop apple,F(present_at_flag)&G(~(drop_apple))
4585,"['pick_up_peach', 'arrive_at_tree']",at any time pick up peach and whenever arrive at tree,F(pick_up_peach)&F(arrive_at_tree)
1660,"['stop_by_trash_can', 'visit_flag']",at any time stop by trash can or when possible visit flag,F(stop_by_trash_can)|F(visit_flag)
1547,"['go_by_waste_bin', 'go_by_waste_bin']","when go by waste bin , go by waste bin",go_by_waste_bin->go_by_waste_bin
1415,"['have_in_orange', 'go_near_house']",always have in orange and whenever go near house,G(have_in_orange)&F(go_near_house)
1461,"['travel_house', 'contact_house']",at some time travel house or when possible contact house,F(travel_house)|F(contact_house)
1409,"['stay', 'come_to_tree']",always stay or come to tree,G(stay)|come_to_tree
4944,"['hold_on_to_pear', 'get_to_cup']",hold on to pear and whenever get to cup,hold_on_to_pear&F(get_to_cup)
1614,"['collect_orange', 'make_way_to_house']",at any time collect orange or repeatedly make way to house,F(collect_orange)|G(F(make_way_to_house))
3360,"['journey_to_tree', 'reach_tree']",whenever journey to tree or at any time reach tree,F(journey_to_tree)|F(reach_tree)
1361,"['advance_to_tree', 'approach_trash_can']",advance to tree or approach trash can,advance_to_tree|approach_trash_can
1158,"['touch_flag', 'steal_apple']",always touch flag and when possible steal apple,G(touch_flag)&F(steal_apple)
5655,"['hold_pear', 'pick_up_flag']",hold pear or pick up flag,hold_pear|pick_up_flag
4863,"['move_to_trash_can', 'tax_apple']",move to trash can or at any time tax apple,move_to_trash_can|F(tax_apple)
3236,"['have_apple', 'get_hold_orange']",always have apple or whenever get hold orange,G(have_apple)|F(get_hold_orange)
4055,"['get_apple', 'contact_house']",when possible get apple or at any time contact house,F(get_apple)|F(contact_house)
1933,"['drop_apple', 'reach_flag']",never drop apple and at any time reach flag,G(~(drop_apple))&F(reach_flag)
4012,"['venture_to_trash_can', 'travel_to_waste_bin']",venture to trash can and travel to waste bin,venture_to_trash_can&travel_to_waste_bin
1845,"['grab_flag', 'withdraw_pear']","if whenever grab flag , when possible withdraw pear",F(grab_flag)->F(withdraw_pear)
3298,"['approach_tree', 'make_way_for_tree']",approach tree or whenever make way for tree,approach_tree|F(make_way_for_tree)
1959,"['withhold_apple', 'reach_flag']",at some time withhold apple or at some time reach flag,F(withhold_apple)|F(reach_flag)
5215,"['snatch_pear', 'venture_to_flag']",whenever snatch pear or whenever venture to flag,F(snatch_pear)|F(venture_to_flag)
1651,"['have_pear', 'grip_apple']",at some time have pear or grip apple,F(have_pear)|grip_apple
5950,"['take_to_tree', 'reach_tree']",take to tree or at any time reach tree,take_to_tree|F(reach_tree)
1306,"['go_to_orange_bin', 'migrate_to_tree']",go to orange bin until whenever migrate to tree,go_to_orange_binUF(migrate_to_tree)
1168,"['approach_trash_can', 'snatch_up_pear']",approach trash can until snatch up pear,approach_trash_canUsnatch_up_pear
5183,"['withold_apple', 'venture_house']",at some time withold apple can infer that at any time venture house,F(withold_apple)->F(venture_house)
3780,"['go_near_flag', 'go_to_home']",at any time go near flag or at any time go to home,F(go_near_flag)|F(go_to_home)
2147,"['withdraw_pear', 'let_go_pear']",at any time withdraw pear and do not let go pear,F(withdraw_pear)&~(let_go_pear)
5896,"['grasp_apple', 'pick_up_apple']",at any time grasp apple or when possible pick up apple,F(grasp_apple)|F(pick_up_apple)
1121,"['take_to_tree', 'visit_house']","if take to tree , whenever visit house",take_to_tree->F(visit_house)
1037,"['get_pear', 'get_hold_orange']",at any time get pear or at any time get hold orange,F(get_pear)|F(get_hold_orange)
5777,"['procure_apple', 'go_visit_house']",procure apple until whenever go visit house,procure_appleUF(go_visit_house)
1983,"['go_visit_house', 'go_past_house']",whenever go visit house or at some time go past house,F(go_visit_house)|F(go_past_house)
4035,"['journey_to_house', 'venture_to_flag']",when possible journey to house and when possible venture to flag,F(journey_to_house)&F(venture_to_flag)
2270,"['have_pear', 'reach_house']",whenever have pear or reach house,F(have_pear)|reach_house
1328,"['get_orange', 'take_apple']",when possible get orange and take apple,F(get_orange)&take_apple
4455,"['drop_pear', 'have_possession_of_apple']",never drop pear until at some time have possession of apple,G(~(drop_pear))UF(have_possession_of_apple)
1366,"['journey_to_house', 'go_visit_house']",at some time journey to house or whenever go visit house,F(journey_to_house)|F(go_visit_house)
1174,"['go_by_trash_can', 'walk_near_flag']",forever go by trash can and whenever walk near flag,G(go_by_trash_can)&F(walk_near_flag)
2020,"['go_near_house', 'advance_to_tree']",at any time go near house and advance to tree,F(go_near_house)&advance_to_tree
1303,"['go_home', 'approach_tree']",whenever go home until approach tree,F(go_home)Uapproach_tree
2435,"['venture_to_trash_can', 'go_near_pear']",venture to trash can and at some time go near pear,venture_to_trash_can&F(go_near_pear)
2277,"['withdraw_pear', 'move_near_tree']",when possible withdraw pear or at some time move near tree,F(withdraw_pear)|F(move_near_tree)
3784,"['go_past_flag', 'stop_by_trash_can']",whenever go past flag or at some time stop by trash can,F(go_past_flag)|F(stop_by_trash_can)
2123,"['scoop_up_pear', 'procure_orange']",whenever scoop up pear until at any time procure orange,F(scoop_up_pear)UF(procure_orange)
1346,"['go_by_waste_basket', 'go_by_waste_bin']",at any time go by waste basket or go by waste bin,F(go_by_waste_basket)|go_by_waste_bin
2044,"['move_to_trashcan', 'take_to_trashcan']",move to trashcan and take to trashcan,move_to_trashcan&take_to_trashcan
4125,"['go_by_flag', 'grab_apple']",at some time go by flag and whenever grab apple,F(go_by_flag)&F(grab_apple)
1376,"['pick_up_pear', 'reach_tree']",pick up pear or whenever reach tree,pick_up_pear|F(reach_tree)
3469,"['touch_tree', 'steal_apple']",when possible touch tree or whenever steal apple,F(touch_tree)|F(steal_apple)
4442,"['obtain_pear', 'get_pear']",when possible obtain pear and whenever get pear,F(obtain_pear)&F(get_pear)
2686,"['journey_to_house', 'move_past_trash_can']",at some time journey to house or when possible move past trash can,F(journey_to_house)|F(move_past_trash_can)
1013,"['present_at_flag', 'venture_towards_house']",at some time present at flag until venture towards house,F(present_at_flag)Uventure_towards_house
5532,"['scoop_up_apple', 'advance_to_house']",when possible scoop up apple and when possible advance to house,F(scoop_up_apple)&F(advance_to_house)
1413,"['go_to_apple_trashcan', 'snatch_up_pear']",repeatedly go to apple trashcan and snatch up pear,G(F(go_to_apple_trashcan))&snatch_up_pear
1953,"['move_near_tree', 'grab_hold_pear']",whenever move near tree and grab hold pear,F(move_near_tree)&grab_hold_pear
1418,"['get_to_flag', 'take_to_trashcan']",when possible get to flag or take to trashcan,F(get_to_flag)|take_to_trashcan
1060,"['snag_orange', 'lay_hold_of_apple']",at some time snag orange and at any time lay hold of apple,F(snag_orange)&F(lay_hold_of_apple)
2192,"['make_contact_with_house', 'grab_apple']",at some time make contact with house and when possible grab apple,F(make_contact_with_house)&F(grab_apple)
1250,"['secure_apple', 'venture_to_house']",secure apple and at any time venture to house,secure_apple&F(venture_to_house)
2482,"['withdraw_pear', 'get_near_flag']",at some time withdraw pear or at some time get near flag,F(withdraw_pear)|F(get_near_flag)
1490,"['venture_towards_house', 'bring_pear']",venture towards house and whenever bring pear,venture_towards_house&F(bring_pear)
1527,"['journey_to_flag', 'seize_pear']",at some time journey to flag or at some time seize pear,F(journey_to_flag)|F(seize_pear)
3963,"['go_to_orange', 'advance_to_house']",go to orange or at any time advance to house,go_to_orange|F(advance_to_house)
1280,"['present_at_flag', 'reach_flag']",at any time present at flag or when possible reach flag,F(present_at_flag)|F(reach_flag)
3200,"['walk_to_flag', 'go_to_flag']",when possible walk to flag or whenever go to flag,F(walk_to_flag)|F(go_to_flag)
1072,"['reach_tree', 'walk_to_flag']",at some time reach tree and at some time walk to flag,F(reach_tree)&F(walk_to_flag)
1481,"['drop_apple', 'go_by_waste_basket']",never drop apple or whenever go by waste basket,G(~(drop_apple))|F(go_by_waste_basket)
5339,"['acquire_pear', 'going_to_house']",at some time acquire pear or at any time going to house,F(acquire_pear)|F(going_to_house)
4421,"['grasp_orange', 'grasp_orange']",grasp orange and grasp orange,grasp_orange&grasp_orange
1116,"['steal_apple', 'travel_to_tree']",at any time steal apple or travel to tree,F(steal_apple)|travel_to_tree
3214,"['scoop_up_pear', 'get_apple']",whenever scoop up pear or at some time get apple,F(scoop_up_pear)|F(get_apple)
1594,"['have_pear', 'go_to_apple_trashcan']",at some time have pear or repeatedly go to apple trashcan,F(have_pear)|G(F(go_to_apple_trashcan))
4965,"['get_close_tree', 'let_go_pear']",when possible get close tree and don't let go pear,F(get_close_tree)&~(let_go_pear)
4392,"['go_to_trash_can', 'venture_to_trash_can']","if at some time go to trash can , venture to trash can",F(go_to_trash_can)->venture_to_trash_can
3845,"['be_near_tree', 'withold_apple']",whenever be near tree or whenever withold apple,F(be_near_tree)|F(withold_apple)
3221,"['obtain_orange', 'pick_up_apple']",whenever obtain orange until when possible pick up apple,F(obtain_orange)UF(pick_up_apple)
3424,"['go_by_tree', 'acquire_pear']",at some time go by tree or when possible acquire pear,F(go_by_tree)|F(acquire_pear)
5761,"['drop_orange', 'hold_onto_orange']",never drop orange or forever hold onto orange,G(~(drop_orange))|G(hold_onto_orange)
3492,"['go_near_pear', 'pick_up_anything']",when possible go near pear or don't pick up anything,F(go_near_pear)|~(F(pick_up_anything))
5061,"['drop_orange', 'contact_house']",drop orange or whenever contact house,drop_orange|F(contact_house)
1911,"['secure_apple', 'bring_pear']",secure apple and at some time bring pear,secure_apple&F(bring_pear)
4082,"['secure_pear', 'go_to_apple']",at any time secure pear and when possible go to apple,F(secure_pear)&F(go_to_apple)
4793,"['scoop_up_apple', 'make_contact_flag']",when possible scoop up apple and at any time make contact flag,F(scoop_up_apple)&F(make_contact_flag)
4172,"['put_in_bin', 'proceed_to_tree']","when put in bin , at any time proceed to tree",put_in_bin->F(proceed_to_tree)
5083,"['pick_up_fruit', 'pass_by_trash_bin']",pick up fruit until whenever pass by trash bin,pick_up_fruitUF(pass_by_trash_bin)
1324,"['spend_time_at_tree', 'let_go_orange']",at some time spend time at tree until do not let go orange,F(spend_time_at_tree)U~(let_go_orange)
2986,"['going_to_flag', 'visit_waste_basket']",whenever going to flag until when possible visit waste basket,F(going_to_flag)UF(visit_waste_basket)
4220,"['drop_orange', 'gather_orange']",drop orange or gather orange,drop_orange|gather_orange
2100,"['got_to_house', 'grab_tree']",at some time got to house and repeatedly grab tree,F(got_to_house)&G(F(grab_tree))
5953,"['drop_by', 'procure_apple']",drop by or procure apple,drop_by|procure_apple
1379,"['drop_pear', 'drop_orange']",drop pear or never drop orange,drop_pear|G(~(drop_orange))
1553,"['grab_tree', 'got_to_house']",repeatedly grab tree or at some time got to house,G(F(grab_tree))|F(got_to_house)
4422,"['grab_orange', 'grab_orange']",at some time grab orange and when possible grab orange,F(grab_orange)&F(grab_orange)
1551,"['drop_apple', 'drop_apple']",never drop apple or never drop apple,G(~(drop_apple))|G(~(drop_apple))
2951,"['move_to_house', 'take_to_tree']",move to house and take to tree,move_to_house&take_to_tree
2160,"['going_to_flag', 'pick_up_orange']",when possible going to flag or pick up orange,F(going_to_flag)|pick_up_orange
2117,"['spend_time_at_tree', 'move_to_trashcan']",when possible spend time at tree and move to trashcan,F(spend_time_at_tree)&move_to_trashcan
4921,"['go_past_house', 'go_to_flag']",at any time go past house or at some time go to flag,F(go_past_house)|F(go_to_flag)
2315,"['arrive_at_tree', 'grab_apple']",at any time arrive at tree and when possible grab apple,F(arrive_at_tree)&F(grab_apple)
1111,"['start_going_to_house', 'start_going_to_house']",at any time start going to house or when possible start going to house,F(start_going_to_house)|F(start_going_to_house)
1585,"['stand_by_tree', 'take_apple']",when possible stand by tree until take apple,F(stand_by_tree)Utake_apple
1270,"['drop_by', 'going_to_tree']",drop by and going to tree,drop_by&going_to_tree
2452,"['go_home', 'move_to_flag']",when possible go home until at any time move to flag,F(go_home)UF(move_to_flag)
1229,"['drop_apple', 'venture_towards_house']",never drop apple or venture towards house,G(~(drop_apple))|venture_towards_house
2683,"['go_to_flag', 'acquire_pear']",at any time go to flag or when possible acquire pear,F(go_to_flag)|F(acquire_pear)
1200,"['withhold_apple', 'drop_apple']",at any time withhold apple or never drop apple,F(withhold_apple)|G(~(drop_apple))
1830,"['snatch_up_pear', 'grip_apple']",snatch up pear and grip apple,snatch_up_pear&grip_apple
4062,"['go_visit_flag', 'drop_orange']",go visit flag and never drop orange,go_visit_flag&G(~(drop_orange))
2525,"['put_in_bucket', 'get_orange']",put in bucket and when possible get orange,put_in_bucket&F(get_orange)
3673,"['venture_house', 'grasp_pear']",at some time venture house and at some time grasp pear,F(venture_house)&F(grasp_pear)
1202,"['venture_towards_house', 'present_at_flag']",venture towards house or at some time present at flag,venture_towards_house|F(present_at_flag)
1261,"['hold_on_pear', 'be_in_houses_vicinity']",forever hold on pear until when possible be in house's vicinity,G(hold_on_pear)UF(be_in_houses_vicinity)
4587,"['venture_to_flag', 'pick_up_anything']",when possible venture to flag can infer that don't pick up anything,F(venture_to_flag)->~(F(pick_up_anything))
4076,"['move_towards_trash_can', 'grasp_pear']",move towards trash can or at some time grasp pear,move_towards_trash_can|F(grasp_pear)
2339,"['getting_pear', 'grasp_pear']",when possible getting pear or at some time grasp pear,F(getting_pear)|F(grasp_pear)
3579,"['haul_pear', 'obtain_apple']",at any time haul pear and at some time obtain apple,F(haul_pear)&F(obtain_apple)
3867,"['put_in_bin', 'make_your_way_flag']",put in bin and whenever make your way flag,put_in_bin&F(make_your_way_flag)
5030,"['visit_waste_basket', 'move_forward_trash_can']",at some time visit waste basket or when possible move forward trash can,F(visit_waste_basket)|F(move_forward_trash_can)
1086,"['move_to_trash_can', 'make_way_for_tree']",move to trash can and at any time make way for tree,move_to_trash_can&F(make_way_for_tree)
1340,"['take_to_trashcan', 'grab_hold_pear']",take to trashcan or grab hold pear,take_to_trashcan|grab_hold_pear
1126,"['withhold_apple', 'drop_apple']",at any time withhold apple or never drop apple,F(withhold_apple)|G(~(drop_apple))
2483,"['go_to_pear', 'collect_orange']",repeatedly go to pear or when possible collect orange,G(F(go_to_pear))|F(collect_orange)
5146,"['go_by_flag', 'go_to_bucket']",when possible go by flag and go to bucket,F(go_by_flag)&go_to_bucket
5551,"['grab_orange', 'travel_house']",when possible grab orange or at any time travel house,F(grab_orange)|F(travel_house)
1815,"['go_by_waste_basket', 'go_by_waste_basket']",at some time go by waste basket and at some time go by waste basket,F(go_by_waste_basket)&F(go_by_waste_basket)
4460,"['take_orange', 'go_near_pear']",take orange and at any time go near pear,take_orange&F(go_near_pear)
1377,"['venture_towards_house', 'present_at_flag']","if venture towards house , when possible present at flag",venture_towards_house->F(present_at_flag)
3085,"['gather_pear', 'grasp_orange']",at any time gather pear or grasp orange,F(gather_pear)|grasp_orange
2201,"['let_go_apple', 'stop_by_trash_can']",whenever let go apple or at some time stop by trash can,F(let_go_apple)|F(stop_by_trash_can)
2008,"['move_to_tree', 'going_to_house']",move to tree and whenever going to house,move_to_tree&F(going_to_house)
5454,"['move_towards_trash_can', 'pick_up_peach']",move towards trash can or at any time pick up peach,move_towards_trash_can|F(pick_up_peach)
1224,"['drop_apple', 'secure_apple']",never drop apple or secure apple,G(~(drop_apple))|secure_apple
3838,"['contact_flag', 'get_to_cup']",when possible contact flag and at some time get to cup,F(contact_flag)&F(get_to_cup)
1375,"['move_around', 'move_to_house']",always move around and move to house,G(move_around)&move_to_house
4910,"['tax_apple', 'contact_flag']",when possible tax apple or whenever contact flag,F(tax_apple)|F(contact_flag)
5229,"['scoop_up_apple', 'let_go_pear']",at some time scoop up apple or don't let go pear,F(scoop_up_apple)|~(let_go_pear)
5736,"['go_by_house', 'procure_orange']",whenever go by house or when possible procure orange,F(go_by_house)|F(procure_orange)
4315,"['go_to_tree', 'go_to_waste_basket']",at some time go to tree until repeatedly go to waste basket,F(go_to_tree)UG(F(go_to_waste_basket))
3230,"['go_by_flag', 'venture_to_flag']",at any time go by flag or when possible venture to flag,F(go_by_flag)|F(venture_to_flag)
1421,"['drop_apple', 'venture_to_house']",never drop apple and when possible venture to house,G(~(drop_apple))&F(venture_to_house)
1813,"['drop_apple', 'reach_flag']",never drop apple or at any time reach flag,G(~(drop_apple))|F(reach_flag)
3590,"['have_apple', 'go_to_tree']",forever have apple and whenever go to tree,G(have_apple)&F(go_to_tree)
2466,"['take_pear', 'go_by_tree']","when take pear , at any time go by tree",take_pear->F(go_by_tree)
4469,"['move_to_tree', 'seize_pear']",move to tree or when possible seize pear,move_to_tree|F(seize_pear)
4176,"['take_to_trash_can', 'gather_pear']",take to trash can or when possible gather pear,take_to_trash_can|F(gather_pear)
1151,"['venture_towards_house', 'go_by_waste_basket']",venture towards house and whenever go by waste basket,venture_towards_house&F(go_by_waste_basket)
3904,"['proceed_to_house', 'yield_pear']",whenever proceed to house until whenever yield pear,F(proceed_to_house)UF(yield_pear)
1970,"['contact_flag', 'tax_apple']","when at any time contact flag , at any time tax apple",F(contact_flag)->F(tax_apple)
3329,"['venture_to_flag', 'go_to_pear']",at any time venture to flag until repeatedly go to pear,F(venture_to_flag)UG(F(go_to_pear))
1225,"['venture_to_house', 'secure_apple']",when possible venture to house and secure apple,F(venture_to_house)&secure_apple
5685,"['move_to_house', 'come_home']",move to house or whenever come home,move_to_house|F(come_home)
5201,"['drop_orange', 'collect_pear']",never drop orange or collect pear,G(~(drop_orange))|collect_pear
5500,"['put_in_bucket', 'put_in_bin']",put in bucket and put in bin,put_in_bucket&put_in_bin
1907,"['hold_on_to_pear', 'go_to_orange']",hold on to pear or go to orange,hold_on_to_pear|go_to_orange
1559,"['go_to_orange_bin', 'journey_by_flag']",go to orange bin means that when possible journey by flag,go_to_orange_bin->F(journey_by_flag)
2052,"['travel_to_waste_bin', 'go_visit_house']",travel to waste bin and when possible go visit house,travel_to_waste_bin&F(go_visit_house)
1737,"['make_contact_with_house', 'drop_pear']",at some time make contact with house and never drop pear,F(make_contact_with_house)&G(~(drop_pear))
1616,"['track_towards_tree', 'approach_trash_can']",whenever track towards tree and approach trash can,F(track_towards_tree)&approach_trash_can
4573,"['travel_by_tree', 'journey_to_flag']",when possible travel by tree or at any time journey to flag,F(travel_by_tree)|F(journey_to_flag)
5642,"['journey_to_tree', 'travel_by_tree']",whenever journey to tree can infer that at any time travel by tree,F(journey_to_tree)->F(travel_by_tree)
1281,"['let_go_apple', 'pick_up_fruit']",whenever let go apple or pick up fruit,F(let_go_apple)|pick_up_fruit
4819,"['let_go_pear', 'approach_tree']",don't let go pear or approach tree,~(let_go_pear)|approach_tree
3185,"['get_orange', 'venture_to_waste_basket']",at some time get orange or when possible venture to waste basket,F(get_orange)|F(venture_to_waste_basket)
5389,"['go_past_flag', 'acquire_orange']",whenever go past flag and acquire orange,F(go_past_flag)&acquire_orange
3127,"['withold_apple', 'go_visit_flag']",at any time withold apple and go visit flag,F(withold_apple)&go_visit_flag
3921,"['move_to_flag', 'scoop_up_apple']",at some time move to flag can infer that at any time scoop up apple,F(move_to_flag)->F(scoop_up_apple)
1327,"['venture_to_house', 'drop_apple']",at some time venture to house or never drop apple,F(venture_to_house)|G(~(drop_apple))
2265,"['come_to_tree', 'stop_by_house']",come to tree or at some time stop by house,come_to_tree|F(stop_by_house)
3279,"['hold_on_to_pear', 'go_to_trash_receptacle']",hold on to pear or whenever go to trash receptacle,hold_on_to_pear|F(go_to_trash_receptacle)
4472,"['reach_tree', 'pick_up_anything']",at some time reach tree or don't pick up anything,F(reach_tree)|~(F(pick_up_anything))
1287,"['go_to_transh_can', 'got_to_house']",at any time go to transh can or at some time got to house,F(go_to_transh_can)|F(got_to_house)
3617,"['put_in_bucket', 'venture_to_waste_basket']",put in bucket and whenever venture to waste basket,put_in_bucket&F(venture_to_waste_basket)
1898,"['yield_pear', 'let_go_apple']",at some time yield pear or when possible let go apple,F(yield_pear)|F(let_go_apple)
2490,"['go_to_waste_basket', 'get_to_cup']",repeatedly go to waste basket or whenever get to cup,G(F(go_to_waste_basket))|F(get_to_cup)
1087,"['go_by_waste_basket', 'bring_pear']",at any time go by waste basket until whenever bring pear,F(go_by_waste_basket)UF(bring_pear)
1292,"['hold_pear', 'get_close_tree']",hold pear and when possible get close tree,hold_pear&F(get_close_tree)
1069,"['lay_hold_of_apple', 'journey_by_flag']",when possible lay hold of apple and at any time journey by flag,F(lay_hold_of_apple)&F(journey_by_flag)
2765,"['stop_by_flag', 'capture_pear']",stop by flag and at any time capture pear,stop_by_flag&F(capture_pear)
1685,"['venture_to_house', 'venture_to_house']","if whenever venture to house , whenever venture to house",F(venture_to_house)->F(venture_to_house)
4372,"['go_to_trash_can', 'take_apple']",whenever go to trash can or take apple,F(go_to_trash_can)|take_apple
1612,"['venture_towards_house', 'venture_towards_house']",venture towards house and venture towards house,venture_towards_house&venture_towards_house
1407,"['move_past_trash_can', 'gather_apple']",whenever move past trash can or gather apple,F(move_past_trash_can)|gather_apple
2324,"['migrate_to_tree', 'move_near_tree']",at any time migrate to tree or when possible move near tree,F(migrate_to_tree)|F(move_near_tree)
1563,"['present_at_flag', 'venture_to_house']",at some time present at flag until whenever venture to house,F(present_at_flag)UF(venture_to_house)
3966,"['acquire_orange', 'drop_apple']",acquire orange or never drop apple,acquire_orange|G(~(drop_apple))
4617,"['visit_tree', 'steal_apple']",visit tree or whenever steal apple,visit_tree|F(steal_apple)
1688,"['have_pear', 'hold_on_pear']",when possible have pear and always hold on pear,F(have_pear)&G(hold_on_pear)
5984,"['travel_to_house', 'put_in_apple_bucket']",when possible travel to house or put in apple bucket,F(travel_to_house)|put_in_apple_bucket
1842,"['take_to_trash_can', 'yield_pear']",take to trash can or whenever yield pear,take_to_trash_can|F(yield_pear)
3195,"['go_to_trash_can', 'acquire_orange']",when possible go to trash can and acquire orange,F(go_to_trash_can)&acquire_orange
3149,"['take_apple', 'go_by_tree']",take apple or when possible go by tree,take_apple|F(go_by_tree)
1803,"['drop_orange', 'go_by_flag']",drop orange and when possible go by flag,drop_orange&F(go_by_flag)
1886,"['reach_flag', 'drop_apple']",when possible reach flag and never drop apple,F(reach_flag)&G(~(drop_apple))
2666,"['visit_house', 'drop_pear']",at some time visit house or never drop pear,F(visit_house)|G(~(drop_pear))
3665,"['acquire_pear', 'obtain_orange']",whenever acquire pear until when possible obtain orange,F(acquire_pear)UF(obtain_orange)
1521,"['go_by_waste_basket', 'withhold_apple']",whenever go by waste basket or whenever withhold apple,F(go_by_waste_basket)|F(withhold_apple)
1043,"['venture_to_house', 'present_at_flag']",when possible venture to house or when possible present at flag,F(venture_to_house)|F(present_at_flag)
1342,"['venture_towards_house', 'secure_apple']",venture towards house until secure apple,venture_towards_houseUsecure_apple
4694,"['go_to_orange', 'scoop_up_apple']",go to orange or when possible scoop up apple,go_to_orange|F(scoop_up_apple)
3918,"['obtain_pear', 'make_way_for_tree']",when possible obtain pear and at some time make way for tree,F(obtain_pear)&F(make_way_for_tree)
1951,"['make_to_flag', 'grip_apple']",whenever make to flag or grip apple,F(make_to_flag)|grip_apple
3318,"['go_by_house', 'move_to_house']",whenever go by house or move to house,F(go_by_house)|move_to_house
1544,"['reach_flag', 'venture_towards_house']",when possible reach flag until venture towards house,F(reach_flag)Uventure_towards_house
5599,"['contact_flag', 'take_to_tree']",whenever contact flag or take to tree,F(contact_flag)|take_to_tree
1132,"['venture_to_house', 'withhold_apple']",whenever venture to house and at some time withhold apple,F(venture_to_house)&F(withhold_apple)
1151,"['move_to_trash_can', 'going_to_house']",move to trash can or at any time going to house,move_to_trash_can|F(going_to_house)
1838,"['go_by_waste_bin', 'secure_apple']",go by waste bin or secure apple,go_by_waste_bin|secure_apple
3771,"['get_hold_of_orange', 'go_near_pear']",whenever get hold of orange and at any time go near pear,F(get_hold_of_orange)&F(go_near_pear)
2326,"['go_near_pear', 'let_go_apple']",at any time go near pear and never let go apple,F(go_near_pear)&G(~(let_go_apple))
2976,"['travel_house', 'get_pear']",when possible travel house or at any time get pear,F(travel_house)|F(get_pear)
2711,"['gather_pear', 'have_possession_of_apple']",at any time gather pear or at any time have possession of apple,F(gather_pear)|F(have_possession_of_apple)
4457,"['reach_trash_can', 'put_in_apple_bucket']",reach trash can or put in apple bucket,reach_trash_can|put_in_apple_bucket
3471,"['grasp_pear', 'go_visit_house']","when at any time grasp pear , whenever go visit house",F(grasp_pear)->F(go_visit_house)
5772,"['grab_pear', 'let_go_apple']",at any time grab pear or never let go apple,F(grab_pear)|G(~(let_go_apple))
3950,"['pick_up_pear', 'let_go_apple']",pick up pear or never let go apple,pick_up_pear|G(~(let_go_apple))
5465,"['drop_by', 'going_to_flag']",drop by or whenever going to flag,drop_by|F(going_to_flag)
4848,"['travel_to_flag', 'move_to_house']",at some time travel to flag or move to house,F(travel_to_flag)|move_to_house
1836,"['advance_to_house', 'seize_pear']",at some time advance to house until at some time seize pear,F(advance_to_house)UF(seize_pear)
5011,"['proceed_to_house', 'let_go_apple']","if whenever proceed to house , never let go apple",F(proceed_to_house)->G(~(let_go_apple))
2399,"['travel_to_apple', 'be_in_houses_vicinity']",travel to apple until at any time be in house's vicinity,travel_to_appleUF(be_in_houses_vicinity)
2145,"['make_contact_with_house', 'go_past_house']",whenever make contact with house and at some time go past house,F(make_contact_with_house)&F(go_past_house)
1239,"['pass_by_house', 'touch_flag']",whenever pass by house and always touch flag,F(pass_by_house)&G(touch_flag)
2426,"['keep_apple', 'withdraw_pear']",keep apple or at any time withdraw pear,keep_apple|F(withdraw_pear)
2770,"['pick_up_fruit', 'visit_waste_basket']",pick up fruit and at any time visit waste basket,pick_up_fruit&F(visit_waste_basket)
3222,"['pick_up_pear', 'procure_orange']",pick up pear or at some time procure orange,pick_up_pear|F(procure_orange)
1041,"['reach_tree', 'withold_apple']",at any time reach tree until whenever withold apple,F(reach_tree)UF(withold_apple)
2258,"['go_near_flag', 'get_hold_orange']",whenever go near flag or at any time get hold orange,F(go_near_flag)|F(get_hold_orange)
3133,"['acquire_apple', 'start_going_to_tree']",acquire apple or at some time start going to tree,acquire_apple|F(start_going_to_tree)
1061,"['drop_apple', 'present_at_flag']",never drop apple or at some time present at flag,G(~(drop_apple))|F(present_at_flag)
2442,"['migrate_to_tree', 'take_to_trashcan']",when possible migrate to tree or take to trashcan,F(migrate_to_tree)|take_to_trashcan
1493,"['pick_up_fruit', 'yield_pear']",pick up fruit and when possible yield pear,pick_up_fruit&F(yield_pear)
3572,"['go_past_house', 'pass_by_trash_bin']","if at any time go past house , whenever pass by trash bin",F(go_past_house)->F(pass_by_trash_bin)
1051,"['secure_apple', 'venture_to_house']",secure apple and whenever venture to house,secure_apple&F(venture_to_house)
2375,"['touch_house', 'let_go_apple']",when possible touch house or whenever let go apple,F(touch_house)|F(let_go_apple)
4740,"['gather_apple', 'grab_pear']",gather apple or when possible grab pear,gather_apple|F(grab_pear)
1395,"['go_near_house', 'get_to_flag']",when possible go near house and when possible get to flag,F(go_near_house)&F(get_to_flag)
1758,"['got_to_house', 'go_to_orange_bin']",whenever got to house until go to orange bin,F(got_to_house)Ugo_to_orange_bin
1068,"['reach_flag', 'bring_pear']",whenever reach flag or at some time bring pear,F(reach_flag)|F(bring_pear)
1334,"['keep_apple', 'drop_pear']",keep apple or drop pear,keep_apple|drop_pear
1180,"['travel_to_flag', 'grab_orange']",when possible travel to flag until at some time grab orange,F(travel_to_flag)UF(grab_orange)
2193,"['go_by_house', 'visit_house']",when possible go by house means that when possible visit house,F(go_by_house)->F(visit_house)
1096,"['journey_by_flag', 'drop_orange']",when possible journey by flag or never drop orange,F(journey_by_flag)|G(~(drop_orange))
1480,"['go_by_waste_bin', 'present_at_flag']",go by waste bin means that when possible present at flag,go_by_waste_bin->F(present_at_flag)
4146,"['pick_up_pear', 'gather_orange']",pick up pear or gather orange,pick_up_pear|gather_orange
1282,"['drop_apple', 'venture_to_house']",never drop apple or whenever venture to house,G(~(drop_apple))|F(venture_to_house)
1649,"['go_by_waste_basket', 'go_by_waste_basket']",whenever go by waste basket can infer that at some time go by waste basket,F(go_by_waste_basket)->F(go_by_waste_basket)
1590,"['drop_apple', 'withhold_apple']",never drop apple or at any time withhold apple,G(~(drop_apple))|F(withhold_apple)
5214,"['go_to_waste_basket', 'venture_house']",repeatedly go to waste basket and whenever venture house,G(F(go_to_waste_basket))&F(venture_house)
2354,"['journey_by_house', 'contact_house']",at any time journey by house or at some time contact house,F(journey_by_house)|F(contact_house)
1015,"['drop_pear', 'get_hold_of_orange']",never drop pear or whenever get hold of orange,G(~(drop_pear))|F(get_hold_of_orange)
3974,"['grasp_apple', 'going_to_tree']",at some time grasp apple and going to tree,F(grasp_apple)&going_to_tree
5874,"['have_possession_of_apple', 'drop_pear']",whenever have possession of apple or never drop pear,F(have_possession_of_apple)|G(~(drop_pear))
4237,"['capture_pear', 'go_to_home']",at any time capture pear until at some time go to home,F(capture_pear)UF(go_to_home)
2332,"['moving', 'venture_flag']",forever moving or whenever venture flag,G(moving)|F(venture_flag)
4631,"['pick_up_fruit', 'collect_apple']","if pick up fruit , at some time collect apple",pick_up_fruit->F(collect_apple)
1855,"['make_way_waste_basket', 'make_way_waste_basket']",at some time make way waste basket or when possible make way waste basket,F(make_way_waste_basket)|F(make_way_waste_basket)
1091,"['venture_to_house', 'go_by_waste_bin']",whenever venture to house and go by waste bin,F(venture_to_house)&go_by_waste_bin
1002,"['drop_orange', 'have_pear']",never drop orange and when possible have pear,G(~(drop_orange))&F(have_pear)
1477,"['venture_to_house', 'reach_flag']",at any time venture to house and at any time reach flag,F(venture_to_house)&F(reach_flag)
2216,"['proceed_to_house', 'pass_by_trash_bin']",whenever proceed to house or at some time pass by trash bin,F(proceed_to_house)|F(pass_by_trash_bin)
1740,"['take_to_trashcan', 'approach_trash_can']",take to trashcan or approach trash can,take_to_trashcan|approach_trash_can
4119,"['drop_pear', 'pick_up_orange']",never drop pear or pick up orange,G(~(drop_pear))|pick_up_orange
5493,"['let_go_pear', 'snatch_pear']",don't let go pear until at any time snatch pear,~(let_go_pear)UF(snatch_pear)
5398,"['pass_by_trash_bin', 'seize_apple']",at any time pass by trash bin or seize apple,F(pass_by_trash_bin)|seize_apple
2758,"['move_forward_trash_can', 'be_near_tree']",whenever move forward trash can and at some time be near tree,F(move_forward_trash_can)&F(be_near_tree)
2247,"['go_to_trashcan', 'grab_tree']","if when possible go to trashcan , repeatedly grab tree",F(go_to_trashcan)->G(F(grab_tree))
1884,"['secure_apple', 'drop_apple']",secure apple and never drop apple,secure_apple&G(~(drop_apple))
1149,"['got_to_house', 'venture_flag']",at any time got to house means that at some time venture flag,F(got_to_house)->F(venture_flag)
2045,"['get_hold_of_pear', 'gather_orange']","when get hold of pear , gather orange",get_hold_of_pear->gather_orange
1203,"['let_go_orange', 'take_to_trashcan']",do not let go orange or take to trashcan,~(let_go_orange)|take_to_trashcan
4492,"['go_to_tree', 'haul_pear']",at some time go to tree and at some time haul pear,F(go_to_tree)&F(haul_pear)
4976,"['go_home', 'touch_flag']",when possible go home and forever touch flag,F(go_home)&G(touch_flag)
4960,"['walk', 'journey_by_house']","when walk , at some time journey by house",walk->F(journey_by_house)
1786,"['go_by_house', 'travel_by_tree']",whenever go by house until whenever travel by tree,F(go_by_house)UF(travel_by_tree)
1294,"['venture_to_house', 'reach_flag']",when possible venture to house or when possible reach flag,F(venture_to_house)|F(reach_flag)
1943,"['visit_tree', 'go_past_house']",visit tree and at any time go past house,visit_tree&F(go_past_house)
5330,"['grasp_apple', 'get_hold_apple']",when possible grasp apple or at some time get hold apple,F(grasp_apple)|F(get_hold_apple)
2555,"['visit_flag', 'venture_to_waste_basket']",at some time visit flag or when possible venture to waste basket,F(visit_flag)|F(venture_to_waste_basket)
1027,"['got_to_house', 'venture_flag']",whenever got to house and whenever venture flag,F(got_to_house)&F(venture_flag)
3115,"['hold_on_to_pear', 'scoop_up_pear']",hold on to pear can infer that at some time scoop up pear,hold_on_to_pear->F(scoop_up_pear)
4042,"['take_apple', 'let_go_apple']",take apple and at some time let go apple,take_apple&F(let_go_apple)
1373,"['go_near_house', 'keep_apple']",at some time go near house or keep apple,F(go_near_house)|keep_apple
4657,"['travel_to_flag', 'go_past_flag']",when possible travel to flag until at some time go past flag,F(travel_to_flag)UF(go_past_flag)
2743,"['walk', 'procure_pear']",walk and when possible procure pear,walk&F(procure_pear)
1520,"['go_by_waste_basket', 'go_by_waste_basket']",at any time go by waste basket or at some time go by waste basket,F(go_by_waste_basket)|F(go_by_waste_basket)
2312,"['visit_tree', 'go_to_house']",visit tree or at any time go to house,visit_tree|F(go_to_house)
1178,"['capture_pear', 'let_go_apple']",at any time capture pear until never let go apple,F(capture_pear)UG(~(let_go_apple))
3422,"['acquire_apple', 'approach_tree']",acquire apple and approach tree,acquire_apple&approach_tree
2923,"['scoop_up_pear', 'travel_by_tree']",at some time scoop up pear or whenever travel by tree,F(scoop_up_pear)|F(travel_by_tree)
2067,"['stay', 'get_to_tree']",always stay or get to tree,G(stay)|get_to_tree
1577,"['snatch_up_pear', 'have_in_orange']",snatch up pear or always have in orange,snatch_up_pear|G(have_in_orange)
1852,"['travel_by_tree', 'procure_pear']",at some time travel by tree and when possible procure pear,F(travel_by_tree)&F(procure_pear)
1214,"['venture_to_house', 'withhold_apple']",whenever venture to house or at any time withhold apple,F(venture_to_house)|F(withhold_apple)
1323,"['move_past_trash_can', 'gather_pear']",at any time move past trash can and whenever gather pear,F(move_past_trash_can)&F(gather_pear)
1033,"['move_towards_trash_can', 'gather_apple']",move towards trash can or gather apple,move_towards_trash_can|gather_apple
1443,"['visit_flag', 'let_go_pear']",at any time visit flag and do not let go pear,F(visit_flag)&~(let_go_pear)
3082,"['gather_orange', 'proceed_to_tree']",gather orange until when possible proceed to tree,gather_orangeUF(proceed_to_tree)
1190,"['reach_flag', 'venture_to_house']",at some time reach flag or at any time venture to house,F(reach_flag)|F(venture_to_house)
1102,"['travel_to_apple', 'be_in_houses_vicinity']",travel to apple and at any time be in house's vicinity,travel_to_apple&F(be_in_houses_vicinity)
1198,"['come_to_tree', 'start_going_to_house']",come to tree or at some time start going to house,come_to_tree|F(start_going_to_house)
4534,"['stand_by_tree', 'walk_to_flag']",when possible stand by tree until at any time walk to flag,F(stand_by_tree)UF(walk_to_flag)
2279,"['go_to_flag', 'visit_waste_basket']",when possible go to flag and whenever visit waste basket,F(go_to_flag)&F(visit_waste_basket)
5006,"['visit_tree', 'advance_to_house']",visit tree or at any time advance to house,visit_tree|F(advance_to_house)
4328,"['pick_up_apple', 'take_apple']",at any time pick up apple or take apple,F(pick_up_apple)|take_apple
5308,"['go_past_house', 'tax_apple']",at any time go past house until at any time tax apple,F(go_past_house)UF(tax_apple)
1842,"['present_at_flag', 'drop_apple']","if at any time present at flag , never drop apple",F(present_at_flag)->G(~(drop_apple))
5541,"['grasp_pear', 'visit_tree']",at any time grasp pear or visit tree,F(grasp_pear)|visit_tree
3038,"['pass_by_house', 'hold_on_to_pear']",at any time pass by house or hold on to pear,F(pass_by_house)|hold_on_to_pear
1428,"['go_by_waste_bin', 'go_by_waste_basket']",go by waste bin and at some time go by waste basket,go_by_waste_bin&F(go_by_waste_basket)
2157,"['make_way_waste_basket', 'let_go_pear']",at any time make way waste basket or don't let go pear,F(make_way_waste_basket)|~(let_go_pear)
4063,"['put_in_apple_bucket', 'venture_to_flag']",put in apple bucket and at any time venture to flag,put_in_apple_bucket&F(venture_to_flag)
3640,"['advance_to_house', 'obtain_pear']",at some time advance to house or when possible obtain pear,F(advance_to_house)|F(obtain_pear)
1655,"['drop_apple', 'present_at_flag']",never drop apple or at some time present at flag,G(~(drop_apple))|F(present_at_flag)
1994,"['venture_to_house', 'bring_pear']",at some time venture to house and at any time bring pear,F(venture_to_house)&F(bring_pear)
1532,"['approach_flag', 'venture_to_waste_basket']",when possible approach flag until at some time venture to waste basket,F(approach_flag)UF(venture_to_waste_basket)
2175,"['go_to_waste_basket', 'contact_flag']",repeatedly go to waste basket or at some time contact flag,G(F(go_to_waste_basket))|F(contact_flag)
1821,"['go_to_home', 'hold_orange']",when possible go to home until hold orange,F(go_to_home)Uhold_orange
4344,"['have_possession_of_apple', 'hold_orange']",whenever have possession of apple or hold orange,F(have_possession_of_apple)|hold_orange
2078,"['get_near_flag', 'move_near_tree']",whenever get near flag or at any time move near tree,F(get_near_flag)|F(move_near_tree)
2307,"['let_go_pear', 'stop_by_house']",don't let go pear and at some time stop by house,~(let_go_pear)&F(stop_by_house)
2207,"['get_hold_of_pear', 'obtain_apple']",get hold of pear and whenever obtain apple,get_hold_of_pear&F(obtain_apple)
2060,"['grab_tree', 'got_to_house']",repeatedly grab tree or whenever got to house,G(F(grab_tree))|F(got_to_house)
1246,"['go_to_trashcan', 'move_to_trashcan']",when possible go to trashcan or move to trashcan,F(go_to_trashcan)|move_to_trashcan
3040,"['travel_house', 'journey_to_house']",at some time travel house until whenever journey to house,F(travel_house)UF(journey_to_house)
3602,"['proceed_to_house', 'put_in_apple_bucket']",whenever proceed to house until put in apple bucket,F(proceed_to_house)Uput_in_apple_bucket
5292,"['move_to_house', 'scoop_up_pear']",move to house or at any time scoop up pear,move_to_house|F(scoop_up_pear)
5928,"['travel_to_waste_bin', 'be_at_flag']",travel to waste bin or at some time be at flag,travel_to_waste_bin|F(be_at_flag)
1847,"['come_to_tree', 'grip_apple']",come to tree until grip apple,come_to_treeUgrip_apple
2012,"['hold_on_pear', 'migrate_to_tree']",forever hold on pear and at any time migrate to tree,G(hold_on_pear)&F(migrate_to_tree)
2074,"['visit_trash_bin', 'go_to_trashcan']",at any time visit trash bin or at some time go to trashcan,F(visit_trash_bin)|F(go_to_trashcan)
2531,"['hold_apple', 'scoop_up_apple']",hold apple until when possible scoop up apple,hold_appleUF(scoop_up_apple)
1242,"['go_by_waste_bin', 'go_by_waste_bin']",go by waste bin and go by waste bin,go_by_waste_bin&go_by_waste_bin
3865,"['go_to_tree', 'move_towards_trash_can']",whenever go to tree or move towards trash can,F(go_to_tree)|move_towards_trash_can
1587,"['pick_up_pear', 'let_go_apple']",pick up pear or never let go apple,pick_up_pear|G(~(let_go_apple))
3235,"['obtain_apple', 'reach_tree']",at any time obtain apple or when possible reach tree,F(obtain_apple)|F(reach_tree)
3001,"['contact_house', 'stop_by_flag']",whenever contact house or stop by flag,F(contact_house)|stop_by_flag
4887,"['acquire_pear', 'procure_apple']",when possible acquire pear or procure apple,F(acquire_pear)|procure_apple
4576,"['going_to_tree', 'pick_up_flag']",going to tree and pick up flag,going_to_tree&pick_up_flag
4916,"['grasp_pear', 'go_to_flag']",when possible grasp pear can infer that whenever go to flag,F(grasp_pear)->F(go_to_flag)
1162,"['withhold_apple', 'secure_apple']",at any time withhold apple or secure apple,F(withhold_apple)|secure_apple
2757,"['travel_to_tree', 'let_go_orange']",travel to tree or never let go orange,travel_to_tree|G(~(let_go_orange))
4629,"['approach_house', 'secure_pear']",at any time approach house or at some time secure pear,F(approach_house)|F(secure_pear)
1982,"['withhold_apple', 'present_at_flag']",whenever withhold apple or when possible present at flag,F(withhold_apple)|F(present_at_flag)
4090,"['drop_apple', 'move_towards_trash_can']",never drop apple and move towards trash can,G(~(drop_apple))&move_towards_trash_can
1422,"['move_past_trash_can', 'collect_pear']",whenever move past trash can or collect pear,F(move_past_trash_can)|collect_pear
4236,"['go_to_bucket', 'procure_orange']",go to bucket and when possible procure orange,go_to_bucket&F(procure_orange)
3206,"['make_way_to_house', 'hold_orange']",repeatedly make way to house or hold orange,G(F(make_way_to_house))|hold_orange
1645,"['drop_pear', 'go_to_house']",never drop pear or at some time go to house,G(~(drop_pear))|F(go_to_house)
1985,"['take_orange', 'scoop_up_pear']",take orange or when possible scoop up pear,take_orange|F(scoop_up_pear)
3055,"['move_to_house', 'stop_by_trash_can']",move to house and at any time stop by trash can,move_to_house&F(stop_by_trash_can)
1993,"['secure_apple', 'secure_apple']",secure apple and secure apple,secure_apple&secure_apple
3536,"['going_to_house', 'go_to_flag']",whenever going to house or whenever go to flag,F(going_to_house)|F(go_to_flag)
1200,"['approach_house', 'touch_house']",whenever approach house and at any time touch house,F(approach_house)&F(touch_house)
1154,"['walk_to_flag', 'procure_apple']",at any time walk to flag or procure apple,F(walk_to_flag)|procure_apple
2055,"['procure_orange', 'go_to_trash_receptacle']",when possible procure orange until whenever go to trash receptacle,F(procure_orange)UF(go_to_trash_receptacle)
1996,"['approach_trash_can', 'go_near_house']",approach trash can and when possible go near house,approach_trash_can&F(go_near_house)
2556,"['go_to_waste_basket', 'touch_tree']",repeatedly go to waste basket or whenever touch tree,G(F(go_to_waste_basket))|F(touch_tree)
1017,"['have_in_orange', 'visit_trash_bin']",forever have in orange or at some time visit trash bin,G(have_in_orange)|F(visit_trash_bin)
3935,"['gather_apple', 'let_go_pear']",gather apple or don't let go pear,gather_apple|~(let_go_pear)
1632,"['take_to_trash_can', 'have_apple']",take to trash can and forever have apple,take_to_trash_can&G(have_apple)
1275,"['make_way_waste_basket', 'stop_by_house']",whenever make way waste basket or at some time stop by house,F(make_way_waste_basket)|F(stop_by_house)
1800,"['secure_apple', 'withhold_apple']",secure apple or at some time withhold apple,secure_apple|F(withhold_apple)
1390,"['gather_apple', 'reach_trash_can']",gather apple and reach trash can,gather_apple&reach_trash_can
3733,"['go_past_flag', 'withold_apple']",at some time go past flag or at any time withold apple,F(go_past_flag)|F(withold_apple)
1758,"['make_your_way_flag', 'acquire_pear']",at any time make your way flag and whenever acquire pear,F(make_your_way_flag)&F(acquire_pear)
3375,"['take_to_tree', 'go_past_flag']",take to tree can infer that whenever go past flag,take_to_tree->F(go_past_flag)
3574,"['go_by_house', 'steal_apple']",at any time go by house or when possible steal apple,F(go_by_house)|F(steal_apple)
1826,"['drop_apple', 'present_at_flag']",never drop apple or when possible present at flag,G(~(drop_apple))|F(present_at_flag)
3829,"['have_apple', 'secure_pear']",always have apple until whenever secure pear,G(have_apple)UF(secure_pear)
5038,"['let_go_apple', 'move_forward_trash_can']",whenever let go apple or whenever move forward trash can,F(let_go_apple)|F(move_forward_trash_can)
1238,"['grab_flag', 'grab_tree']",at any time grab flag or repeatedly grab tree,F(grab_flag)|G(F(grab_tree))
4016,"['hold_on_to_pear', 'scoop_up_apple']",hold on to pear until whenever scoop up apple,hold_on_to_pearUF(scoop_up_apple)
2402,"['grab_orange', 'let_go_apple']",at some time grab orange or never let go apple,F(grab_orange)|G(~(let_go_apple))
1524,"['venture_flag', 'travel_to_apple']",whenever venture flag or travel to apple,F(venture_flag)|travel_to_apple
1247,"['move_to_trashcan', 'migrate_to_tree']",move to trashcan and at any time migrate to tree,move_to_trashcan&F(migrate_to_tree)
1690,"['secure_apple', 'go_by_waste_basket']",secure apple or when possible go by waste basket,secure_apple|F(go_by_waste_basket)
5253,"['drop_pear', 'drop_orange']",never drop pear or never drop orange,G(~(drop_pear))|G(~(drop_orange))
3372,"['pick_up_flag', 'show_yourself_near_house']",pick up flag or when possible show yourself near house,pick_up_flag|F(show_yourself_near_house)
1224,"['have_apple', 'get_hold_apple']",always have apple and at some time get hold apple,G(have_apple)&F(get_hold_apple)
1031,"['go_to_orange', 'collect_apple']","if go to orange , at some time collect apple",go_to_orange->F(collect_apple)
3156,"['withold_apple', 'tax_apple']",at any time withold apple until whenever tax apple,F(withold_apple)UF(tax_apple)
2541,"['pass_by_waste_receptacle', 'hold_orange']",at some time pass by waste receptacle and hold orange,F(pass_by_waste_receptacle)&hold_orange
4209,"['journey_by_house', 'move_to_flag']",at any time journey by house and when possible move to flag,F(journey_by_house)&F(move_to_flag)
5976,"['hold_on_to_pear', 'venture_to_flag']",hold on to pear until at any time venture to flag,hold_on_to_pearUF(venture_to_flag)
2521,"['stop_by_flag', 'haul_pear']",stop by flag or whenever haul pear,stop_by_flag|F(haul_pear)
5967,"['get_hold_of_pear', 'go_to_trash_bin']",get hold of pear and at some time go to trash bin,get_hold_of_pear&F(go_to_trash_bin)
1980,"['hold_on_to_pear', 'get_hold_of_pear']",hold on to pear or get hold of pear,hold_on_to_pear|get_hold_of_pear
4525,"['drop_pear', 'go_home']",never drop pear or at any time go home,G(~(drop_pear))|F(go_home)
4981,"['approach_flag', 'put_in_bucket']",when possible approach flag or put in bucket,F(approach_flag)|put_in_bucket
3897,"['touch_flag', 'take_to_tree']",forever touch flag and take to tree,G(touch_flag)&take_to_tree
2563,"['capture_pear', 'seize_apple']",whenever capture pear until seize apple,F(capture_pear)Useize_apple
1571,"['get_near_flag', 'snatch_up_pear']",at any time get near flag and snatch up pear,F(get_near_flag)&snatch_up_pear
1003,"['venture_to_house', 'withhold_apple']",at any time venture to house or at any time withhold apple,F(venture_to_house)|F(withhold_apple)
2476,"['travel_to_waste_bin', 'venture_to_flag']","when travel to waste bin , when possible venture to flag",travel_to_waste_bin->F(venture_to_flag)
2527,"['get_pear', 'get_orange']",when possible get pear and at some time get orange,F(get_pear)&F(get_orange)
1221,"['drop_apple', 'secure_apple']",never drop apple and secure apple,G(~(drop_apple))&secure_apple
5481,"['go_to_home', 'start_going_to_tree']",at any time go to home or whenever start going to tree,F(go_to_home)|F(start_going_to_tree)
1317,"['keep_apple', 'stop_by_house']",keep apple or when possible stop by house,keep_apple|F(stop_by_house)
5891,"['venture_to_waste_basket', 'go_to_house']",at any time venture to waste basket and whenever go to house,F(venture_to_waste_basket)&F(go_to_house)
5806,"['acquire_apple', 'go_to_waste_basket']",acquire apple or repeatedly go to waste basket,acquire_apple|G(F(go_to_waste_basket))
1129,"['venture_towards_house', 'venture_to_house']",venture towards house and whenever venture to house,venture_towards_house&F(venture_to_house)
3151,"['get_close_flag', 'get_to_cup']",at any time get close flag or whenever get to cup,F(get_close_flag)|F(get_to_cup)
1304,"['hold_orange', 'go_to_flag']",hold orange and when possible go to flag,hold_orange&F(go_to_flag)
4405,"['go_to_orange', 'pass_by_waste_receptacle']",go to orange or whenever pass by waste receptacle,go_to_orange|F(pass_by_waste_receptacle)
2296,"['drop_orange', 'let_go_pear']",never drop orange or don't let go pear,G(~(drop_orange))|~(let_go_pear)
2553,"['drop_apple', 'get_hold_of_orange']",never drop apple or at some time get hold of orange,G(~(drop_apple))|F(get_hold_of_orange)
3046,"['contact_flag', 'venture_to_trash_can']",whenever contact flag and venture to trash can,F(contact_flag)&venture_to_trash_can
5073,"['proceed_to_house', 'venture_to_trash_can']",whenever proceed to house and venture to trash can,F(proceed_to_house)&venture_to_trash_can
2134,"['go_to_waste_basket', 'venture_house']",repeatedly go to waste basket or whenever venture house,G(F(go_to_waste_basket))|F(venture_house)
1465,"['go_to_apple_trashcan', 'withdraw_pear']",repeatedly go to apple trashcan or whenever withdraw pear,G(F(go_to_apple_trashcan))|F(withdraw_pear)
1451,"['go_visit_flag', 'move_towards_trash_can']",go visit flag and move towards trash can,go_visit_flag&move_towards_trash_can
1211,"['reach_flag', 'venture_towards_house']",when possible reach flag and venture towards house,F(reach_flag)&venture_towards_house
1253,"['venture_flag', 'track_towards_tree']",whenever venture flag and when possible track towards tree,F(venture_flag)&F(track_towards_tree)
4376,"['go_to_house', 'grasp_orange']",at some time go to house or grasp orange,F(go_to_house)|grasp_orange
5887,"['venture_house', 'drop_apple']",when possible venture house or never drop apple,F(venture_house)|G(~(drop_apple))
4203,"['go_to_bucket', 'scoop_up_pear']",go to bucket or at any time scoop up pear,go_to_bucket|F(scoop_up_pear)
4183,"['drop_pear', 'journey_to_flag']",never drop pear and whenever journey to flag,G(~(drop_pear))&F(journey_to_flag)
2496,"['clutch_orange', 'go_to_trashcan']",at some time clutch orange and at any time go to trashcan,F(clutch_orange)&F(go_to_trashcan)
5354,"['go_by_trash_can', 'journey_to_flag']",forever go by trash can or at any time journey to flag,G(go_by_trash_can)|F(journey_to_flag)
3166,"['let_go_apple', 'get_orange']",at any time let go apple or at some time get orange,F(let_go_apple)|F(get_orange)
3596,"['go_visit_house', 'get_hold_of_pear']",at some time go visit house or get hold of pear,F(go_visit_house)|get_hold_of_pear
2870,"['travel_by_tree', 'haul_pear']","if when possible travel by tree , at some time haul pear",F(travel_by_tree)->F(haul_pear)
4461,"['walk_to_flag', 'let_go_apple']",at some time walk to flag and never let go apple,F(walk_to_flag)&G(~(let_go_apple))
2403,"['let_go_pear', 'spend_time_at_tree']",do not let go pear or at some time spend time at tree,~(let_go_pear)|F(spend_time_at_tree)
2724,"['make_contact_with_house', 'gather_orange']","when when possible make contact with house , gather orange",F(make_contact_with_house)->gather_orange
1030,"['come_home', 'seize_pear']",whenever come home and at some time seize pear,F(come_home)&F(seize_pear)
1060,"['reach_flag', 'bring_pear']","if at any time reach flag , whenever bring pear",F(reach_flag)->F(bring_pear)
1165,"['get_to_flag', 'grab_tree']",at some time get to flag or repeatedly grab tree,F(get_to_flag)|G(F(grab_tree))
1299,"['withhold_apple', 'withhold_apple']",at any time withhold apple or whenever withhold apple,F(withhold_apple)|F(withhold_apple)
1715,"['go_to_tree', 'pick_up_anything']",whenever go to tree and do not pick up anything,F(go_to_tree)&~(F(pick_up_anything))
1222,"['pick_up_apple', 'drop_apple']",whenever pick up apple and never drop apple,F(pick_up_apple)&G(~(drop_apple))
5098,"['venture_to_flag', 'go_past_house']",when possible venture to flag and whenever go past house,F(venture_to_flag)&F(go_past_house)
5008,"['move_to_house', 'acquire_apple']",move to house or acquire apple,move_to_house|acquire_apple
1839,"['secure_apple', 'reach_flag']",secure apple until at any time reach flag,secure_appleUF(reach_flag)
5858,"['proceed_to_flag', 'go_to_tree']",at any time proceed to flag means that at any time go to tree,F(proceed_to_flag)->F(go_to_tree)
1605,"['be_in_houses_vicinity', 'lay_hold_of_apple']",at some time be in house's vicinity or at some time lay hold of apple,F(be_in_houses_vicinity)|F(lay_hold_of_apple)
1957,"['grab_flag', 'be_in_houses_vicinity']",at any time grab flag or at some time be in house's vicinity,F(grab_flag)|F(be_in_houses_vicinity)
1829,"['touch_flag', 'take_orange']",always touch flag and take orange,G(touch_flag)&take_orange
2152,"['journey_to_flag', 'venture_to_waste_basket']",at some time journey to flag can infer that when possible venture to waste basket,F(journey_to_flag)->F(venture_to_waste_basket)
1166,"['venture_towards_house', 'drop_apple']",venture towards house or never drop apple,venture_towards_house|G(~(drop_apple))
5848,"['travel_by_tree', 'put_in_bin']",when possible travel by tree or put in bin,F(travel_by_tree)|put_in_bin
4998,"['drop_orange', 'pick_up_fruit']",never drop orange until pick up fruit,G(~(drop_orange))Upick_up_fruit
1403,"['touch_flag', 'approach_house']",always touch flag or when possible approach house,G(touch_flag)|F(approach_house)
2298,"['show_yourself_near_house', 'go_to_waste_basket']",at some time show yourself near house and repeatedly go to waste basket,F(show_yourself_near_house)&G(F(go_to_waste_basket))
1337,"['snatch_up_pear', 'drop_orange']",snatch up pear or never drop orange,snatch_up_pear|G(~(drop_orange))
2676,"['go_to_home', 'going_to_house']",whenever go to home or at some time going to house,F(go_to_home)|F(going_to_house)
1482,"['reach_house', 'have_pear']",reach house and at any time have pear,reach_house&F(have_pear)
2156,"['take_to_trashcan', 'advance_to_tree']",take to trashcan or advance to tree,take_to_trashcan|advance_to_tree
1580,"['grab_apple', 'get_hold_of_orange']",at some time grab apple or when possible get hold of orange,F(grab_apple)|F(get_hold_of_orange)
2005,"['let_go_orange', 'take_orange']",never let go orange or take orange,G(~(let_go_orange))|take_orange
3432,"['journey_to_house', 'go_to_waste_basket']",at any time journey to house or repeatedly go to waste basket,F(journey_to_house)|G(F(go_to_waste_basket))
1865,"['venture_towards_house', 'venture_to_house']",venture towards house or whenever venture to house,venture_towards_house|F(venture_to_house)
5111,"['drop_apple', 'capture_orange']",never drop apple and capture orange,G(~(drop_apple))&capture_orange
2318,"['advance_to_house', 'hold_pear']",at some time advance to house and hold pear,F(advance_to_house)&hold_pear
5619,"['haul_pear', 'going_to_house']",when possible haul pear or at any time going to house,F(haul_pear)|F(going_to_house)
2997,"['grab_apple', 'tax_apple']",whenever grab apple and at some time tax apple,F(grab_apple)&F(tax_apple)
3639,"['move_past_trash_can', 'go_to_trash_bin']",when possible move past trash can or at any time go to trash bin,F(move_past_trash_can)|F(go_to_trash_bin)
1056,"['clutch_orange', 'move_to_trashcan']",at some time clutch orange or move to trashcan,F(clutch_orange)|move_to_trashcan
5230,"['touch_tree', 'seize_pear']",at any time touch tree or whenever seize pear,F(touch_tree)|F(seize_pear)
1020,"['procure_apple', 'get_hold_orange']",procure apple or when possible get hold orange,procure_apple|F(get_hold_orange)
3616,"['going_to_house', 'secure_pear']",at any time going to house or at any time secure pear,F(going_to_house)|F(secure_pear)
2644,"['let_go_apple', 'grasp_orange']",at some time let go apple or grasp orange,F(let_go_apple)|grasp_orange
1368,"['walk_near_flag', 'contact_flag']",when possible walk near flag or at any time contact flag,F(walk_near_flag)|F(contact_flag)
2806,"['snatch_pear', 'stop_by_trash_can']",when possible snatch pear until when possible stop by trash can,F(snatch_pear)UF(stop_by_trash_can)
1122,"['track_towards_tree', 'get_near_flag']",at some time track towards tree and when possible get near flag,F(track_towards_tree)&F(get_near_flag)
1056,"['hold_orange', 'hold_apple']",hold orange or hold apple,hold_orange|hold_apple
1929,"['take_to_trashcan', 'drop_pear']",take to trashcan or drop pear,take_to_trashcan|drop_pear
2040,"['be_in_houses_vicinity', 'go_to_trashcan']",at some time be in house's vicinity or at some time go to trashcan,F(be_in_houses_vicinity)|F(go_to_trashcan)
2222,"['venture_flag', 'spend_time_at_tree']",whenever venture flag or whenever spend time at tree,F(venture_flag)|F(spend_time_at_tree)
1604,"['bring_pear', 'withhold_apple']",at any time bring pear can infer that at some time withhold apple,F(bring_pear)->F(withhold_apple)
3527,"['acquire_apple', 'haul_pear']",acquire apple or whenever haul pear,acquire_apple|F(haul_pear)
5537,"['move_to_house', 'walk_to_flag']",move to house or at any time walk to flag,move_to_house|F(walk_to_flag)
1669,"['collect_apple', 'yield_pear']",at any time collect apple or at any time yield pear,F(collect_apple)|F(yield_pear)
1014,"['grab_tree', 'take_to_trashcan']",repeatedly grab tree or take to trashcan,G(F(grab_tree))|take_to_trashcan
2472,"['lay_hold_of_apple', 'get_to_flag']",when possible lay hold of apple and at any time get to flag,F(lay_hold_of_apple)&F(get_to_flag)
2196,"['move_to_trashcan', 'start_going_to_house']",move to trashcan or whenever start going to house,move_to_trashcan|F(start_going_to_house)
5029,"['hold_on_to_pear', 'travel_to_tree']",hold on to pear and travel to tree,hold_on_to_pear&travel_to_tree
1539,"['travel_to_trash_can', 'approach_house']",whenever travel to trash can can infer that whenever approach house,F(travel_to_trash_can)->F(approach_house)
1746,"['visit_tree', 'touch_house']",visit tree or whenever touch house,visit_tree|F(touch_house)
2204,"['venture_flag', 'journey_by_flag']",at any time venture flag or whenever journey by flag,F(venture_flag)|F(journey_by_flag)
1908,"['go_near_flag', 'be_at_house']",when possible go near flag or at some time be at house,F(go_near_flag)|F(be_at_house)
1293,"['make_way_waste_basket', 'go_to_orange_bin']",at any time make way waste basket or go to orange bin,F(make_way_waste_basket)|go_to_orange_bin
1400,"['let_go_orange', 'get_to_tree']",do not let go orange and get to tree,~(let_go_orange)&get_to_tree
2237,"['get_to_flag', 'keep_apple']",at some time get to flag or keep apple,F(get_to_flag)|keep_apple
3917,"['venture_house', 'collect_pear']",when possible venture house or collect pear,F(venture_house)|collect_pear
2885,"['touch_house', 'procure_apple']",whenever touch house and procure apple,F(touch_house)&procure_apple
1702,"['bring_pear', 'go_by_waste_bin']",when possible bring pear or go by waste bin,F(bring_pear)|go_by_waste_bin
4001,"['get_orange', 'touch_flag']",at any time get orange until forever touch flag,F(get_orange)UG(touch_flag)
1236,"['collect_apple', 'move_forward_trash_can']",whenever collect apple or when possible move forward trash can,F(collect_apple)|F(move_forward_trash_can)
2489,"['collect_pear', 'move_to_tree']",collect pear means that move to tree,collect_pear->move_to_tree
1009,"['advance_to_tree', 'get_to_flag']",advance to tree or whenever get to flag,advance_to_tree|F(get_to_flag)
3194,"['travel_house', 'pick_up_pear']",whenever travel house or pick up pear,F(travel_house)|pick_up_pear
1923,"['clutch_orange', 'go_to_trashcan']",at any time clutch orange and whenever go to trashcan,F(clutch_orange)&F(go_to_trashcan)
1150,"['drop_pear', 'grab_tree']",drop pear and repeatedly grab tree,drop_pear&G(F(grab_tree))
5827,"['pass_by_trash_bin', 'go_by_tree']",at some time pass by trash bin or at any time go by tree,F(pass_by_trash_bin)|F(go_by_tree)
1228,"['take_to_tree', 'hold_onto_orange']",take to tree and forever hold onto orange,take_to_tree&G(hold_onto_orange)
1543,"['reach_tree', 'drop_apple']",when possible reach tree or never drop apple,F(reach_tree)|G(~(drop_apple))
5686,"['scoop_up_pear', 'stop_by_trash_can']",at any time scoop up pear or when possible stop by trash can,F(scoop_up_pear)|F(stop_by_trash_can)
5388,"['make_contact_flag', 'move_to_flag']",whenever make contact flag or at some time move to flag,F(make_contact_flag)|F(move_to_flag)
1815,"['make_contact_flag', 'go_by_house']",when possible make contact flag or at any time go by house,F(make_contact_flag)|F(go_by_house)
1484,"['withhold_apple', 'secure_apple']",at some time withhold apple until secure apple,F(withhold_apple)Usecure_apple
1495,"['let_go_orange', 'go_to_orange_bin']",do not let go orange until go to orange bin,~(let_go_orange)Ugo_to_orange_bin
1774,"['approach_house', 'drop_orange']",at some time approach house and never drop orange,F(approach_house)&G(~(drop_orange))
1325,"['venture_flag', 'let_go_pear']",at any time venture flag or do not let go pear,F(venture_flag)|~(let_go_pear)
1241,"['present_at_flag', 'withhold_apple']",at some time present at flag or at any time withhold apple,F(present_at_flag)|F(withhold_apple)
2322,"['snatch_up_pear', 'migrate_to_tree']",snatch up pear or when possible migrate to tree,snatch_up_pear|F(migrate_to_tree)
1128,"['spend_time_at_tree', 'drop_pear']",when possible spend time at tree and drop pear,F(spend_time_at_tree)&drop_pear
1093,"['withhold_apple', 'venture_towards_house']",at some time withhold apple until venture towards house,F(withhold_apple)Uventure_towards_house
1138,"['getting_pear', 'pick_up_fruit']",at any time getting pear and pick up fruit,F(getting_pear)&pick_up_fruit
3094,"['go_to_trash_bin', 'reach_trash_can']",when possible go to trash bin or reach trash can,F(go_to_trash_bin)|reach_trash_can
2155,"['pick_up_orange', 'take_possession_of_bear']",pick up orange or at any time take possession of bear,pick_up_orange|F(take_possession_of_bear)
1794,"['stop_by_flag', 'grasp_pear']",stop by flag or at some time grasp pear,stop_by_flag|F(grasp_pear)
1659,"['go_by_waste_basket', 'venture_towards_house']",at any time go by waste basket or venture towards house,F(go_by_waste_basket)|venture_towards_house
1606,"['start_going_to_house', 'spend_time_at_tree']",whenever start going to house or at any time spend time at tree,F(start_going_to_house)|F(spend_time_at_tree)
1250,"['move', 'put_in_apple_bucket']",forever move or put in apple bucket,G(move)|put_in_apple_bucket
4642,"['advance_to_house', 'go_to_waste_basket']",when possible advance to house until repeatedly go to waste basket,F(advance_to_house)UG(F(go_to_waste_basket))
4445,"['take_apple', 'grasp_apple']",take apple until when possible grasp apple,take_appleUF(grasp_apple)
4216,"['gather_orange', 'seize_pear']",gather orange and at any time seize pear,gather_orange&F(seize_pear)
1191,"['drop_pear', 'clutch_orange']",drop pear or at some time clutch orange,drop_pear|F(clutch_orange)
1059,"['go_past_house', 'capture_orange']",whenever go past house or capture orange,F(go_past_house)|capture_orange
2763,"['contact_house', 'venture_house']",at any time contact house and at any time venture house,F(contact_house)&F(venture_house)
4322,"['make_contact_flag', 'go_home']",at some time make contact flag means that at any time go home,F(make_contact_flag)->F(go_home)
4066,"['go_near_flag', 'move_to_trash_can']",when possible go near flag and move to trash can,F(go_near_flag)&move_to_trash_can
2254,"['get_hold_orange', 'hold_on_to_pear']",when possible get hold orange means that hold on to pear,F(get_hold_orange)->hold_on_to_pear
1521,"['go_to_home', 'make_way_to_house']",at some time go to home or repeatedly make way to house,F(go_to_home)|G(F(make_way_to_house))
1087,"['grab_hold_pear', 'go_to_apple_trashcan']",grab hold pear or repeatedly go to apple trashcan,grab_hold_pear|G(F(go_to_apple_trashcan))
2438,"['go_visit_flag', 'going_to_house']",go visit flag or at some time going to house,go_visit_flag|F(going_to_house)
1921,"['venture_towards_house', 'go_by_waste_basket']",venture towards house and at any time go by waste basket,venture_towards_house&F(go_by_waste_basket)
3335,"['hold_pear', 'move_to_trash_can']",hold pear or move to trash can,hold_pear|move_to_trash_can
1309,"['track_towards_tree', 'advance_to_tree']",whenever track towards tree or advance to tree,F(track_towards_tree)|advance_to_tree
1129,"['move_around', 'hold_on_to_pear']",always move around and hold on to pear,G(move_around)&hold_on_to_pear
4567,"['take_to_tree', 'scoop_up_pear']",take to tree or whenever scoop up pear,take_to_tree|F(scoop_up_pear)
3995,"['pick_up_anything', 'go_to_house']",don't pick up anything or at some time go to house,~(F(pick_up_anything))|F(go_to_house)
1153,"['walk', 'go_by_trash_can']",walk or forever go by trash can,walk|G(go_by_trash_can)
2267,"['have_pear', 'take_to_trashcan']",when possible have pear or take to trashcan,F(have_pear)|take_to_trashcan
4190,"['get_to_cup', 'pick_up_flag']",whenever get to cup or pick up flag,F(get_to_cup)|pick_up_flag
1644,"['go_by_tree', 'journey_to_tree']",at any time go by tree or at some time journey to tree,F(go_by_tree)|F(journey_to_tree)
1928,"['lay_hold_of_apple', 'come_to_tree']",whenever lay hold of apple and come to tree,F(lay_hold_of_apple)&come_to_tree
3767,"['travel_to_flag', 'get_hold_apple']",at some time travel to flag and at some time get hold apple,F(travel_to_flag)&F(get_hold_apple)
4238,"['move_towards_trash_can', 'arrive_at_tree']",move towards trash can and at any time arrive at tree,move_towards_trash_can&F(arrive_at_tree)
1425,"['secure_apple', 'present_at_flag']","when secure apple , at some time present at flag",secure_apple->F(present_at_flag)
1328,"['drop_apple', 'present_at_flag']",never drop apple and whenever present at flag,G(~(drop_apple))&F(present_at_flag)
1868,"['venture_to_house', 'withhold_apple']",when possible venture to house or when possible withhold apple,F(venture_to_house)|F(withhold_apple)
1870,"['drop_pear', 'drop_pear']",never drop pear and never drop pear,G(~(drop_pear))&G(~(drop_pear))
5679,"['let_go', 'let_go_pear']",never let go until do not let go pear,G(~(let_go))U~(let_go_pear)
2731,"['pick_up_fruit', 'obtain_pear']",pick up fruit or at some time obtain pear,pick_up_fruit|F(obtain_pear)
1008,"['bring_pear', 'secure_apple']",at some time bring pear or secure apple,F(bring_pear)|secure_apple
5089,"['take_apple', 'going_to_house']",take apple or at some time going to house,take_apple|F(going_to_house)
1322,"['shift_to_flag', 'move_to_tree']",whenever shift to flag and move to tree,F(shift_to_flag)&move_to_tree
2422,"['scoop_up_pear', 'pass_by_waste_receptacle']",at some time scoop up pear or at any time pass by waste receptacle,F(scoop_up_pear)|F(pass_by_waste_receptacle)
1619,"['get_to_tree', 'go_to_trashcan']",get to tree or whenever go to trashcan,get_to_tree|F(go_to_trashcan)
2059,"['go_to_transh_can', 'got_to_house']",at some time go to transh can and when possible got to house,F(go_to_transh_can)&F(got_to_house)
2488,"['stop_by_house', 'grab_hold_pear']",at any time stop by house until grab hold pear,F(stop_by_house)Ugrab_hold_pear
2265,"['make_your_way_flag', 'grasp_apple']",whenever make your way flag or at some time grasp apple,F(make_your_way_flag)|F(grasp_apple)
1890,"['venture_to_waste_basket', 'go_to_apple']",when possible venture to waste basket or at some time go to apple,F(venture_to_waste_basket)|F(go_to_apple)
4352,"['grab_apple', 'going_to_flag']","when whenever grab apple , whenever going to flag",F(grab_apple)->F(going_to_flag)
3228,"['journey_to_flag', 'reach_tree']",whenever journey to flag or at some time reach tree,F(journey_to_flag)|F(reach_tree)
1977,"['get_to_tree', 'venture_flag']",get to tree or at any time venture flag,get_to_tree|F(venture_flag)
1140,"['drop_pear', 'withdraw_pear']",drop pear and when possible withdraw pear,drop_pear&F(withdraw_pear)
2260,"['steal_apple', 'go_to_bucket']",whenever steal apple or go to bucket,F(steal_apple)|go_to_bucket
2329,"['get_to_flag', 'go_to_transh_can']",when possible get to flag or at any time go to transh can,F(get_to_flag)|F(go_to_transh_can)
1358,"['take_to_tree', 'pass_by_house']",take to tree or at any time pass by house,take_to_tree|F(pass_by_house)
1016,"['got_to_house', 'snag_orange']",when possible got to house and when possible snag orange,F(got_to_house)&F(snag_orange)
1618,"['go_near_pear', 'procure_apple']",when possible go near pear or procure apple,F(go_near_pear)|procure_apple
1224,"['migrate_to_tree', 'clutch_orange']","if when possible migrate to tree , whenever clutch orange",F(migrate_to_tree)->F(clutch_orange)
1939,"['get_to_flag', 'go_to_orange_bin']",whenever get to flag and go to orange bin,F(get_to_flag)&go_to_orange_bin
2881,"['go_to_apple', 'collect_apple']",when possible go to apple and whenever collect apple,F(go_to_apple)&F(collect_apple)
2315,"['visit_trash_bin', 'spend_time_at_tree']",at any time visit trash bin or when possible spend time at tree,F(visit_trash_bin)|F(spend_time_at_tree)
1902,"['make_way_to_house', 'go_visit_house']",repeatedly make way to house and at any time go visit house,G(F(make_way_to_house))&F(go_visit_house)
1582,"['spend_time_at_tree', 'take_to_trashcan']",whenever spend time at tree or take to trashcan,F(spend_time_at_tree)|take_to_trashcan
2742,"['pick_up_flag', 'procure_apple']",pick up flag or procure apple,pick_up_flag|procure_apple
4876,"['collect_orange', 'contact_house']",whenever collect orange or at any time contact house,F(collect_orange)|F(contact_house)
4217,"['journey_to_flag', 'put_in_apple_bucket']",at any time journey to flag or put in apple bucket,F(journey_to_flag)|put_in_apple_bucket
1236,"['make_to_flag', 'start_going_to_house']",whenever make to flag or whenever start going to house,F(make_to_flag)|F(start_going_to_house)
1978,"['withhold_apple', 'reach_flag']",at any time withhold apple or at any time reach flag,F(withhold_apple)|F(reach_flag)
1145,"['get_near_flag', 'go_to_transh_can']",at some time get near flag or at any time go to transh can,F(get_near_flag)|F(go_to_transh_can)
1626,"['drop_apple', 'bring_pear']",never drop apple and when possible bring pear,G(~(drop_apple))&F(bring_pear)
1763,"['let_go_pear', 'clutch_orange']",don't let go pear or at some time clutch orange,~(let_go_pear)|F(clutch_orange)
1138,"['make_to_flag', 'make_way_waste_basket']",at some time make to flag or when possible make way waste basket,F(make_to_flag)|F(make_way_waste_basket)
3023,"['stand_by_tree', 'pick_up_orange']",whenever stand by tree and pick up orange,F(stand_by_tree)&pick_up_orange
5263,"['take_pear', 'go_to_peach']",take pear and whenever go to peach,take_pear&F(go_to_peach)
1255,"['show_yourself_near_house', 'go_to_tree']",at any time show yourself near house and whenever go to tree,F(show_yourself_near_house)&F(go_to_tree)
1965,"['make_contact_with_house', 'pass_by_trash_bin']",at some time make contact with house or at some time pass by trash bin,F(make_contact_with_house)|F(pass_by_trash_bin)
1301,"['go_by_waste_bin', 'bring_pear']",go by waste bin until at any time bring pear,go_by_waste_binUF(bring_pear)
4560,"['let_go_orange', 'arrive_at_tree']",never let go orange or at any time arrive at tree,G(~(let_go_orange))|F(arrive_at_tree)
2208,"['get_to_flag', 'go_near_house']",at some time get to flag and whenever go near house,F(get_to_flag)&F(go_near_house)
1566,"['venture_flag', 'clutch_orange']",at some time venture flag or at any time clutch orange,F(venture_flag)|F(clutch_orange)
1792,"['venture_towards_house', 'venture_to_house']",venture towards house and at some time venture to house,venture_towards_house&F(venture_to_house)
5681,"['journey_to_tree', 'pick_up_peach']",at some time journey to tree or at any time pick up peach,F(journey_to_tree)|F(pick_up_peach)
1993,"['drop_orange', 'move_near_tree']",never drop orange and at some time move near tree,G(~(drop_orange))&F(move_near_tree)
4175,"['make_your_way_flag', 'go_home']",at any time make your way flag or at any time go home,F(make_your_way_flag)|F(go_home)
1409,"['steal_apple', 'drop_orange']",at some time steal apple or never drop orange,F(steal_apple)|G(~(drop_orange))
1550,"['let_go_pear', 'migrate_to_tree']",don't let go pear or when possible migrate to tree,~(let_go_pear)|F(migrate_to_tree)
1928,"['grab_apple', 'secure_pear']",when possible grab apple or at some time secure pear,F(grab_apple)|F(secure_pear)
1978,"['move_near_tree', 'drop_pear']",whenever move near tree or drop pear,F(move_near_tree)|drop_pear
4620,"['stand_by_tree', 'venture_to_trash_can']",when possible stand by tree and venture to trash can,F(stand_by_tree)&venture_to_trash_can
1170,"['withhold_apple', 'venture_to_house']",at some time withhold apple and whenever venture to house,F(withhold_apple)&F(venture_to_house)
4065,"['drop_apple', 'put_in_bucket']",never drop apple means that put in bucket,G(~(drop_apple))->put_in_bucket
3661,"['get_hold_orange', 'grab_pear']",when possible get hold orange and at some time grab pear,F(get_hold_orange)&F(grab_pear)
1472,"['journey_by_flag', 'let_go_pear']",at some time journey by flag or do not let go pear,F(journey_by_flag)|~(let_go_pear)
1990,"['withdraw_pear', 'move_to_trashcan']",at some time withdraw pear or move to trashcan,F(withdraw_pear)|move_to_trashcan
1633,"['present_at_flag', 'bring_pear']",at any time present at flag can infer that whenever bring pear,F(present_at_flag)->F(bring_pear)
4095,"['reach_tree', 'visit_waste_basket']",at some time reach tree and whenever visit waste basket,F(reach_tree)&F(visit_waste_basket)
3387,"['make_contact_with_house', 'travel_to_waste_bin']",at some time make contact with house and travel to waste bin,F(make_contact_with_house)&travel_to_waste_bin
1455,"['go_to_trash_receptacle', 'snatch_pear']",at any time go to trash receptacle or when possible snatch pear,F(go_to_trash_receptacle)|F(snatch_pear)
2283,"['withold_apple', 'go_to_house']",at some time withold apple or whenever go to house,F(withold_apple)|F(go_to_house)
4663,"['walk_to_flag', 'seize_orange']",whenever walk to flag can infer that whenever seize orange,F(walk_to_flag)->F(seize_orange)
5014,"['go_past_flag', 'touch_house']",at some time go past flag and at any time touch house,F(go_past_flag)&F(touch_house)
3981,"['hold_apple', 'put_in_bucket']","if hold apple , put in bucket",hold_apple->put_in_bucket
1694,"['go_by_house', 'visit_waste_basket']",at any time go by house or whenever visit waste basket,F(go_by_house)|F(visit_waste_basket)
1591,"['gather_apple', 'seize_apple']",gather apple and seize apple,gather_apple&seize_apple
1736,"['stop_by_house', 'visit_trash_bin']",at some time stop by house and whenever visit trash bin,F(stop_by_house)&F(visit_trash_bin)
2616,"['go_past_flag', 'seize_orange']",when possible go past flag until at some time seize orange,F(go_past_flag)UF(seize_orange)
5273,"['gather_pear', 'drop_pear']",when possible gather pear can infer that never drop pear,F(gather_pear)->G(~(drop_pear))
1105,"['go_near_house', 'track_towards_tree']",at any time go near house or when possible track towards tree,F(go_near_house)|F(track_towards_tree)
1816,"['clutch_orange', 'snatch_up_pear']",when possible clutch orange or snatch up pear,F(clutch_orange)|snatch_up_pear
2277,"['get_close_tree', 'acquire_apple']",whenever get close tree and acquire apple,F(get_close_tree)&acquire_apple
1467,"['contact_house', 'seize_orange']",at some time contact house or at some time seize orange,F(contact_house)|F(seize_orange)
1475,"['travel_to_trash_can', 'take_to_trash_can']","when at any time travel to trash can , take to trash can",F(travel_to_trash_can)->take_to_trash_can
3282,"['journey_to_house', 'drop_pear']",at any time journey to house until never drop pear,F(journey_to_house)UG(~(drop_pear))
1179,"['secure_apple', 'drop_apple']",secure apple and never drop apple,secure_apple&G(~(drop_apple))
1601,"['let_go_orange', 'visit_trash_bin']",do not let go orange or at some time visit trash bin,~(let_go_orange)|F(visit_trash_bin)
5677,"['pick_up_apple', 'contact_house']","when when possible pick up apple , whenever contact house",F(pick_up_apple)->F(contact_house)
2799,"['let_go_orange', 'show_yourself_near_house']",never let go orange and at any time show yourself near house,G(~(let_go_orange))&F(show_yourself_near_house)
1212,"['pass_by_waste_receptacle', 'take_orange']",whenever pass by waste receptacle until take orange,F(pass_by_waste_receptacle)Utake_orange
1024,"['bring_pear', 'go_by_waste_bin']",when possible bring pear and go by waste bin,F(bring_pear)&go_by_waste_bin
5871,"['go_to_flag', 'stop_by_flag']",at any time go to flag until stop by flag,F(go_to_flag)Ustop_by_flag
1911,"['go_home', 'procure_apple']",at some time go home or procure apple,F(go_home)|procure_apple
1870,"['withhold_apple', 'reach_flag']",at some time withhold apple and at some time reach flag,F(withhold_apple)&F(reach_flag)
1055,"['withhold_apple', 'withhold_apple']",at some time withhold apple or whenever withhold apple,F(withhold_apple)|F(withhold_apple)
3984,"['proceed_to_tree', 'procure_apple']",whenever proceed to tree or procure apple,F(proceed_to_tree)|procure_apple
5846,"['take_possession_of_bear', 'show_yourself_near_house']",when possible take possession of bear or at any time show yourself near house,F(take_possession_of_bear)|F(show_yourself_near_house)
3004,"['go_home', 'touch_tree']",when possible go home or at any time touch tree,F(go_home)|F(touch_tree)
1330,"['grip_apple', 'let_go_pear']","when grip apple , don't let go pear",grip_apple->~(let_go_pear)
1887,"['present_at_flag', 'secure_apple']",when possible present at flag or secure apple,F(present_at_flag)|secure_apple
1742,"['make_contact_flag', 'proceed_to_house']",whenever make contact flag or at any time proceed to house,F(make_contact_flag)|F(proceed_to_house)
3706,"['set_out_to_house', 'put_in_bucket']",when possible set out to house or put in bucket,F(set_out_to_house)|put_in_bucket
3117,"['get_orange', 'get_hold_of_orange']",when possible get orange and when possible get hold of orange,F(get_orange)&F(get_hold_of_orange)
3535,"['secure_pear', 'make_way_for_tree']",at some time secure pear until at some time make way for tree,F(secure_pear)UF(make_way_for_tree)
1501,"['go_by_waste_bin', 'bring_pear']",go by waste bin and at any time bring pear,go_by_waste_bin&F(bring_pear)
4757,"['go_home', 'let_go_apple']",at any time go home until at any time let go apple,F(go_home)UF(let_go_apple)
5130,"['travel_to_waste_bin', 'travel_to_house']",travel to waste bin or when possible travel to house,travel_to_waste_bin|F(travel_to_house)
2053,"['have_apple', 'go_to_apple']",forever have apple or whenever go to apple,G(have_apple)|F(go_to_apple)
5523,"['go_near_pear', 'move_past_trash_can']",whenever go near pear and whenever move past trash can,F(go_near_pear)&F(move_past_trash_can)
1871,"['stop_by_house', 'be_in_houses_vicinity']",whenever stop by house or whenever be in house's vicinity,F(stop_by_house)|F(be_in_houses_vicinity)
1766,"['go_past_flag', 'gather_orange']",whenever go past flag and gather orange,F(go_past_flag)&gather_orange
2310,"['pick_up_pear', 'travel_to_waste_bin']",pick up pear and travel to waste bin,pick_up_pear&travel_to_waste_bin
1605,"['venture_towards_house', 'secure_apple']",venture towards house and secure apple,venture_towards_house&secure_apple
4099,"['visit_house', 'pick_up_flag']",at some time visit house can infer that pick up flag,F(visit_house)->pick_up_flag
5238,"['go_to_trash_can', 'put_in_apple_bucket']",when possible go to trash can or put in apple bucket,F(go_to_trash_can)|put_in_apple_bucket
1804,"['get_hold_of_pear', 'hold_orange']",get hold of pear until hold orange,get_hold_of_pearUhold_orange
3878,"['go_to_trash_bin', 'hold_onto_orange']",at some time go to trash bin or forever hold onto orange,F(go_to_trash_bin)|G(hold_onto_orange)
1195,"['advance_to_house', 'take_possession_of_bear']",whenever advance to house or at some time take possession of bear,F(advance_to_house)|F(take_possession_of_bear)
5824,"['let_go', 'arrive_at_tree']",never let go and at any time arrive at tree,G(~(let_go))&F(arrive_at_tree)
2903,"['move_past_trash_can', 'pass_by_waste_receptacle']",at any time move past trash can and whenever pass by waste receptacle,F(move_past_trash_can)&F(pass_by_waste_receptacle)
3414,"['pick_up_fruit', 'go_home']",pick up fruit or whenever go home,pick_up_fruit|F(go_home)
2389,"['go_to_apple_trashcan', 'grab_hold_pear']",repeatedly go to apple trashcan or grab hold pear,G(F(go_to_apple_trashcan))|grab_hold_pear
2212,"['go_to_house', 'visit_house']",when possible go to house or at some time visit house,F(go_to_house)|F(visit_house)
4327,"['go_to_trash_bin', 'collect_pear']",at any time go to trash bin and collect pear,F(go_to_trash_bin)&collect_pear
2070,"['collect_pear', 'go_to_bucket']",collect pear until go to bucket,collect_pearUgo_to_bucket
3007,"['grab_apple', 'pick_up_fruit']",when possible grab apple or pick up fruit,F(grab_apple)|pick_up_fruit
1686,"['touch_flag', 'go_to_apple']",always touch flag can infer that whenever go to apple,G(touch_flag)->F(go_to_apple)
5596,"['make_your_way_flag', 'pick_up_orange']",at any time make your way flag or pick up orange,F(make_your_way_flag)|pick_up_orange
5635,"['go_by_tree', 'walk_to_flag']",whenever go by tree until at some time walk to flag,F(go_by_tree)UF(walk_to_flag)
4199,"['grab_pear', 'take_apple']",whenever grab pear or take apple,F(grab_pear)|take_apple
1588,"['stay', 'grip_apple']",always stay or grip apple,G(stay)|grip_apple
1020,"['withhold_apple', 'secure_apple']",at some time withhold apple and secure apple,F(withhold_apple)&secure_apple
2121,"['visit_trash_bin', 'keep_apple']",at any time visit trash bin can infer that keep apple,F(visit_trash_bin)->keep_apple
3499,"['obtain_orange', 'stop_by_trash_can']",at some time obtain orange and whenever stop by trash can,F(obtain_orange)&F(stop_by_trash_can)
1485,"['be_near_tree', 'grasp_pear']",whenever be near tree or at some time grasp pear,F(be_near_tree)|F(grasp_pear)
2077,"['seize_orange', 'journey_to_house']",when possible seize orange until at any time journey to house,F(seize_orange)UF(journey_to_house)
3725,"['go_to_trash_bin', 'go_by_house']",at some time go to trash bin or when possible go by house,F(go_to_trash_bin)|F(go_by_house)
1495,"['go_visit_flag', 'acquire_orange']",go visit flag or acquire orange,go_visit_flag|acquire_orange
5597,"['travel_house', 'pick_up_apple']",at some time travel house until when possible pick up apple,F(travel_house)UF(pick_up_apple)
2707,"['go_past_flag', 'travel_to_waste_bin']",at some time go past flag and travel to waste bin,F(go_past_flag)&travel_to_waste_bin
2095,"['take_to_trashcan', 'let_go_pear']",take to trashcan and don't let go pear,take_to_trashcan&~(let_go_pear)
2369,"['go_near_flag', 'capture_orange']",whenever go near flag or capture orange,F(go_near_flag)|capture_orange
3952,"['collect_orange', 'reach_tree']",whenever collect orange can infer that whenever reach tree,F(collect_orange)->F(reach_tree)
1141,"['let_go_apple', 'go_to_trash_receptacle']",whenever let go apple and whenever go to trash receptacle,F(let_go_apple)&F(go_to_trash_receptacle)
1860,"['drop_orange', 'collect_pear']",drop orange or collect pear,drop_orange|collect_pear
5768,"['collect_orange', 'move_to_house']",whenever collect orange or move to house,F(collect_orange)|move_to_house
2353,"['go_to_apple_trashcan', 'travel_to_apple']",repeatedly go to apple trashcan or travel to apple,G(F(go_to_apple_trashcan))|travel_to_apple
2080,"['withdraw_pear', 'advance_to_tree']",when possible withdraw pear or advance to tree,F(withdraw_pear)|advance_to_tree
1076,"['bring_pear', 'secure_apple']",when possible bring pear or secure apple,F(bring_pear)|secure_apple
3938,"['get_hold_of_orange', 'obtain_apple']",whenever get hold of orange or when possible obtain apple,F(get_hold_of_orange)|F(obtain_apple)
1175,"['reach_flag', 'drop_apple']",when possible reach flag or never drop apple,F(reach_flag)|G(~(drop_apple))
1733,"['go_by_waste_basket', 'go_by_waste_basket']",at some time go by waste basket or at some time go by waste basket,F(go_by_waste_basket)|F(go_by_waste_basket)
2137,"['move_to_house', 'get_close_tree']",move to house and at some time get close tree,move_to_house&F(get_close_tree)
4068,"['drop_apple', 'get_close_flag']",never drop apple means that at some time get close flag,G(~(drop_apple))->F(get_close_flag)
1218,"['reach_house', 'clutch_orange']",reach house or when possible clutch orange,reach_house|F(clutch_orange)
2025,"['hold_on_pear', 'snag_orange']",always hold on pear and at some time snag orange,G(hold_on_pear)&F(snag_orange)
1276,"['visit_trash_bin', 'drop_orange']",at any time visit trash bin and never drop orange,F(visit_trash_bin)&G(~(drop_orange))
2378,"['snatch_pear', 'gather_orange']",at any time snatch pear until gather orange,F(snatch_pear)Ugather_orange
2914,"['touch_flag', 'acquire_pear']",forever touch flag or at any time acquire pear,G(touch_flag)|F(acquire_pear)
5306,"['journey_by_house', 'travel_by_tree']",at some time journey by house and at any time travel by tree,F(journey_by_house)&F(travel_by_tree)
5497,"['visit_house', 'move_to_house']",at any time visit house and move to house,F(visit_house)&move_to_house
2437,"['go_by_tree', 'make_way_to_house']",whenever go by tree or repeatedly make way to house,F(go_by_tree)|G(F(make_way_to_house))
2477,"['go_to_trashcan', 'get_near_flag']",at some time go to trashcan or when possible get near flag,F(go_to_trashcan)|F(get_near_flag)
1859,"['go_by_flag', 'go_by_tree']",when possible go by flag and when possible go by tree,F(go_by_flag)&F(go_by_tree)
1316,"['let_go_orange', 'get_to_cup']",never let go orange and at some time get to cup,G(~(let_go_orange))&F(get_to_cup)
4535,"['contact_house', 'be_at_house']",when possible contact house or when possible be at house,F(contact_house)|F(be_at_house)
1240,"['set_out_to_house', 'put_in_apple_bucket']",when possible set out to house and put in apple bucket,F(set_out_to_house)&put_in_apple_bucket
4002,"['set_out_to_house', 'move_to_tree']","when whenever set out to house , move to tree",F(set_out_to_house)->move_to_tree
1655,"['drop_pear', 'hold_on_pear']",drop pear and forever hold on pear,drop_pear&G(hold_on_pear)
4641,"['let_go_pear', 'travel_by_tree']",don't let go pear or at any time travel by tree,~(let_go_pear)|F(travel_by_tree)
4418,"['tax_apple', 'go_by_flag']",when possible tax apple and when possible go by flag,F(tax_apple)&F(go_by_flag)
3605,"['grasp_apple', 'contact_house']",at any time grasp apple or when possible contact house,F(grasp_apple)|F(contact_house)
1315,"['have_pear', 'make_to_flag']",when possible have pear or at any time make to flag,F(have_pear)|F(make_to_flag)
1231,"['shift_to_flag', 'get_apple']",at any time shift to flag and at some time get apple,F(shift_to_flag)&F(get_apple)
2709,"['make_your_way_flag', 'have_apple']",when possible make your way flag or always have apple,F(make_your_way_flag)|G(have_apple)
1817,"['bring_pear', 'drop_apple']",whenever bring pear and never drop apple,F(bring_pear)&G(~(drop_apple))
5293,"['approach_flag', 'get_hold_of_pear']",at any time approach flag until get hold of pear,F(approach_flag)Uget_hold_of_pear
1368,"['have_in_orange', 'approach_trash_can']",forever have in orange and approach trash can,G(have_in_orange)&approach_trash_can
5404,"['pick_up_apple', 'stop_by_trash_can']",whenever pick up apple or whenever stop by trash can,F(pick_up_apple)|F(stop_by_trash_can)
4734,"['take_pear', 'approach_house']",take pear or whenever approach house,take_pear|F(approach_house)
1475,"['venture_to_house', 'present_at_flag']",when possible venture to house or at some time present at flag,F(venture_to_house)|F(present_at_flag)
3253,"['going_to_house', 'take_pear']",at some time going to house or take pear,F(going_to_house)|take_pear
2922,"['pick_up_fruit', 'withold_apple']",pick up fruit or when possible withold apple,pick_up_fruit|F(withold_apple)
5409,"['move_to_trash_can', 'make_your_way_flag']",move to trash can and when possible make your way flag,move_to_trash_can&F(make_your_way_flag)
2364,"['stay', 'go_to_transh_can']",always stay until when possible go to transh can,G(stay)UF(go_to_transh_can)
3354,"['going_to_house', 'proceed_to_tree']",whenever going to house or at any time proceed to tree,F(going_to_house)|F(proceed_to_tree)
2431,"['let_go_orange', 'lay_hold_of_apple']","when don't let go orange , when possible lay hold of apple",~(let_go_orange)->F(lay_hold_of_apple)
1837,"['getting_pear', 'go_to_house']",whenever getting pear can infer that at any time go to house,F(getting_pear)->F(go_to_house)
1916,"['travel_to_waste_bin', 'seize_pear']",travel to waste bin or at any time seize pear,travel_to_waste_bin|F(seize_pear)
1421,"['put_in_bucket', 'have_apple']",put in bucket and always have apple,put_in_bucket&G(have_apple)
2079,"['visit_waste_basket', 'take_apple']",whenever visit waste basket and take apple,F(visit_waste_basket)&take_apple
3304,"['move_past_trash_can', 'going_to_house']",whenever move past trash can and at any time going to house,F(move_past_trash_can)&F(going_to_house)
4702,"['pick_up_pear', 'travel_by_tree']",pick up pear or at any time travel by tree,pick_up_pear|F(travel_by_tree)
1755,"['make_to_flag', 'travel_to_apple']",at some time make to flag or travel to apple,F(make_to_flag)|travel_to_apple
2138,"['get_close_flag', 'scoop_up_apple']",at some time get close flag and when possible scoop up apple,F(get_close_flag)&F(scoop_up_apple)
1953,"['venture_to_house', 'present_at_flag']",at any time venture to house and when possible present at flag,F(venture_to_house)&F(present_at_flag)
2049,"['get_hold_apple', 'move_forward_trash_can']",at some time get hold apple and at some time move forward trash can,F(get_hold_apple)&F(move_forward_trash_can)
2307,"['go_to_flag', 'move_past_trash_can']",at some time go to flag until at some time move past trash can,F(go_to_flag)UF(move_past_trash_can)
5857,"['move', 'be_at_house']",forever move and at some time be at house,G(move)&F(be_at_house)
2453,"['take_to_trash_can', 'go_to_orange']",take to trash can and go to orange,take_to_trash_can&go_to_orange
2940,"['advance_to_house', 'go_to_tree']",at any time advance to house or at some time go to tree,F(advance_to_house)|F(go_to_tree)
4566,"['move_towards_trash_can', 'approach_house']",move towards trash can or at some time approach house,move_towards_trash_can|F(approach_house)
2517,"['venture_house', 'go_by_trash_can']",at any time venture house or forever go by trash can,F(venture_house)|G(go_by_trash_can)
1652,"['drop_apple', 'present_at_flag']",never drop apple or at some time present at flag,G(~(drop_apple))|F(present_at_flag)
5741,"['hold_apple', 'steal_apple']",hold apple and at any time steal apple,hold_apple&F(steal_apple)
2969,"['get_close_tree', 'let_go_apple']",whenever get close tree means that whenever let go apple,F(get_close_tree)->F(let_go_apple)
1572,"['start_going_to_house', 'grip_apple']","when at any time start going to house , grip apple",F(start_going_to_house)->grip_apple
1035,"['go_near_flag', 'collect_pear']",at any time go near flag or collect pear,F(go_near_flag)|collect_pear
1165,"['reach_flag', 'bring_pear']",when possible reach flag can infer that when possible bring pear,F(reach_flag)->F(bring_pear)
4085,"['move_to_house', 'let_go_orange']",move to house or never let go orange,move_to_house|G(~(let_go_orange))
1865,"['acquire_pear', 'grab_pear']",at some time acquire pear until at any time grab pear,F(acquire_pear)UF(grab_pear)
1966,"['go_by_waste_basket', 'present_at_flag']",at some time go by waste basket or whenever present at flag,F(go_by_waste_basket)|F(present_at_flag)
3003,"['acquire_pear', 'travel_to_waste_bin']",at some time acquire pear or travel to waste bin,F(acquire_pear)|travel_to_waste_bin
1227,"['travel_to_flag', 'venture_to_trash_can']",at some time travel to flag until venture to trash can,F(travel_to_flag)Uventure_to_trash_can
1645,"['venture_to_house', 'go_by_waste_basket']",whenever venture to house until when possible go by waste basket,F(venture_to_house)UF(go_by_waste_basket)
1492,"['put_in_bucket', 'have_apple']",put in bucket until always have apple,put_in_bucketUG(have_apple)
2325,"['start_going_to_tree', 'travel_house']",whenever start going to tree or at some time travel house,F(start_going_to_tree)|F(travel_house)
3907,"['go_to_waste_basket', 'set_out_to_house']",repeatedly go to waste basket and whenever set out to house,G(F(go_to_waste_basket))&F(set_out_to_house)
1562,"['proceed_to_tree', 'get_pear']",whenever proceed to tree and whenever get pear,F(proceed_to_tree)&F(get_pear)
3741,"['go_home', 'drop_apple']",whenever go home or never drop apple,F(go_home)|G(~(drop_apple))
1850,"['gather_apple', 'let_go_orange']",gather apple or never let go orange,gather_apple|G(~(let_go_orange))
1843,"['withhold_apple', 'go_by_waste_basket']",at some time withhold apple means that when possible go by waste basket,F(withhold_apple)->F(go_by_waste_basket)
5863,"['reach_tree', 'reach_trash_can']",at some time reach tree and reach trash can,F(reach_tree)&reach_trash_can
1933,"['snag_orange', 'track_towards_tree']",when possible snag orange or when possible track towards tree,F(snag_orange)|F(track_towards_tree)
3123,"['drop_by', 'be_near_tree']",drop by and at some time be near tree,drop_by&F(be_near_tree)
2318,"['travel_to_apple', 'have_in_orange']",travel to apple or always have in orange,travel_to_apple|G(have_in_orange)
1986,"['present_at_flag', 'go_by_waste_basket']",at some time present at flag until at some time go by waste basket,F(present_at_flag)UF(go_by_waste_basket)
2564,"['gather_orange', 'capture_pear']",gather orange until at any time capture pear,gather_orangeUF(capture_pear)
1954,"['come_home', 'proceed_to_flag']",at any time come home can infer that at any time proceed to flag,F(come_home)->F(proceed_to_flag)
5813,"['take_to_trash_can', 'yield_pear']",take to trash can or when possible yield pear,take_to_trash_can|F(yield_pear)
1254,"['go_by_waste_bin', 'drop_apple']",go by waste bin or never drop apple,go_by_waste_bin|G(~(drop_apple))
1574,"['move_to_tree', 'approach_tree']",move to tree or approach tree,move_to_tree|approach_tree
2408,"['collect_apple', 'go_past_house']",whenever collect apple or when possible go past house,F(collect_apple)|F(go_past_house)
3296,"['drop_orange', 'seize_pear']",drop orange and when possible seize pear,drop_orange&F(seize_pear)
5951,"['obtain_orange', 'take_pear']",when possible obtain orange and take pear,F(obtain_orange)&take_pear
3154,"['go_to_pear', 'go_visit_house']",repeatedly go to pear and when possible go visit house,G(F(go_to_pear))&F(go_visit_house)
1315,"['secure_apple', 'go_by_waste_bin']","when secure apple , go by waste bin",secure_apple->go_by_waste_bin
4543,"['make_way_to_house', 'journey_to_flag']",repeatedly make way to house and whenever journey to flag,G(F(make_way_to_house))&F(journey_to_flag)
5766,"['let_go_pear', 'go_to_waste_basket']",don't let go pear or repeatedly go to waste basket,~(let_go_pear)|G(F(go_to_waste_basket))
2078,"['capture_orange', 'travel_by_tree']",capture orange and whenever travel by tree,capture_orange&F(travel_by_tree)
3273,"['seize_apple', 'move_past_trash_can']",seize apple or at any time move past trash can,seize_apple|F(move_past_trash_can)
2962,"['pick_up_flag', 'acquire_pear']","when pick up flag , at any time acquire pear",pick_up_flag->F(acquire_pear)
3161,"['get_hold_of_orange', 'grab_apple']",at any time get hold of orange and whenever grab apple,F(get_hold_of_orange)&F(grab_apple)
3232,"['start_going_to_tree', 'grab_orange']",when possible start going to tree and when possible grab orange,F(start_going_to_tree)&F(grab_orange)
2058,"['make_way_for_tree', 'haul_pear']",at some time make way for tree and at some time haul pear,F(make_way_for_tree)&F(haul_pear)
1234,"['hold_on_pear', 'make_to_flag']",forever hold on pear or at any time make to flag,G(hold_on_pear)|F(make_to_flag)
1554,"['go_by_waste_bin', 'present_at_flag']",go by waste bin or whenever present at flag,go_by_waste_bin|F(present_at_flag)
1727,"['make_to_flag', 'keep_apple']",whenever make to flag or keep apple,F(make_to_flag)|keep_apple
2120,"['walk', 'hold_apple']",walk means that hold apple,walk->hold_apple
4110,"['walk_to_flag', 'collect_pear']",at any time walk to flag and collect pear,F(walk_to_flag)&collect_pear
2037,"['pass_by_house', 'capture_pear']",when possible pass by house means that whenever capture pear,F(pass_by_house)->F(capture_pear)
2003,"['clutch_orange', 'let_go_pear']",at any time clutch orange means that don't let go pear,F(clutch_orange)->~(let_go_pear)
1247,"['reach_flag', 'venture_towards_house']",at some time reach flag or venture towards house,F(reach_flag)|venture_towards_house
2873,"['venture_to_trash_can', 'seize_pear']",venture to trash can and whenever seize pear,venture_to_trash_can&F(seize_pear)
2722,"['going_to_house', 'tax_apple']",whenever going to house until when possible tax apple,F(going_to_house)UF(tax_apple)
5423,"['grab_apple', 'pick_up_fruit']",at any time grab apple or pick up fruit,F(grab_apple)|pick_up_fruit
5165,"['going_to_tree', 'go_to_trash_bin']","if going to tree , whenever go to trash bin",going_to_tree->F(go_to_trash_bin)
5312,"['procure_apple', 'journey_to_flag']",procure apple until at any time journey to flag,procure_appleUF(journey_to_flag)
1205,"['get_near_flag', 'be_in_houses_vicinity']",at any time get near flag and whenever be in house's vicinity,F(get_near_flag)&F(be_in_houses_vicinity)
4877,"['get_hold_apple', 'get_close_flag']",at some time get hold apple or at any time get close flag,F(get_hold_apple)|F(get_close_flag)
1454,"['go_by_waste_bin', 'secure_apple']",go by waste bin and secure apple,go_by_waste_bin&secure_apple
2023,"['drop_orange', 'proceed_to_tree']",never drop orange means that when possible proceed to tree,G(~(drop_orange))->F(proceed_to_tree)
2433,"['visit_waste_basket', 'acquire_orange']",whenever visit waste basket or acquire orange,F(visit_waste_basket)|acquire_orange
2188,"['capture_orange', 'venture_to_waste_basket']",capture orange or at some time venture to waste basket,capture_orange|F(venture_to_waste_basket)
1461,"['go_to_apple_trashcan', 'clutch_orange']",repeatedly go to apple trashcan or at any time clutch orange,G(F(go_to_apple_trashcan))|F(clutch_orange)
1652,"['withdraw_pear', 'have_in_orange']",whenever withdraw pear and forever have in orange,F(withdraw_pear)&G(have_in_orange)
5122,"['secure_pear', 'go_near_pear']",whenever secure pear and whenever go near pear,F(secure_pear)&F(go_near_pear)
1322,"['take_to_trashcan', 'snag_orange']",take to trashcan and at some time snag orange,take_to_trashcan&F(snag_orange)
1148,"['gather_orange', 'pick_up_fruit']",gather orange until pick up fruit,gather_orangeUpick_up_fruit
1013,"['procure_pear', 'make_way_to_house']",at some time procure pear and repeatedly make way to house,F(procure_pear)&G(F(make_way_to_house))
1158,"['grip_apple', 'stop_by_house']",grip apple or whenever stop by house,grip_apple|F(stop_by_house)
3344,"['visit_house', 'make_your_way_flag']",at any time visit house and at some time make your way flag,F(visit_house)&F(make_your_way_flag)
2929,"['go_by_trash_can', 'walk_to_flag']",forever go by trash can or at any time walk to flag,G(go_by_trash_can)|F(walk_to_flag)
4727,"['take_apple', 'procure_pear']",take apple and at any time procure pear,take_apple&F(procure_pear)
1747,"['procure_apple', 'grab_apple']",procure apple and at some time grab apple,procure_apple&F(grab_apple)
4512,"['make_contact_with_house', 'touch_flag']",when possible make contact with house and always touch flag,F(make_contact_with_house)&G(touch_flag)
1094,"['go_to_pear', 'travel_to_trash_can']",repeatedly go to pear or at some time travel to trash can,G(F(go_to_pear))|F(travel_to_trash_can)
1522,"['go_to_flag', 'venture_to_trash_can']",at some time go to flag or venture to trash can,F(go_to_flag)|venture_to_trash_can
5195,"['put_in_bin', 'take_to_tree']",put in bin or take to tree,put_in_bin|take_to_tree
5753,"['go_to_waste_basket', 'make_way_for_tree']",repeatedly go to waste basket or whenever make way for tree,G(F(go_to_waste_basket))|F(make_way_for_tree)
2890,"['procure_pear', 'reach_tree']",at any time procure pear and at any time reach tree,F(procure_pear)&F(reach_tree)
2027,"['journey_by_flag', 'lay_hold_of_apple']",at any time journey by flag or at some time lay hold of apple,F(journey_by_flag)|F(lay_hold_of_apple)
2690,"['snatch_pear', 'touch_tree']",whenever snatch pear and at any time touch tree,F(snatch_pear)&F(touch_tree)
1909,"['drop_apple', 'go_by_waste_basket']",never drop apple or at any time go by waste basket,G(~(drop_apple))|F(go_by_waste_basket)
4027,"['go_to_trash_receptacle', 'pick_up_fruit']",at some time go to trash receptacle or pick up fruit,F(go_to_trash_receptacle)|pick_up_fruit
1249,"['move_past_trash_can', 'make_your_way_flag']",at any time move past trash can and when possible make your way flag,F(move_past_trash_can)&F(make_your_way_flag)
2737,"['go_to_apple', 'acquire_pear']",whenever go to apple until when possible acquire pear,F(go_to_apple)UF(acquire_pear)
5123,"['take_orange', 'drop_pear']",take orange and never drop pear,take_orange&G(~(drop_pear))
4837,"['let_go_orange', 'be_at_house']",never let go orange until whenever be at house,G(~(let_go_orange))UF(be_at_house)
5675,"['haul_pear', 'grasp_pear']",whenever haul pear or at some time grasp pear,F(haul_pear)|F(grasp_pear)
2608,"['move_forward_trash_can', 'travel_by_tree']",at some time move forward trash can can infer that at some time travel by tree,F(move_forward_trash_can)->F(travel_by_tree)
3972,"['put_in_bucket', 'journey_by_house']",put in bucket or when possible journey by house,put_in_bucket|F(journey_by_house)
5782,"['get_close_tree', 'make_way_to_house']",at any time get close tree or repeatedly make way to house,F(get_close_tree)|G(F(make_way_to_house))
4901,"['travel_to_trash_can', 'go_visit_house']",when possible travel to trash can or at some time go visit house,F(travel_to_trash_can)|F(go_visit_house)
2005,"['stay', 'stop_by_house']",forever stay and at any time stop by house,G(stay)&F(stop_by_house)
1327,"['got_to_house', 'move_to_trashcan']",whenever got to house or move to trashcan,F(got_to_house)|move_to_trashcan
2472,"['travel_by_tree', 'obtain_orange']",at any time travel by tree and at some time obtain orange,F(travel_by_tree)&F(obtain_orange)
5691,"['procure_apple', 'travel_to_flag']",procure apple or when possible travel to flag,procure_apple|F(travel_to_flag)
3558,"['let_go_orange', 'hold_orange']",never let go orange or hold orange,G(~(let_go_orange))|hold_orange
2080,"['go_by_house', 'gather_orange']",at some time go by house or gather orange,F(go_by_house)|gather_orange
3882,"['tax_apple', 'grab_apple']",at some time tax apple and at any time grab apple,F(tax_apple)&F(grab_apple)
4231,"['get_orange', 'stop_by_trash_can']",when possible get orange and when possible stop by trash can,F(get_orange)&F(stop_by_trash_can)
5138,"['approach_tree', 'take_apple']",approach tree and take apple,approach_tree&take_apple
5927,"['contact_flag', 'visit_flag']",at some time contact flag or whenever visit flag,F(contact_flag)|F(visit_flag)
3103,"['set_out_to_house', 'gather_apple']",at some time set out to house and gather apple,F(set_out_to_house)&gather_apple
5381,"['go_to_tree', 'yield_pear']",at any time go to tree or at some time yield pear,F(go_to_tree)|F(yield_pear)
1767,"['let_go_pear', 'drop_pear']",don't let go pear and drop pear,~(let_go_pear)&drop_pear
2836,"['collect_pear', 'scoop_up_pear']",collect pear or at any time scoop up pear,collect_pear|F(scoop_up_pear)
3760,"['take_orange', 'acquire_pear']","if take orange , whenever acquire pear",take_orange->F(acquire_pear)
1598,"['make_to_flag', 'get_to_tree']",at some time make to flag or get to tree,F(make_to_flag)|get_to_tree
1824,"['go_visit_house', 'set_out_to_house']",whenever go visit house or at some time set out to house,F(go_visit_house)|F(set_out_to_house)
5600,"['drop_pear', 'be_near_tree']",never drop pear and when possible be near tree,G(~(drop_pear))&F(be_near_tree)
2112,"['hold_pear', 'collect_apple']",hold pear and whenever collect apple,hold_pear&F(collect_apple)
1371,"['go_to_trashcan', 'make_to_flag']",at any time go to trashcan and at any time make to flag,F(go_to_trashcan)&F(make_to_flag)
1621,"['withdraw_pear', 'get_to_tree']",when possible withdraw pear until get to tree,F(withdraw_pear)Uget_to_tree
1328,"['go_near_house', 'get_near_flag']",at some time go near house and whenever get near flag,F(go_near_house)&F(get_near_flag)
2170,"['lay_hold_of_apple', 'spend_time_at_tree']",at any time lay hold of apple or when possible spend time at tree,F(lay_hold_of_apple)|F(spend_time_at_tree)
4630,"['get_close_flag', 'start_going_to_tree']",at any time get close flag until at any time start going to tree,F(get_close_flag)UF(start_going_to_tree)
1971,"['move_to_trashcan', 'keep_apple']",move to trashcan or keep apple,move_to_trashcan|keep_apple
3243,"['set_out_to_house', 'be_at_house']",at some time set out to house or at some time be at house,F(set_out_to_house)|F(be_at_house)
5027,"['obtain_apple', 'start_going_to_tree']",when possible obtain apple and at any time start going to tree,F(obtain_apple)&F(start_going_to_tree)
5320,"['move_to_trash_can', 'journey_to_tree']",move to trash can and at any time journey to tree,move_to_trash_can&F(journey_to_tree)
1519,"['approach_trash_can', 'clutch_orange']",approach trash can or at some time clutch orange,approach_trash_can|F(clutch_orange)
3266,"['venture_to_trash_can', 'get_close_tree']",venture to trash can or at some time get close tree,venture_to_trash_can|F(get_close_tree)
1891,"['grasp_apple', 'start_going_to_tree']",at any time grasp apple until when possible start going to tree,F(grasp_apple)UF(start_going_to_tree)
1784,"['go_by_waste_bin', 'bring_pear']",go by waste bin or when possible bring pear,go_by_waste_bin|F(bring_pear)
3504,"['proceed_to_flag', 'go_past_flag']",when possible proceed to flag or when possible go past flag,F(proceed_to_flag)|F(go_past_flag)
4111,"['acquire_apple', 'reach_trash_can']",acquire apple or reach trash can,acquire_apple|reach_trash_can
1298,"['proceed_to_house', 'get_hold_orange']",when possible proceed to house and at any time get hold orange,F(proceed_to_house)&F(get_hold_orange)
4799,"['tax_apple', 'advance_to_house']",at some time tax apple can infer that whenever advance to house,F(tax_apple)->F(advance_to_house)
1747,"['go_to_apple_trashcan', 'move_near_tree']",repeatedly go to apple trashcan or when possible move near tree,G(F(go_to_apple_trashcan))|F(move_near_tree)
1681,"['withhold_apple', 'go_by_waste_bin']",at any time withhold apple and go by waste bin,F(withhold_apple)&go_by_waste_bin
3163,"['journey_to_tree', 'tax_apple']",when possible journey to tree and whenever tax apple,F(journey_to_tree)&F(tax_apple)
4458,"['drop_by', 'pick_up_orange']",drop by and pick up orange,drop_by&pick_up_orange
5327,"['pick_up_orange', 'go_to_trash_receptacle']",pick up orange until whenever go to trash receptacle,pick_up_orangeUF(go_to_trash_receptacle)
4033,"['go_to_trash_can', 'journey_to_flag']",when possible go to trash can and at any time journey to flag,F(go_to_trash_can)&F(journey_to_flag)
2879,"['drop_pear', 'go_visit_house']",never drop pear or when possible go visit house,G(~(drop_pear))|F(go_visit_house)
4627,"['go_to_tree', 'reach_trash_can']",at any time go to tree can infer that reach trash can,F(go_to_tree)->reach_trash_can
1400,"['present_at_flag', 'reach_flag']",at some time present at flag or at some time reach flag,F(present_at_flag)|F(reach_flag)
5534,"['pick_up_peach', 'travel_to_trash_can']",whenever pick up peach and when possible travel to trash can,F(pick_up_peach)&F(travel_to_trash_can)
1827,"['let_go', 'go_to_trash_bin']",never let go and when possible go to trash bin,G(~(let_go))&F(go_to_trash_bin)
1935,"['make_way_waste_basket', 'get_to_flag']",at any time make way waste basket and when possible get to flag,F(make_way_waste_basket)&F(get_to_flag)
1431,"['reach_trash_can', 'grab_orange']",reach trash can or at any time grab orange,reach_trash_can|F(grab_orange)
1193,"['go_by_waste_basket', 'drop_apple']",at any time go by waste basket and never drop apple,F(go_by_waste_basket)&G(~(drop_apple))
1765,"['go_to_transh_can', 'move_near_tree']",whenever go to transh can or at any time move near tree,F(go_to_transh_can)|F(move_near_tree)
1058,"['withhold_apple', 'withhold_apple']",whenever withhold apple and at any time withhold apple,F(withhold_apple)&F(withhold_apple)
1217,"['drop_apple', 'go_by_waste_basket']",never drop apple or at any time go by waste basket,G(~(drop_apple))|F(go_by_waste_basket)
1223,"['withhold_apple', 'reach_flag']",at some time withhold apple and at some time reach flag,F(withhold_apple)&F(reach_flag)
4838,"['touch_house', 'get_close_tree']",at some time touch house or whenever get close tree,F(touch_house)|F(get_close_tree)
1241,"['withdraw_pear', 'grip_apple']",at some time withdraw pear or grip apple,F(withdraw_pear)|grip_apple
1846,"['grab_tree', 'snatch_up_pear']",repeatedly grab tree and snatch up pear,G(F(grab_tree))&snatch_up_pear
3437,"['steal_apple', 'go_to_bucket']",at some time steal apple or go to bucket,F(steal_apple)|go_to_bucket
4293,"['grasp_apple', 'journey_to_flag']",at some time grasp apple until at any time journey to flag,F(grasp_apple)UF(journey_to_flag)
1320,"['go_by_waste_basket', 'venture_towards_house']",at any time go by waste basket or venture towards house,F(go_by_waste_basket)|venture_towards_house
1434,"['grab_tree', 'advance_to_tree']",repeatedly grab tree and advance to tree,G(F(grab_tree))&advance_to_tree
2407,"['get_to_flag', 'snatch_up_pear']","when when possible get to flag , snatch up pear",F(get_to_flag)->snatch_up_pear
2439,"['let_go_orange', 'hold_pear']",never let go orange or hold pear,G(~(let_go_orange))|hold_pear
1773,"['take_to_tree', 'go_near_flag']",take to tree and when possible go near flag,take_to_tree&F(go_near_flag)
1549,"['go_visit_flag', 'approach_house']",go visit flag means that when possible approach house,go_visit_flag->F(approach_house)
1964,"['go_by_waste_basket', 'drop_apple']",at any time go by waste basket or never drop apple,F(go_by_waste_basket)|G(~(drop_apple))
3178,"['approach_flag', 'gather_apple']",when possible approach flag or gather apple,F(approach_flag)|gather_apple
3823,"['scoop_up_apple', 'walk_near_flag']",whenever scoop up apple or whenever walk near flag,F(scoop_up_apple)|F(walk_near_flag)
3242,"['have_possession_of_apple', 'getting_pear']",when possible have possession of apple or at any time getting pear,F(have_possession_of_apple)|F(getting_pear)
5335,"['approach_flag', 'move_to_house']",at any time approach flag and move to house,F(approach_flag)&move_to_house
5371,"['going_to_tree', 'arrive_at_tree']",going to tree or at some time arrive at tree,going_to_tree|F(arrive_at_tree)
1070,"['go_to_trash_receptacle', 'proceed_to_flag']",whenever go to trash receptacle or at some time proceed to flag,F(go_to_trash_receptacle)|F(proceed_to_flag)
2911,"['procure_apple', 'touch_house']",procure apple or at some time touch house,procure_apple|F(touch_house)
3067,"['touch_tree', 'seize_orange']",at some time touch tree or whenever seize orange,F(touch_tree)|F(seize_orange)
1982,"['keep_apple', 'move_near_tree']",keep apple and whenever move near tree,keep_apple&F(move_near_tree)
1629,"['go_by_waste_bin', 'venture_towards_house']",go by waste bin or venture towards house,go_by_waste_bin|venture_towards_house
4415,"['get_orange', 'hold_onto_orange']",at some time get orange and always hold onto orange,F(get_orange)&G(hold_onto_orange)
2772,"['gather_apple', 'let_go_orange']",gather apple and never let go orange,gather_apple&G(~(let_go_orange))
2361,"['moving', 'grip_apple']",always moving or grip apple,G(moving)|grip_apple
1522,"['lay_hold_of_apple', 'visit_trash_bin']",at some time lay hold of apple or at some time visit trash bin,F(lay_hold_of_apple)|F(visit_trash_bin)
4493,"['move_to_tree', 'journey_to_flag']",move to tree or whenever journey to flag,move_to_tree|F(journey_to_flag)
1508,"['go_to_apple_trashcan', 'go_to_transh_can']",repeatedly go to apple trashcan or when possible go to transh can,G(F(go_to_apple_trashcan))|F(go_to_transh_can)
4106,"['put_in_bin', 'pass_by_house']",put in bin until whenever pass by house,put_in_binUF(pass_by_house)
1612,"['move_to_trash_can', 'contact_flag']",move to trash can and when possible contact flag,move_to_trash_can&F(contact_flag)
2661,"['journey_to_flag', 'get_apple']",whenever journey to flag or at any time get apple,F(journey_to_flag)|F(get_apple)
4215,"['go_past_house', 'drop_orange']",whenever go past house and never drop orange,F(go_past_house)&G(~(drop_orange))
1573,"['bring_pear', 'go_by_waste_basket']",when possible bring pear until whenever go by waste basket,F(bring_pear)UF(go_by_waste_basket)
1412,"['present_at_flag', 'venture_to_house']",at any time present at flag or when possible venture to house,F(present_at_flag)|F(venture_to_house)
2166,"['contact_house', 'pass_by_house']",when possible contact house or when possible pass by house,F(contact_house)|F(pass_by_house)
1537,"['have_pear', 'take_to_trashcan']",at any time have pear or take to trashcan,F(have_pear)|take_to_trashcan
5939,"['go_to_house', 'arrive_at_tree']",at some time go to house and at some time arrive at tree,F(go_to_house)&F(arrive_at_tree)
1850,"['venture_to_house', 'venture_towards_house']",at any time venture to house or venture towards house,F(venture_to_house)|venture_towards_house
1199,"['scoop_up_apple', 'go_to_peach']",whenever scoop up apple or at some time go to peach,F(scoop_up_apple)|F(go_to_peach)
5498,"['get_hold_orange', 'touch_house']",whenever get hold orange or whenever touch house,F(get_hold_orange)|F(touch_house)
3365,"['move_to_house', 'set_out_to_house']",move to house or at any time set out to house,move_to_house|F(set_out_to_house)
3598,"['go_home', 'put_in_apple_bucket']",whenever go home and put in apple bucket,F(go_home)&put_in_apple_bucket
1715,"['reach_flag', 'withhold_apple']",at some time reach flag can infer that at some time withhold apple,F(reach_flag)->F(withhold_apple)
5561,"['go_to_pear', 'touch_flag']",repeatedly go to pear and always touch flag,G(F(go_to_pear))&G(touch_flag)
1560,"['secure_apple', 'drop_apple']",secure apple or never drop apple,secure_apple|G(~(drop_apple))
2172,"['obtain_orange', 'touch_flag']",when possible obtain orange and always touch flag,F(obtain_orange)&G(touch_flag)
1264,"['lay_hold_of_apple', 'stop_by_house']",when possible lay hold of apple and at any time stop by house,F(lay_hold_of_apple)&F(stop_by_house)
2694,"['go_to_tree', 'gather_pear']",whenever go to tree or when possible gather pear,F(go_to_tree)|F(gather_pear)
2191,"['steal_apple', 'stop_by_trash_can']",whenever steal apple means that at any time stop by trash can,F(steal_apple)->F(stop_by_trash_can)
1349,"['yield_pear', 'pick_up_peach']","if whenever yield pear , at any time pick up peach",F(yield_pear)->F(pick_up_peach)
1572,"['drop_apple', 'reach_flag']",never drop apple until whenever reach flag,G(~(drop_apple))UF(reach_flag)
1498,"['drop_apple', 'get_close_tree']",never drop apple or at any time get close tree,G(~(drop_apple))|F(get_close_tree)
2766,"['go_to_peach', 'go_near_flag']",at some time go to peach or when possible go near flag,F(go_to_peach)|F(go_near_flag)
1401,"['proceed_to_tree', 'pick_up_flag']",at some time proceed to tree or pick up flag,F(proceed_to_tree)|pick_up_flag
5661,"['visit_waste_basket', 'set_out_to_house']",at some time visit waste basket or whenever set out to house,F(visit_waste_basket)|F(set_out_to_house)
1611,"['grab_hold_pear', 'move_to_trashcan']",grab hold pear and move to trashcan,grab_hold_pear&move_to_trashcan
3961,"['grab_apple', 'grasp_apple']",whenever grab apple until at any time grasp apple,F(grab_apple)UF(grasp_apple)
4850,"['go_to_pear', 'steal_apple']",repeatedly go to pear or at any time steal apple,G(F(go_to_pear))|F(steal_apple)
3355,"['go_by_flag', 'take_possession_of_bear']",whenever go by flag means that whenever take possession of bear,F(go_by_flag)->F(take_possession_of_bear)
1879,"['move_forward_trash_can', 'scoop_up_apple']",whenever move forward trash can or at any time scoop up apple,F(move_forward_trash_can)|F(scoop_up_apple)
3646,"['capture_pear', 'venture_to_trash_can']",when possible capture pear until venture to trash can,F(capture_pear)Uventure_to_trash_can
3041,"['go_to_trash_can', 'pick_up_fruit']",when possible go to trash can or pick up fruit,F(go_to_trash_can)|pick_up_fruit
1573,"['moving', 'journey_by_flag']",forever moving and whenever journey by flag,G(moving)&F(journey_by_flag)
5068,"['drop_orange', 'scoop_up_apple']",never drop orange or at any time scoop up apple,G(~(drop_orange))|F(scoop_up_apple)
5426,"['touch_house', 'journey_by_house']",whenever touch house or at any time journey by house,F(touch_house)|F(journey_by_house)
3841,"['withold_apple', 'capture_pear']",whenever withold apple and when possible capture pear,F(withold_apple)&F(capture_pear)
5331,"['get_hold_orange', 'have_possession_of_apple']",when possible get hold orange and at any time have possession of apple,F(get_hold_orange)&F(have_possession_of_apple)
1936,"['go_visit_flag', 'secure_pear']",go visit flag and whenever secure pear,go_visit_flag&F(secure_pear)
1807,"['walk_to_flag', 'let_go_apple']",at any time walk to flag or never let go apple,F(walk_to_flag)|G(~(let_go_apple))
4784,"['obtain_pear', 'have_apple']",at any time obtain pear or forever have apple,F(obtain_pear)|G(have_apple)
5991,"['drop_apple', 'walk_to_flag']",never drop apple or whenever walk to flag,G(~(drop_apple))|F(walk_to_flag)
3595,"['snatch_pear', 'steal_apple']",at some time snatch pear and whenever steal apple,F(snatch_pear)&F(steal_apple)
2323,"['travel_house', 'get_pear']",at any time travel house or at any time get pear,F(travel_house)|F(get_pear)
1938,"['spend_time_at_tree', 'make_to_flag']",at any time spend time at tree or at some time make to flag,F(spend_time_at_tree)|F(make_to_flag)
1591,"['withhold_apple', 'go_by_waste_bin']",at any time withhold apple or go by waste bin,F(withhold_apple)|go_by_waste_bin
1347,"['venture_towards_house', 'venture_towards_house']",venture towards house or venture towards house,venture_towards_house|venture_towards_house
1356,"['withhold_apple', 'go_by_waste_bin']",at any time withhold apple and go by waste bin,F(withhold_apple)&go_by_waste_bin
5196,"['seize_orange', 'go_to_tree']",at any time seize orange means that when possible go to tree,F(seize_orange)->F(go_to_tree)
3017,"['go_to_waste_basket', 'contact_flag']",repeatedly go to waste basket or whenever contact flag,G(F(go_to_waste_basket))|F(contact_flag)
3679,"['let_go_apple', 'venture_to_trash_can']",at any time let go apple means that venture to trash can,F(let_go_apple)->venture_to_trash_can
3349,"['venture_house', 'come_home']",at any time venture house or when possible come home,F(venture_house)|F(come_home)
4425,"['tax_apple', 'stop_by_trash_can']",at some time tax apple or at some time stop by trash can,F(tax_apple)|F(stop_by_trash_can)
1927,"['start_going_to_house', 'spend_time_at_tree']",when possible start going to house or at some time spend time at tree,F(start_going_to_house)|F(spend_time_at_tree)
1733,"['touch_tree', 'seize_apple']",at any time touch tree and seize apple,F(touch_tree)&seize_apple
1981,"['venture_to_house', 'secure_apple']",at some time venture to house and secure apple,F(venture_to_house)&secure_apple
1589,"['get_hold_apple', 'grasp_orange']",when possible get hold apple or grasp orange,F(get_hold_apple)|grasp_orange
2187,"['have_in_orange', 'reach_house']",forever have in orange or reach house,G(have_in_orange)|reach_house
1590,"['travel_to_apple', 'grab_hold_pear']",travel to apple until grab hold pear,travel_to_appleUgrab_hold_pear
5189,"['drop_apple', 'go_near_flag']",never drop apple and at some time go near flag,G(~(drop_apple))&F(go_near_flag)
1302,"['going_to_flag', 'go_past_flag']",when possible going to flag and at some time go past flag,F(going_to_flag)&F(go_past_flag)
2420,"['drop_apple', 'advance_to_house']",never drop apple and whenever advance to house,G(~(drop_apple))&F(advance_to_house)
2233,"['go_by_tree', 'go_to_peach']",at some time go by tree or when possible go to peach,F(go_by_tree)|F(go_to_peach)
1166,"['withdraw_pear', 'move_near_tree']",whenever withdraw pear or at some time move near tree,F(withdraw_pear)|F(move_near_tree)
1496,"['keep_apple', 'drop_pear']",keep apple until drop pear,keep_appleUdrop_pear
4301,"['touch_house', 'haul_pear']",whenever touch house or at any time haul pear,F(touch_house)|F(haul_pear)
3258,"['put_in_bin', 'drop_apple']",put in bin or never drop apple,put_in_bin|G(~(drop_apple))
2884,"['journey_to_tree', 'visit_tree']",whenever journey to tree and visit tree,F(journey_to_tree)&visit_tree
2572,"['journey_to_flag', 'collect_apple']",at any time journey to flag or whenever collect apple,F(journey_to_flag)|F(collect_apple)
2163,"['lay_hold_of_apple', 'go_to_orange_bin']",at any time lay hold of apple or go to orange bin,F(lay_hold_of_apple)|go_to_orange_bin
1656,"['venture_to_house', 'reach_flag']",at any time venture to house or at any time reach flag,F(venture_to_house)|F(reach_flag)
4650,"['move_to_house', 'tax_apple']",move to house and at some time tax apple,move_to_house&F(tax_apple)
2105,"['advance_to_tree', 'visit_trash_bin']",advance to tree or whenever visit trash bin,advance_to_tree|F(visit_trash_bin)
3060,"['journey_to_tree', 'approach_tree']",at any time journey to tree can infer that approach tree,F(journey_to_tree)->approach_tree
2054,"['come_to_tree', 'hold_on_pear']",come to tree and always hold on pear,come_to_tree&G(hold_on_pear)
2033,"['go_to_orange_bin', 'move_near_tree']",go to orange bin or at any time move near tree,go_to_orange_bin|F(move_near_tree)
1266,"['go_to_trashcan', 'get_near_flag']",at some time go to trashcan or at any time get near flag,F(go_to_trashcan)|F(get_near_flag)
5847,"['get_pear', 'stand_by_tree']",when possible get pear and whenever stand by tree,F(get_pear)&F(stand_by_tree)
1944,"['move_to_trashcan', 'drop_orange']",move to trashcan or never drop orange,move_to_trashcan|G(~(drop_orange))
1474,"['arrive_at_tree', 'take_orange']",at some time arrive at tree and take orange,F(arrive_at_tree)&take_orange
4953,"['journey_to_flag', 'grasp_orange']",whenever journey to flag and grasp orange,F(journey_to_flag)&grasp_orange
1459,"['grip_apple', 'grab_tree']",grip apple or repeatedly grab tree,grip_apple|G(F(grab_tree))
5213,"['make_contact_with_house', 'advance_to_house']",at any time make contact with house or when possible advance to house,F(make_contact_with_house)|F(advance_to_house)
1750,"['set_out_to_house', 'get_hold_orange']",at any time set out to house and at some time get hold orange,F(set_out_to_house)&F(get_hold_orange)
2252,"['let_go_orange', 'stand_by_tree']",never let go orange or at some time stand by tree,G(~(let_go_orange))|F(stand_by_tree)
4813,"['be_at_flag', 'proceed_to_tree']",at some time be at flag or at any time proceed to tree,F(be_at_flag)|F(proceed_to_tree)
3793,"['contact_house', 'move_to_trash_can']",whenever contact house or move to trash can,F(contact_house)|move_to_trash_can
3084,"['walk_to_flag', 'start_going_to_tree']",at any time walk to flag or whenever start going to tree,F(walk_to_flag)|F(start_going_to_tree)
2814,"['seize_orange', 'go_visit_flag']",when possible seize orange and go visit flag,F(seize_orange)&go_visit_flag
4510,"['set_out_to_house', 'grasp_apple']",whenever set out to house or at some time grasp apple,F(set_out_to_house)|F(grasp_apple)
5210,"['pass_by_trash_bin', 'journey_to_flag']",whenever pass by trash bin or at some time journey to flag,F(pass_by_trash_bin)|F(journey_to_flag)
5348,"['go_to_peach', 'take_to_trash_can']",at any time go to peach or take to trash can,F(go_to_peach)|take_to_trash_can
2974,"['capture_orange', 'contact_flag']",capture orange or whenever contact flag,capture_orange|F(contact_flag)
1897,"['reach_flag', 'go_by_waste_basket']",at any time reach flag and when possible go by waste basket,F(reach_flag)&F(go_by_waste_basket)
1073,"['be_near_tree', 'go_past_flag']",when possible be near tree or at some time go past flag,F(be_near_tree)|F(go_past_flag)
1844,"['spend_time_at_tree', 'hold_on_pear']",at some time spend time at tree until forever hold on pear,F(spend_time_at_tree)UG(hold_on_pear)
1405,"['venture_towards_house', 'withhold_apple']",venture towards house or when possible withhold apple,venture_towards_house|F(withhold_apple)
1640,"['move_near_tree', 'start_going_to_house']",at some time move near tree or whenever start going to house,F(move_near_tree)|F(start_going_to_house)
1209,"['gather_pear', 'drop_pear']",when possible gather pear or never drop pear,F(gather_pear)|G(~(drop_pear))
1794,"['moving', 'move_near_tree']",always moving or at some time move near tree,G(moving)|F(move_near_tree)
1935,"['get_orange', 'go_by_flag']",at any time get orange or whenever go by flag,F(get_orange)|F(go_by_flag)
1402,"['grab_hold_pear', 'get_to_flag']",grab hold pear or when possible get to flag,grab_hold_pear|F(get_to_flag)
1664,"['track_towards_tree', 'snatch_up_pear']",at any time track towards tree or snatch up pear,F(track_towards_tree)|snatch_up_pear
1960,"['journey_by_flag', 'drop_pear']",at some time journey by flag and drop pear,F(journey_by_flag)&drop_pear
2206,"['make_to_flag', 'be_in_houses_vicinity']",when possible make to flag and whenever be in house's vicinity,F(make_to_flag)&F(be_in_houses_vicinity)
1476,"['withhold_apple', 'go_by_waste_bin']",when possible withhold apple and go by waste bin,F(withhold_apple)&go_by_waste_bin
1643,"['venture_towards_house', 'bring_pear']",venture towards house or whenever bring pear,venture_towards_house|F(bring_pear)
3241,"['go_to_trash_can', 'move_forward_trash_can']","if whenever go to trash can , at some time move forward trash can",F(go_to_trash_can)->F(move_forward_trash_can)
1006,"['go_by_waste_bin', 'venture_to_house']",go by waste bin or when possible venture to house,go_by_waste_bin|F(venture_to_house)
1566,"['steal_apple', 'move_to_flag']",whenever steal apple and when possible move to flag,F(steal_apple)&F(move_to_flag)
4716,"['gather_pear', 'going_to_tree']",at some time gather pear can infer that going to tree,F(gather_pear)->going_to_tree
1434,"['withhold_apple', 'reach_flag']",whenever withhold apple or whenever reach flag,F(withhold_apple)|F(reach_flag)
2673,"['go_to_flag', 'capture_orange']",at any time go to flag means that capture orange,F(go_to_flag)->capture_orange
1413,"['bring_pear', 'withhold_apple']",at some time bring pear or at any time withhold apple,F(bring_pear)|F(withhold_apple)
1700,"['visit_trash_bin', 'go_to_apple_trashcan']",at any time visit trash bin or repeatedly go to apple trashcan,F(visit_trash_bin)|G(F(go_to_apple_trashcan))
1485,"['move_to_trashcan', 'make_to_flag']",move to trashcan or when possible make to flag,move_to_trashcan|F(make_to_flag)
1910,"['withold_apple', 'grab_orange']",at any time withold apple and when possible grab orange,F(withold_apple)&F(grab_orange)
2269,"['grasp_orange', 'travel_to_waste_bin']",grasp orange and travel to waste bin,grasp_orange&travel_to_waste_bin
2308,"['grab_hold_pear', 'approach_trash_can']",grab hold pear or approach trash can,grab_hold_pear|approach_trash_can
5128,"['yield_pear', 'hold_onto_orange']",whenever yield pear or always hold onto orange,F(yield_pear)|G(hold_onto_orange)
4679,"['go_to_pear', 'make_your_way_flag']",repeatedly go to pear and at any time make your way flag,G(F(go_to_pear))&F(make_your_way_flag)
2463,"['advance_to_tree', 'hold_on_pear']",advance to tree or forever hold on pear,advance_to_tree|G(hold_on_pear)
1687,"['venture_towards_house', 'venture_to_house']",venture towards house or at some time venture to house,venture_towards_house|F(venture_to_house)
5676,"['collect_orange', 'drop_orange']",at any time collect orange and drop orange,F(collect_orange)&drop_orange
2574,"['arrive_at_tree', 'pick_up_orange']",when possible arrive at tree and pick up orange,F(arrive_at_tree)&pick_up_orange
1285,"['start_going_to_house', 'advance_to_tree']",at any time start going to house or advance to tree,F(start_going_to_house)|advance_to_tree
1731,"['move_to_flag', 'pick_up_flag']",at any time move to flag and pick up flag,F(move_to_flag)&pick_up_flag
3544,"['gather_apple', 'visit_waste_basket']",gather apple or whenever visit waste basket,gather_apple|F(visit_waste_basket)
5455,"['visit_flag', 'pass_by_house']",when possible visit flag and at some time pass by house,F(visit_flag)&F(pass_by_house)
1555,"['travel_to_waste_bin', 'journey_by_house']",travel to waste bin can infer that at some time journey by house,travel_to_waste_bin->F(journey_by_house)
1819,"['go_by_waste_bin', 'drop_apple']",go by waste bin can infer that never drop apple,go_by_waste_bin->G(~(drop_apple))
1486,"['move_around', 'go_visit_house']",forever move around until whenever go visit house,G(move_around)UF(go_visit_house)
5558,"['pick_up_peach', 'procure_pear']",at any time pick up peach and when possible procure pear,F(pick_up_peach)&F(procure_pear)
1029,"['visit_trash_bin', 'go_to_transh_can']","if when possible visit trash bin , when possible go to transh can",F(visit_trash_bin)->F(go_to_transh_can)
1079,"['go_by_waste_bin', 'drop_apple']","if go by waste bin , never drop apple",go_by_waste_bin->G(~(drop_apple))
2839,"['touch_house', 'capture_orange']",at any time touch house or capture orange,F(touch_house)|capture_orange
1712,"['secure_apple', 'go_by_waste_basket']",secure apple and at any time go by waste basket,secure_apple&F(go_by_waste_basket)
1355,"['go_by_waste_basket', 'bring_pear']",when possible go by waste basket until when possible bring pear,F(go_by_waste_basket)UF(bring_pear)
1241,"['move_to_house', 'grasp_apple']",move to house and when possible grasp apple,move_to_house&F(grasp_apple)
1844,"['arrive_at_tree', 'get_hold_apple']",whenever arrive at tree or at any time get hold apple,F(arrive_at_tree)|F(get_hold_apple)
1056,"['drop_apple', 'present_at_flag']",never drop apple or whenever present at flag,G(~(drop_apple))|F(present_at_flag)
1185,"['go_to_trashcan', 'travel_to_apple']",at some time go to trashcan or travel to apple,F(go_to_trashcan)|travel_to_apple
4130,"['put_in_bin', 'grab_pear']",put in bin and whenever grab pear,put_in_bin&F(grab_pear)
1847,"['venture_house', 'get_apple']",at any time venture house until at any time get apple,F(venture_house)UF(get_apple)
1428,"['acquire_pear', 'take_pear']",whenever acquire pear or take pear,F(acquire_pear)|take_pear
3769,"['take_apple', 'move_past_trash_can']",take apple or at any time move past trash can,take_apple|F(move_past_trash_can)
3908,"['travel_to_flag', 'capture_orange']",at any time travel to flag and capture orange,F(travel_to_flag)&capture_orange
2183,"['make_way_waste_basket', 'drop_pear']",at any time make way waste basket or drop pear,F(make_way_waste_basket)|drop_pear
1449,"['reach_flag', 'reach_flag']",at some time reach flag and at some time reach flag,F(reach_flag)&F(reach_flag)
1012,"['pass_by_house', 'move_past_trash_can']",when possible pass by house and at any time move past trash can,F(pass_by_house)&F(move_past_trash_can)
1488,"['be_in_houses_vicinity', 'approach_trash_can']",at some time be in house's vicinity until approach trash can,F(be_in_houses_vicinity)Uapproach_trash_can
2473,"['hold_on_pear', 'drop_pear']",forever hold on pear and drop pear,G(hold_on_pear)&drop_pear
5553,"['get_hold_orange', 'stop_by_trash_can']",whenever get hold orange or at any time stop by trash can,F(get_hold_orange)|F(stop_by_trash_can)
5518,"['collect_pear', 'stop_by_flag']",collect pear or stop by flag,collect_pear|stop_by_flag
2805,"['grab_pear', 'go_by_flag']",at some time grab pear or when possible go by flag,F(grab_pear)|F(go_by_flag)
4786,"['proceed_to_flag', 'move_forward_trash_can']",at some time proceed to flag or at any time move forward trash can,F(proceed_to_flag)|F(move_forward_trash_can)
3205,"['show_yourself_near_house', 'get_apple']",whenever show yourself near house and at any time get apple,F(show_yourself_near_house)&F(get_apple)
5005,"['capture_pear', 'get_hold_apple']",whenever capture pear until whenever get hold apple,F(capture_pear)UF(get_hold_apple)
2217,"['travel_to_trash_can', 'acquire_pear']",at any time travel to trash can until when possible acquire pear,F(travel_to_trash_can)UF(acquire_pear)
1921,"['get_pear', 'proceed_to_house']",whenever get pear and at some time proceed to house,F(get_pear)&F(proceed_to_house)
4503,"['seize_apple', 'put_in_apple_bucket']",seize apple or put in apple bucket,seize_apple|put_in_apple_bucket
1199,"['present_at_flag', 'go_by_waste_bin']",at any time present at flag or go by waste bin,F(present_at_flag)|go_by_waste_bin
1101,"['approach_house', 'drop_orange']",at some time approach house or never drop orange,F(approach_house)|G(~(drop_orange))
1767,"['move', 'get_hold_of_pear']","when always move , get hold of pear",G(move)->get_hold_of_pear
5243,"['drop_orange', 'hold_pear']",drop orange and hold pear,drop_orange&hold_pear
1823,"['grab_tree', 'take_to_trashcan']",repeatedly grab tree and take to trashcan,G(F(grab_tree))&take_to_trashcan
5344,"['pass_by_house', 'journey_to_flag']",at any time pass by house or when possible journey to flag,F(pass_by_house)|F(journey_to_flag)
1617,"['secure_apple', 'withhold_apple']",secure apple and at any time withhold apple,secure_apple&F(withhold_apple)
3722,"['go_to_trash_receptacle', 'let_go_orange']",whenever go to trash receptacle and never let go orange,F(go_to_trash_receptacle)&G(~(let_go_orange))
5446,"['hold_orange', 'travel_to_house']",hold orange or when possible travel to house,hold_orange|F(travel_to_house)
1567,"['secure_apple', 'reach_flag']","when secure apple , at some time reach flag",secure_apple->F(reach_flag)
5640,"['pass_by_trash_bin', 'move_forward_trash_can']","when at any time pass by trash bin , at some time move forward trash can",F(pass_by_trash_bin)->F(move_forward_trash_can)
1796,"['put_in_apple_bucket', 'getting_pear']",put in apple bucket or at some time getting pear,put_in_apple_bucket|F(getting_pear)
4681,"['go_to_orange', 'be_at_flag']",go to orange or whenever be at flag,go_to_orange|F(be_at_flag)
3630,"['go_visit_flag', 'collect_apple']",go visit flag or whenever collect apple,go_visit_flag|F(collect_apple)
5483,"['obtain_orange', 'get_hold_orange']",at any time obtain orange and at any time get hold orange,F(obtain_orange)&F(get_hold_orange)
1693,"['move_near_tree', 'travel_to_apple']",at some time move near tree or travel to apple,F(move_near_tree)|travel_to_apple
1534,"['go_near_flag', 'let_go_apple']",at some time go near flag and never let go apple,F(go_near_flag)&G(~(let_go_apple))
1213,"['gather_apple', 'visit_house']",gather apple means that at some time visit house,gather_apple->F(visit_house)
1885,"['approach_trash_can', 'keep_apple']",approach trash can and keep apple,approach_trash_can&keep_apple
1955,"['advance_to_tree', 'move_to_trashcan']",advance to tree and move to trashcan,advance_to_tree&move_to_trashcan
1615,"['travel_by_tree', 'travel_house']",at any time travel by tree or at any time travel house,F(travel_by_tree)|F(travel_house)
2102,"['keep_apple', 'start_going_to_house']",keep apple until at any time start going to house,keep_appleUF(start_going_to_house)
5062,"['get_hold_apple', 'withold_apple']",at some time get hold apple or when possible withold apple,F(get_hold_apple)|F(withold_apple)
1343,"['go_visit_house', 'visit_flag']",whenever go visit house or at any time visit flag,F(go_visit_house)|F(visit_flag)
3106,"['travel_to_waste_bin', 'get_hold_apple']",travel to waste bin or when possible get hold apple,travel_to_waste_bin|F(get_hold_apple)
5885,"['touch_house', 'go_visit_house']",at any time touch house or at some time go visit house,F(touch_house)|F(go_visit_house)
1118,"['gather_apple', 'venture_to_trash_can']",gather apple and venture to trash can,gather_apple&venture_to_trash_can
5148,"['seize_orange', 'journey_to_tree']",whenever seize orange or at any time journey to tree,F(seize_orange)|F(journey_to_tree)
3345,"['pick_up_flag', 'go_to_waste_basket']",pick up flag or repeatedly go to waste basket,pick_up_flag|G(F(go_to_waste_basket))
2956,"['take_apple', 'have_apple']",take apple and always have apple,take_apple&G(have_apple)
1885,"['grab_orange', 'get_hold_of_orange']",whenever grab orange and when possible get hold of orange,F(grab_orange)&F(get_hold_of_orange)
4780,"['collect_pear', 'get_hold_orange']",collect pear or at any time get hold orange,collect_pear|F(get_hold_orange)
5965,"['get_to_cup', 'grasp_pear']",at any time get to cup or at any time grasp pear,F(get_to_cup)|F(grasp_pear)
4860,"['travel_to_tree', 'go_by_flag']",travel to tree until at any time go by flag,travel_to_treeUF(go_by_flag)
1714,"['pick_up_peach', 'approach_house']",when possible pick up peach or when possible approach house,F(pick_up_peach)|F(approach_house)
2039,"['tax_apple', 'gather_pear']",at any time tax apple and at some time gather pear,F(tax_apple)&F(gather_pear)
4052,"['withold_apple', 'go_to_trash_receptacle']",at some time withold apple and at any time go to trash receptacle,F(withold_apple)&F(go_to_trash_receptacle)
1717,"['go_near_house', 'spend_time_at_tree']",at any time go near house or at some time spend time at tree,F(go_near_house)|F(spend_time_at_tree)
1435,"['get_to_flag', 'get_to_flag']",whenever get to flag and when possible get to flag,F(get_to_flag)&F(get_to_flag)
1567,"['snatch_up_pear', 'make_way_waste_basket']",snatch up pear and whenever make way waste basket,snatch_up_pear&F(make_way_waste_basket)
1262,"['get_to_flag', 'keep_apple']",at some time get to flag until keep apple,F(get_to_flag)Ukeep_apple
1886,"['grip_apple', 'drop_orange']",grip apple and never drop orange,grip_apple&G(~(drop_orange))
5121,"['grab_pear', 'shift_to_flag']",whenever grab pear or whenever shift to flag,F(grab_pear)|F(shift_to_flag)
2316,"['migrate_to_tree', 'track_towards_tree']",whenever migrate to tree or when possible track towards tree,F(migrate_to_tree)|F(track_towards_tree)
2379,"['go_to_trash_can', 'scoop_up_apple']",at any time go to trash can and when possible scoop up apple,F(go_to_trash_can)&F(scoop_up_apple)
1479,"['make_way_waste_basket', 'reach_house']",when possible make way waste basket and reach house,F(make_way_waste_basket)&reach_house
2459,"['visit_tree', 'go_to_tree']",visit tree or at some time go to tree,visit_tree|F(go_to_tree)
2203,"['grab_hold_pear', 'got_to_house']",grab hold pear or when possible got to house,grab_hold_pear|F(got_to_house)
5680,"['start_going_to_tree', 'travel_to_trash_can']",at some time start going to tree or at some time travel to trash can,F(start_going_to_tree)|F(travel_to_trash_can)
1785,"['venture_flag', 'be_in_houses_vicinity']",at some time venture flag or when possible be in house's vicinity,F(venture_flag)|F(be_in_houses_vicinity)
2596,"['scoop_up_apple', 'journey_by_house']",at some time scoop up apple and at some time journey by house,F(scoop_up_apple)&F(journey_by_house)
2311,"['touch_flag', 'go_by_trash_can']",always touch flag and forever go by trash can,G(touch_flag)&G(go_by_trash_can)
4815,"['pick_up_apple', 'venture_house']",whenever pick up apple and at any time venture house,F(pick_up_apple)&F(venture_house)
2865,"['pick_up_apple', 'move_to_flag']",whenever pick up apple or when possible move to flag,F(pick_up_apple)|F(move_to_flag)
2354,"['go_to_trashcan', 'get_near_flag']",whenever go to trashcan and when possible get near flag,F(go_to_trashcan)&F(get_near_flag)
5244,"['pick_up_anything', 'travel_to_flag']",don't pick up anything means that at some time travel to flag,~(F(pick_up_anything))->F(travel_to_flag)
3071,"['approach_flag', 'reach_tree']",whenever approach flag and whenever reach tree,F(approach_flag)&F(reach_tree)
2352,"['have_pear', 'make_way_waste_basket']",whenever have pear until at some time make way waste basket,F(have_pear)UF(make_way_waste_basket)
1210,"['withhold_apple', 'bring_pear']",when possible withhold apple or whenever bring pear,F(withhold_apple)|F(bring_pear)
1593,"['start_going_to_house', 'make_way_waste_basket']",at any time start going to house and when possible make way waste basket,F(start_going_to_house)&F(make_way_waste_basket)
2507,"['walk_near_flag', 'go_visit_house']",at some time walk near flag or when possible go visit house,F(walk_near_flag)|F(go_visit_house)
3385,"['make_contact_with_house', 'get_hold_of_orange']",whenever make contact with house can infer that whenever get hold of orange,F(make_contact_with_house)->F(get_hold_of_orange)
1140,"['hold_on_to_pear', 'snatch_pear']",hold on to pear until at any time snatch pear,hold_on_to_pearUF(snatch_pear)
2302,"['go_near_pear', 'let_go_orange']",at any time go near pear or never let go orange,F(go_near_pear)|G(~(let_go_orange))
3642,"['secure_pear', 'scoop_up_pear']",at any time secure pear and whenever scoop up pear,F(secure_pear)&F(scoop_up_pear)
5760,"['come_home', 'travel_house']",at any time come home or whenever travel house,F(come_home)|F(travel_house)
1693,"['reach_tree', 'getting_pear']",when possible reach tree until whenever getting pear,F(reach_tree)UF(getting_pear)
2058,"['go_to_apple_trashcan', 'spend_time_at_tree']",repeatedly go to apple trashcan or when possible spend time at tree,G(F(go_to_apple_trashcan))|F(spend_time_at_tree)
2703,"['move_to_house', 'set_out_to_house']",move to house and when possible set out to house,move_to_house&F(set_out_to_house)
4447,"['acquire_pear', 'pick_up_flag']",whenever acquire pear until pick up flag,F(acquire_pear)Upick_up_flag
4495,"['pass_by_house', 'make_way_to_house']",whenever pass by house and repeatedly make way to house,F(pass_by_house)&G(F(make_way_to_house))
3696,"['snatch_pear', 'hold_orange']",at any time snatch pear or hold orange,F(snatch_pear)|hold_orange
4646,"['shift_to_flag', 'go_to_house']",when possible shift to flag and whenever go to house,F(shift_to_flag)&F(go_to_house)
4854,"['be_at_flag', 'pick_up_orange']",at any time be at flag or pick up orange,F(be_at_flag)|pick_up_orange
3934,"['go_to_bucket', 'go_by_house']",go to bucket means that whenever go by house,go_to_bucket->F(go_by_house)
4619,"['haul_pear', 'arrive_at_tree']",whenever haul pear and at some time arrive at tree,F(haul_pear)&F(arrive_at_tree)
1449,"['grip_apple', 'stop_by_house']",grip apple or whenever stop by house,grip_apple|F(stop_by_house)
3875,"['make_contact_flag', 'come_home']",at any time make contact flag until whenever come home,F(make_contact_flag)UF(come_home)
2433,"['drop_pear', 'withdraw_pear']",drop pear or whenever withdraw pear,drop_pear|F(withdraw_pear)
1291,"['procure_orange', 'drop_orange']",at some time procure orange and drop orange,F(procure_orange)&drop_orange
5577,"['take_possession_of_bear', 'move_to_flag']",whenever take possession of bear or at some time move to flag,F(take_possession_of_bear)|F(move_to_flag)
1345,"['move_to_tree', 'take_apple']",move to tree or take apple,move_to_tree|take_apple
2424,"['be_in_houses_vicinity', 'advance_to_tree']","when at some time be in house's vicinity , advance to tree",F(be_in_houses_vicinity)->advance_to_tree
5202,"['move_to_house', 'go_past_flag']",move to house until at some time go past flag,move_to_houseUF(go_past_flag)
3518,"['get_hold_apple', 'withold_apple']",at some time get hold apple or whenever withold apple,F(get_hold_apple)|F(withold_apple)
5117,"['proceed_to_tree', 'gather_apple']",at some time proceed to tree or gather apple,F(proceed_to_tree)|gather_apple
2448,"['hold_on_pear', 'make_way_waste_basket']",always hold on pear or when possible make way waste basket,G(hold_on_pear)|F(make_way_waste_basket)
4911,"['capture_orange', 'go_by_house']",capture orange and at some time go by house,capture_orange&F(go_by_house)
1645,"['be_in_houses_vicinity', 'grab_hold_pear']",at any time be in house's vicinity until grab hold pear,F(be_in_houses_vicinity)Ugrab_hold_pear
1118,"['venture_to_house', 'secure_apple']",whenever venture to house until secure apple,F(venture_to_house)Usecure_apple
1643,"['move_to_house', 'journey_by_house']",move to house or whenever journey by house,move_to_house|F(journey_by_house)
1564,"['drop_apple', 'go_by_waste_bin']",never drop apple or go by waste bin,G(~(drop_apple))|go_by_waste_bin
4569,"['touch_house', 'yield_pear']",whenever touch house and at any time yield pear,F(touch_house)&F(yield_pear)
1103,"['walk', 'go_to_trash_receptacle']",walk and when possible go to trash receptacle,walk&F(go_to_trash_receptacle)
1127,"['advance_to_tree', 'lay_hold_of_apple']",advance to tree and whenever lay hold of apple,advance_to_tree&F(lay_hold_of_apple)
4268,"['get_orange', 'have_possession_of_apple']",at some time get orange or at any time have possession of apple,F(get_orange)|F(have_possession_of_apple)
1707,"['hold_pear', 'reach_trash_can']",hold pear or reach trash can,hold_pear|reach_trash_can
5351,"['acquire_pear', 'stop_by_trash_can']",whenever acquire pear until at some time stop by trash can,F(acquire_pear)UF(stop_by_trash_can)
1881,"['moving', 'let_go_pear']",forever moving or do not let go pear,G(moving)|~(let_go_pear)
3012,"['travel_to_trash_can', 'take_to_tree']","when whenever travel to trash can , take to tree",F(travel_to_trash_can)->take_to_tree
1004,"['go_by_waste_bin', 'venture_to_house']",go by waste bin and when possible venture to house,go_by_waste_bin&F(venture_to_house)
1513,"['acquire_pear', 'obtain_apple']",whenever acquire pear or when possible obtain apple,F(acquire_pear)|F(obtain_apple)
1424,"['get_pear', 'get_hold_orange']",at any time get pear or whenever get hold orange,F(get_pear)|F(get_hold_orange)
3698,"['travel_to_flag', 'let_go_orange']",when possible travel to flag until never let go orange,F(travel_to_flag)UG(~(let_go_orange))
3791,"['yield_pear', 'get_close_tree']",at any time yield pear until at any time get close tree,F(yield_pear)UF(get_close_tree)
2160,"['go_near_house', 'go_to_orange_bin']",at some time go near house or go to orange bin,F(go_near_house)|go_to_orange_bin
1080,"['venture_to_house', 'withhold_apple']",at some time venture to house or at some time withhold apple,F(venture_to_house)|F(withhold_apple)
4288,"['contact_flag', 'venture_to_trash_can']",at some time contact flag and venture to trash can,F(contact_flag)&venture_to_trash_can
1267,"['go_by_waste_bin', 'drop_apple']",go by waste bin until never drop apple,go_by_waste_binUG(~(drop_apple))
1411,"['advance_to_tree', 'lay_hold_of_apple']",advance to tree and whenever lay hold of apple,advance_to_tree&F(lay_hold_of_apple)
1924,"['grab_apple', 'drop_orange']",whenever grab apple and never drop orange,F(grab_apple)&G(~(drop_orange))
3677,"['drop_by', 'be_at_house']",drop by and at any time be at house,drop_by&F(be_at_house)
2560,"['put_in_apple_bucket', 'going_to_tree']",put in apple bucket or going to tree,put_in_apple_bucket|going_to_tree
4773,"['go_to_peach', 'go_by_house']","when when possible go to peach , at some time go by house",F(go_to_peach)->F(go_by_house)
1809,"['visit_tree', 'go_past_flag']",visit tree or at some time go past flag,visit_tree|F(go_past_flag)
3172,"['gather_apple', 'take_pear']",gather apple and take pear,gather_apple&take_pear
1927,"['venture_to_house', 'venture_to_house']",when possible venture to house and at any time venture to house,F(venture_to_house)&F(venture_to_house)
2762,"['hold_apple', 'go_to_apple']",hold apple and at some time go to apple,hold_apple&F(go_to_apple)
1637,"['get_to_flag', 'go_to_transh_can']",at any time get to flag or at some time go to transh can,F(get_to_flag)|F(go_to_transh_can)
1507,"['approach_trash_can', 'snatch_up_pear']",approach trash can or snatch up pear,approach_trash_can|snatch_up_pear
2856,"['make_way_for_tree', 'grasp_pear']",at some time make way for tree or at any time grasp pear,F(make_way_for_tree)|F(grasp_pear)
5163,"['let_go_apple', 'move_past_trash_can']",at any time let go apple and whenever move past trash can,F(let_go_apple)&F(move_past_trash_can)
1010,"['keep_apple', 'grab_flag']",keep apple or whenever grab flag,keep_apple|F(grab_flag)
1455,"['venture_to_house', 'venture_to_house']",at any time venture to house or at some time venture to house,F(venture_to_house)|F(venture_to_house)
5646,"['pass_by_waste_receptacle', 'go_by_house']",at any time pass by waste receptacle means that at any time go by house,F(pass_by_waste_receptacle)->F(go_by_house)
4653,"['get_hold_of_orange', 'get_hold_orange']",at any time get hold of orange or whenever get hold orange,F(get_hold_of_orange)|F(get_hold_orange)
1912,"['have_apple', 'acquire_pear']",always have apple and at some time acquire pear,G(have_apple)&F(acquire_pear)
1373,"['secure_apple', 'withhold_apple']",secure apple and whenever withhold apple,secure_apple&F(withhold_apple)
3830,"['get_close_flag', 'capture_pear']",when possible get close flag until at any time capture pear,F(get_close_flag)UF(capture_pear)
1106,"['go_by_tree', 'grab_pear']",whenever go by tree or when possible grab pear,F(go_by_tree)|F(grab_pear)
1119,"['get_close_tree', 'obtain_pear']",at any time get close tree and whenever obtain pear,F(get_close_tree)&F(obtain_pear)
2495,"['travel_to_apple', 'clutch_orange']",travel to apple or when possible clutch orange,travel_to_apple|F(clutch_orange)
3291,"['put_in_bin', 'go_to_home']",put in bin or at any time go to home,put_in_bin|F(go_to_home)
5990,"['capture_pear', 'yield_pear']","if at any time capture pear , at any time yield pear",F(capture_pear)->F(yield_pear)
1500,"['drop_apple', 'secure_apple']",never drop apple and secure apple,G(~(drop_apple))&secure_apple
1629,"['going_to_flag', 'arrive_at_tree']",when possible going to flag and at any time arrive at tree,F(going_to_flag)&F(arrive_at_tree)
1688,"['drop_apple', 'go_by_waste_basket']",never drop apple or at some time go by waste basket,G(~(drop_apple))|F(go_by_waste_basket)
1262,"['pick_up_fruit', 'grab_orange']","when pick up fruit , at any time grab orange",pick_up_fruit->F(grab_orange)
1592,"['make_way_waste_basket', 'grip_apple']",at any time make way waste basket or grip apple,F(make_way_waste_basket)|grip_apple
5321,"['go_home', 'put_in_bin']",at some time go home or put in bin,F(go_home)|put_in_bin
3091,"['take_apple', 'move_to_tree']",take apple or move to tree,take_apple|move_to_tree
4506,"['contact_flag', 'pick_up_flag']",at some time contact flag and pick up flag,F(contact_flag)&pick_up_flag
2199,"['drop_pear', 'go_to_orange_bin']",drop pear or go to orange bin,drop_pear|go_to_orange_bin
1945,"['grab_flag', 'reach_house']",at any time grab flag or reach house,F(grab_flag)|reach_house
2651,"['approach_house', 'grasp_orange']",when possible approach house or grasp orange,F(approach_house)|grasp_orange
5025,"['grasp_apple', 'approach_house']",at any time grasp apple can infer that at any time approach house,F(grasp_apple)->F(approach_house)
1168,"['withhold_apple', 'bring_pear']",at any time withhold apple and at any time bring pear,F(withhold_apple)&F(bring_pear)
3083,"['pick_up_flag', 'seize_orange']",pick up flag or at any time seize orange,pick_up_flag|F(seize_orange)
2781,"['touch_flag', 'go_to_pear']","if forever touch flag , repeatedly go to pear",G(touch_flag)->G(F(go_to_pear))
1474,"['moving', 'drop_orange']",always moving or never drop orange,G(moving)|G(~(drop_orange))
1107,"['go_by_tree', 'get_close_tree']",when possible go by tree and when possible get close tree,F(go_by_tree)&F(get_close_tree)
4742,"['take_to_tree', 'go_to_waste_basket']",take to tree and repeatedly go to waste basket,take_to_tree&G(F(go_to_waste_basket))
2795,"['go_past_flag', 'hold_onto_orange']",whenever go past flag or always hold onto orange,F(go_past_flag)|G(hold_onto_orange)
4159,"['scoop_up_apple', 'visit_tree']",when possible scoop up apple or visit tree,F(scoop_up_apple)|visit_tree
1253,"['drop_apple', 'secure_apple']",never drop apple or secure apple,G(~(drop_apple))|secure_apple
4385,"['show_yourself_near_house', 'take_possession_of_bear']",whenever show yourself near house and when possible take possession of bear,F(show_yourself_near_house)&F(take_possession_of_bear)
1504,"['grab_tree', 'have_pear']","if repeatedly grab tree , whenever have pear",G(F(grab_tree))->F(have_pear)
1374,"['venture_to_trash_can', 'hold_pear']",venture to trash can or hold pear,venture_to_trash_can|hold_pear
2049,"['grab_flag', 'lay_hold_of_apple']",whenever grab flag or when possible lay hold of apple,F(grab_flag)|F(lay_hold_of_apple)
3604,"['travel_to_waste_bin', 'get_pear']",travel to waste bin or whenever get pear,travel_to_waste_bin|F(get_pear)
2960,"['reach_tree', 'pick_up_flag']",whenever reach tree and pick up flag,F(reach_tree)&pick_up_flag
1235,"['take_to_trashcan', 'make_way_waste_basket']","if take to trashcan , whenever make way waste basket",take_to_trashcan->F(make_way_waste_basket)
1481,"['get_to_flag', 'keep_apple']",whenever get to flag and keep apple,F(get_to_flag)&keep_apple
1732,"['present_at_flag', 'drop_apple']",when possible present at flag or never drop apple,F(present_at_flag)|G(~(drop_apple))
2359,"['grab_tree', 'be_in_houses_vicinity']",repeatedly grab tree or when possible be in house's vicinity,G(F(grab_tree))|F(be_in_houses_vicinity)
1491,"['stay', 'grab_tree']",forever stay and repeatedly grab tree,G(stay)&G(F(grab_tree))
2271,"['go_to_apple', 'move_towards_trash_can']","if at some time go to apple , move towards trash can",F(go_to_apple)->move_towards_trash_can
5282,"['reach_trash_can', 'approach_flag']",reach trash can and at some time approach flag,reach_trash_can&F(approach_flag)
1409,"['bring_pear', 'drop_apple']",whenever bring pear or never drop apple,F(bring_pear)|G(~(drop_apple))
3396,"['get_hold_of_orange', 'pick_up_peach']",at some time get hold of orange or whenever pick up peach,F(get_hold_of_orange)|F(pick_up_peach)
1538,"['move_to_house', 'drop_apple']",move to house or never drop apple,move_to_house|G(~(drop_apple))
1986,"['venture_flag', 'make_way_waste_basket']","if at any time venture flag , at any time make way waste basket",F(venture_flag)->F(make_way_waste_basket)
1943,"['stop_by_house', 'venture_flag']",when possible stop by house and whenever venture flag,F(stop_by_house)&F(venture_flag)
4709,"['collect_pear', 'go_to_tree']",collect pear and when possible go to tree,collect_pear&F(go_to_tree)
2349,"['go_to_trash_bin', 'get_hold_apple']",whenever go to trash bin or whenever get hold apple,F(go_to_trash_bin)|F(get_hold_apple)
3998,"['move_past_trash_can', 'go_visit_house']",at any time move past trash can or at any time go visit house,F(move_past_trash_can)|F(go_visit_house)
5920,"['make_contact_flag', 'collect_orange']",when possible make contact flag and at any time collect orange,F(make_contact_flag)&F(collect_orange)
2069,"['acquire_pear', 'journey_to_flag']",at any time acquire pear or whenever journey to flag,F(acquire_pear)|F(journey_to_flag)
1684,"['go_to_trashcan', 'keep_apple']",at some time go to trashcan or keep apple,F(go_to_trashcan)|keep_apple
1602,"['bring_pear', 'drop_apple']",at some time bring pear until never drop apple,F(bring_pear)UG(~(drop_apple))
4162,"['haul_pear', 'get_to_cup']",at any time haul pear or when possible get to cup,F(haul_pear)|F(get_to_cup)
5179,"['acquire_apple', 'grab_apple']","when acquire apple , at any time grab apple",acquire_apple->F(grab_apple)
1476,"['let_go_pear', 'travel_to_flag']",don't let go pear or at any time travel to flag,~(let_go_pear)|F(travel_to_flag)
4000,"['hold_pear', 'journey_by_house']",hold pear or at some time journey by house,hold_pear|F(journey_by_house)
2243,"['get_to_flag', 'advance_to_tree']",at some time get to flag and advance to tree,F(get_to_flag)&advance_to_tree
4563,"['go_to_trash_receptacle', 'pick_up_flag']",at any time go to trash receptacle or pick up flag,F(go_to_trash_receptacle)|pick_up_flag
4608,"['go_to_waste_basket', 'drop_apple']",repeatedly go to waste basket until never drop apple,G(F(go_to_waste_basket))UG(~(drop_apple))
3331,"['go_to_trash_bin', 'tax_apple']",at any time go to trash bin or at some time tax apple,F(go_to_trash_bin)|F(tax_apple)
1167,"['let_go', 'travel_to_flag']",never let go can infer that at some time travel to flag,G(~(let_go))->F(travel_to_flag)
1537,"['steal_apple', 'procure_apple']",when possible steal apple or procure apple,F(steal_apple)|procure_apple
2251,"['stand_by_tree', 'get_hold_orange']",at some time stand by tree can infer that at any time get hold orange,F(stand_by_tree)->F(get_hold_orange)
3108,"['let_go', 'set_out_to_house']",never let go and when possible set out to house,G(~(let_go))&F(set_out_to_house)
5184,"['move_to_trash_can', 'move_to_house']","if move to trash can , move to house",move_to_trash_can->move_to_house
2568,"['venture_house', 'let_go_pear']",whenever venture house or don't let go pear,F(venture_house)|~(let_go_pear)
3994,"['travel_to_trash_can', 'proceed_to_tree']",when possible travel to trash can and at any time proceed to tree,F(travel_to_trash_can)&F(proceed_to_tree)
4947,"['grab_apple', 'gather_pear']",at any time grab apple or when possible gather pear,F(grab_apple)|F(gather_pear)
1813,"['grasp_apple', 'pass_by_trash_bin']",when possible grasp apple or when possible pass by trash bin,F(grasp_apple)|F(pass_by_trash_bin)
1840,"['venture_to_house', 'reach_flag']",at some time venture to house or at any time reach flag,F(venture_to_house)|F(reach_flag)
3423,"['reach_tree', 'move_to_house']",at some time reach tree or move to house,F(reach_tree)|move_to_house
2895,"['travel_to_flag', 'get_to_cup']",when possible travel to flag and at any time get to cup,F(travel_to_flag)&F(get_to_cup)
3435,"['get_close_tree', 'travel_to_tree']",at some time get close tree or travel to tree,F(get_close_tree)|travel_to_tree
1211,"['take_to_trashcan', 'make_to_flag']",take to trashcan or at some time make to flag,take_to_trashcan|F(make_to_flag)
1953,"['contact_flag', 'move_to_flag']",whenever contact flag and at any time move to flag,F(contact_flag)&F(move_to_flag)
3746,"['go_to_home', 'journey_to_flag']",whenever go to home and when possible journey to flag,F(go_to_home)&F(journey_to_flag)
5502,"['let_go', 'contact_house']",never let go or when possible contact house,G(~(let_go))|F(contact_house)
2232,"['scoop_up_pear', 'drop_orange']",whenever scoop up pear or drop orange,F(scoop_up_pear)|drop_orange
1314,"['seize_pear', 'hold_on_to_pear']",at some time seize pear or hold on to pear,F(seize_pear)|hold_on_to_pear
1225,"['moving', 'let_go_orange']",always moving and do not let go orange,G(moving)&~(let_go_orange)
1649,"['drop_pear', 'make_way_waste_basket']",drop pear means that at some time make way waste basket,drop_pear->F(make_way_waste_basket)
5818,"['obtain_pear', 'let_go_orange']",at some time obtain pear and never let go orange,F(obtain_pear)&G(~(let_go_orange))
1797,"['travel_by_tree', 'hold_apple']",when possible travel by tree or hold apple,F(travel_by_tree)|hold_apple
1299,"['capture_pear', 'go_to_apple']",whenever capture pear and whenever go to apple,F(capture_pear)&F(go_to_apple)
1545,"['obtain_pear', 'be_at_house']",whenever obtain pear until whenever be at house,F(obtain_pear)UF(be_at_house)
4332,"['get_hold_of_pear', 'seize_pear']",get hold of pear until at any time seize pear,get_hold_of_pearUF(seize_pear)
1858,"['go_to_home', 'make_contact_flag']",at any time go to home or at some time make contact flag,F(go_to_home)|F(make_contact_flag)
4463,"['travel_by_tree', 'come_home']",at some time travel by tree and whenever come home,F(travel_by_tree)&F(come_home)
1434,"['go_to_trash_can', 'grasp_apple']",at any time go to trash can and at any time grasp apple,F(go_to_trash_can)&F(grasp_apple)
1503,"['come_to_tree', 'advance_to_tree']",come to tree or advance to tree,come_to_tree|advance_to_tree
4891,"['go_home', 'hold_onto_orange']",when possible go home or always hold onto orange,F(go_home)|G(hold_onto_orange)
3541,"['go_by_tree', 'let_go_pear']",when possible go by tree or don't let go pear,F(go_by_tree)|~(let_go_pear)
4787,"['let_go_apple', 'go_to_trash_can']",whenever let go apple until at any time go to trash can,F(let_go_apple)UF(go_to_trash_can)
2030,"['approach_trash_can', 'advance_to_tree']",approach trash can or advance to tree,approach_trash_can|advance_to_tree
4323,"['capture_orange', 'take_pear']",capture orange or take pear,capture_orange|take_pear
5267,"['reach_tree', 'get_close_tree']",at some time reach tree or at any time get close tree,F(reach_tree)|F(get_close_tree)
1405,"['have_in_orange', 'go_to_orange_bin']",forever have in orange and go to orange bin,G(have_in_orange)&go_to_orange_bin
4414,"['put_in_bucket', 'stand_by_tree']",put in bucket and at some time stand by tree,put_in_bucket&F(stand_by_tree)
1586,"['secure_apple', 'withhold_apple']",secure apple or at any time withhold apple,secure_apple|F(withhold_apple)
1975,"['got_to_house', 'go_to_apple_trashcan']",when possible got to house or repeatedly go to apple trashcan,F(got_to_house)|G(F(go_to_apple_trashcan))
1468,"['venture_to_house', 'secure_apple']",at some time venture to house or secure apple,F(venture_to_house)|secure_apple
1425,"['grab_flag', 'drop_pear']",at some time grab flag and drop pear,F(grab_flag)&drop_pear
2456,"['moving', 'clutch_orange']",forever moving or at some time clutch orange,G(moving)|F(clutch_orange)
2471,"['stop_by_flag', 'go_to_tree']",stop by flag until whenever go to tree,stop_by_flagUF(go_to_tree)
5862,"['have_apple', 'capture_pear']",always have apple or at any time capture pear,G(have_apple)|F(capture_pear)
1873,"['withdraw_pear', 'go_near_house']",when possible withdraw pear or at any time go near house,F(withdraw_pear)|F(go_near_house)
4136,"['go_to_pear', 'reach_trash_can']",repeatedly go to pear until reach trash can,G(F(go_to_pear))Ureach_trash_can
2019,"['grab_hold_pear', 'have_pear']","if grab hold pear , at any time have pear",grab_hold_pear->F(have_pear)
2857,"['proceed_to_house', 'pick_up_anything']",whenever proceed to house or don't pick up anything,F(proceed_to_house)|~(F(pick_up_anything))
3198,"['go_to_bucket', 'pass_by_house']",go to bucket or at some time pass by house,go_to_bucket|F(pass_by_house)
5979,"['set_out_to_house', 'go_to_trash_receptacle']",at some time set out to house or when possible go to trash receptacle,F(set_out_to_house)|F(go_to_trash_receptacle)
2336,"['travel_to_tree', 'approach_flag']",travel to tree and when possible approach flag,travel_to_tree&F(approach_flag)
3751,"['collect_pear', 'grab_pear']",collect pear and at some time grab pear,collect_pear&F(grab_pear)
1112,"['grab_hold_pear', 'drop_pear']",grab hold pear until drop pear,grab_hold_pearUdrop_pear
2567,"['let_go_orange', 'grasp_orange']",never let go orange and grasp orange,G(~(let_go_orange))&grasp_orange
1842,"['venture_flag', 'visit_trash_bin']","if at any time venture flag , whenever visit trash bin",F(venture_flag)->F(visit_trash_bin)
2561,"['scoop_up_apple', 'hold_onto_orange']",whenever scoop up apple or always hold onto orange,F(scoop_up_apple)|G(hold_onto_orange)
4798,"['get_hold_of_orange', 'start_going_to_tree']",at any time get hold of orange and at some time start going to tree,F(get_hold_of_orange)&F(start_going_to_tree)
2491,"['get_hold_orange', 'pick_up_anything']",at any time get hold orange and do not pick up anything,F(get_hold_orange)&~(F(pick_up_anything))
5952,"['seize_orange', 'drop_apple']",at some time seize orange and never drop apple,F(seize_orange)&G(~(drop_apple))
1350,"['secure_apple', 'reach_flag']",secure apple and when possible reach flag,secure_apple&F(reach_flag)
1979,"['go_to_house', 'pick_up_anything']",whenever go to house or do not pick up anything,F(go_to_house)|~(F(pick_up_anything))
1742,"['reach_flag', 'go_by_waste_basket']",at any time reach flag or at any time go by waste basket,F(reach_flag)|F(go_by_waste_basket)
4571,"['scoop_up_pear', 'go_visit_flag']",at any time scoop up pear or go visit flag,F(scoop_up_pear)|go_visit_flag
2788,"['obtain_orange', 'capture_orange']",whenever obtain orange and capture orange,F(obtain_orange)&capture_orange
1630,"['venture_to_house', 'withhold_apple']",at some time venture to house until at some time withhold apple,F(venture_to_house)UF(withhold_apple)
2210,"['migrate_to_tree', 'go_near_house']",when possible migrate to tree or when possible go near house,F(migrate_to_tree)|F(go_near_house)
1491,"['go_home', 'be_at_house']",whenever go home and whenever be at house,F(go_home)&F(be_at_house)
1610,"['grip_apple', 'have_in_orange']",grip apple means that forever have in orange,grip_apple->G(have_in_orange)
1351,"['secure_apple', 'bring_pear']",secure apple and at some time bring pear,secure_apple&F(bring_pear)
1798,"['migrate_to_tree', 'have_pear']",at any time migrate to tree or when possible have pear,F(migrate_to_tree)|F(have_pear)
1392,"['venture_to_house', 'present_at_flag']",at any time venture to house and when possible present at flag,F(venture_to_house)&F(present_at_flag)
5127,"['venture_to_trash_can', 'travel_by_tree']",venture to trash can or when possible travel by tree,venture_to_trash_can|F(travel_by_tree)
5861,"['visit_tree', 'acquire_apple']",visit tree until acquire apple,visit_treeUacquire_apple
4737,"['arrive_at_tree', 'take_apple']",at some time arrive at tree or take apple,F(arrive_at_tree)|take_apple
3763,"['gather_orange', 'reach_tree']",gather orange or when possible reach tree,gather_orange|F(reach_tree)
5300,"['go_to_trash_receptacle', 'put_in_bin']",whenever go to trash receptacle or put in bin,F(go_to_trash_receptacle)|put_in_bin
4995,"['go_to_tree', 'make_contact_with_house']",whenever go to tree or when possible make contact with house,F(go_to_tree)|F(make_contact_with_house)
1563,"['go_to_orange_bin', 'snag_orange']",go to orange bin or at some time snag orange,go_to_orange_bin|F(snag_orange)
1222,"['venture_flag', 'venture_flag']",whenever venture flag and whenever venture flag,F(venture_flag)&F(venture_flag)
5750,"['pick_up_apple', 'pass_by_house']",at some time pick up apple or at any time pass by house,F(pick_up_apple)|F(pass_by_house)
1141,"['go_to_trashcan', 'grip_apple']",at some time go to trashcan and grip apple,F(go_to_trashcan)&grip_apple
4367,"['get_pear', 'have_possession_of_apple']",at some time get pear or at some time have possession of apple,F(get_pear)|F(have_possession_of_apple)
5433,"['pick_up_flag', 'set_out_to_house']",pick up flag and when possible set out to house,pick_up_flag&F(set_out_to_house)
1651,"['venture_towards_house', 'drop_apple']",venture towards house and never drop apple,venture_towards_house&G(~(drop_apple))
4362,"['snatch_pear', 'venture_to_trash_can']",whenever snatch pear or venture to trash can,F(snatch_pear)|venture_to_trash_can
2612,"['pick_up_fruit', 'grasp_apple']",pick up fruit or when possible grasp apple,pick_up_fruit|F(grasp_apple)
1526,"['capture_orange', 'drop_orange']",capture orange and never drop orange,capture_orange&G(~(drop_orange))
5024,"['get_close_flag', 'walk_to_flag']",at some time get close flag or at some time walk to flag,F(get_close_flag)|F(walk_to_flag)
5374,"['touch_flag', 'go_to_pear']",forever touch flag or repeatedly go to pear,G(touch_flag)|G(F(go_to_pear))
4615,"['haul_pear', 'going_to_house']",at some time haul pear or at any time going to house,F(haul_pear)|F(going_to_house)
2035,"['move_around', 'take_to_trash_can']",always move around or take to trash can,G(move_around)|take_to_trash_can
1883,"['get_to_cup', 'go_to_trash_can']",at some time get to cup or when possible go to trash can,F(get_to_cup)|F(go_to_trash_can)
5844,"['go_near_pear', 'proceed_to_tree']",at any time go near pear or whenever proceed to tree,F(go_near_pear)|F(proceed_to_tree)
3738,"['get_hold_orange', 'acquire_orange']",whenever get hold orange until acquire orange,F(get_hold_orange)Uacquire_orange
4817,"['set_out_to_house', 'seize_orange']",at any time set out to house or at some time seize orange,F(set_out_to_house)|F(seize_orange)
1454,"['get_close_flag', 'grasp_orange']",when possible get close flag or grasp orange,F(get_close_flag)|grasp_orange
4523,"['go_visit_house', 'go_to_trash_can']",whenever go visit house until at any time go to trash can,F(go_visit_house)UF(go_to_trash_can)
4577,"['go_visit_flag', 'hold_pear']",go visit flag means that hold pear,go_visit_flag->hold_pear
1878,"['go_by_waste_bin', 'withhold_apple']",go by waste bin or whenever withhold apple,go_by_waste_bin|F(withhold_apple)
2110,"['move_to_tree', 'journey_by_house']",move to tree until at any time journey by house,move_to_treeUF(journey_by_house)
5591,"['move', 'go_to_house']",forever move or at some time go to house,G(move)|F(go_to_house)
2345,"['drop_orange', 'make_way_to_house']",drop orange and repeatedly make way to house,drop_orange&G(F(make_way_to_house))
2125,"['take_possession_of_bear', 'go_near_flag']",at some time take possession of bear and at any time go near flag,F(take_possession_of_bear)&F(go_near_flag)
5563,"['arrive_at_tree', 'drop_orange']",when possible arrive at tree until never drop orange,F(arrive_at_tree)UG(~(drop_orange))
1727,"['drop_apple', 'reach_flag']",never drop apple until at some time reach flag,G(~(drop_apple))UF(reach_flag)
4902,"['secure_pear', 'grab_apple']",at some time secure pear or when possible grab apple,F(secure_pear)|F(grab_apple)
1777,"['move_to_trashcan', 'grab_flag']",move to trashcan or at any time grab flag,move_to_trashcan|F(grab_flag)
3458,"['take_to_tree', 'travel_to_house']",take to tree until at any time travel to house,take_to_treeUF(travel_to_house)
2250,"['get_pear', 'touch_flag']",at some time get pear and forever touch flag,F(get_pear)&G(touch_flag)
1697,"['let_go_pear', 'go_to_trashcan']","if do not let go pear , at any time go to trashcan",~(let_go_pear)->F(go_to_trashcan)
4243,"['go_past_house', 'get_apple']",whenever go past house or whenever get apple,F(go_past_house)|F(get_apple)
5383,"['procure_orange', 'obtain_pear']",at some time procure orange or whenever obtain pear,F(procure_orange)|F(obtain_pear)
1423,"['go_to_tree', 'travel_by_tree']",at some time go to tree or at any time travel by tree,F(go_to_tree)|F(travel_by_tree)
2330,"['take_to_trashcan', 'take_to_trashcan']",take to trashcan or take to trashcan,take_to_trashcan|take_to_trashcan
1536,"['grip_apple', 'approach_trash_can']",grip apple until approach trash can,grip_appleUapproach_trash_can
4044,"['seize_apple', 'go_to_bucket']",seize apple and go to bucket,seize_apple&go_to_bucket
5421,"['visit_tree', 'travel_to_tree']",visit tree and travel to tree,visit_tree&travel_to_tree
1171,"['drop_orange', 'start_going_to_tree']",never drop orange and when possible start going to tree,G(~(drop_orange))&F(start_going_to_tree)
2771,"['reach_trash_can', 'pick_up_apple']",reach trash can or at any time pick up apple,reach_trash_can|F(pick_up_apple)
1517,"['present_at_flag', 'venture_towards_house']",when possible present at flag or venture towards house,F(present_at_flag)|venture_towards_house
2011,"['spend_time_at_tree', 'grab_tree']",at any time spend time at tree or repeatedly grab tree,F(spend_time_at_tree)|G(F(grab_tree))
1880,"['getting_pear', 'secure_pear']",whenever getting pear or whenever secure pear,F(getting_pear)|F(secure_pear)
1561,"['come_home', 'make_contact_with_house']",at any time come home or at any time make contact with house,F(come_home)|F(make_contact_with_house)
1126,"['snatch_up_pear', 'lay_hold_of_apple']",snatch up pear or at some time lay hold of apple,snatch_up_pear|F(lay_hold_of_apple)
4148,"['walk', 'contact_house']",walk or at any time contact house,walk|F(contact_house)
4857,"['journey_to_tree', 'gather_apple']","if whenever journey to tree , gather apple",F(journey_to_tree)->gather_apple
1614,"['move_near_tree', 'have_in_orange']",whenever move near tree and always have in orange,F(move_near_tree)&G(have_in_orange)
3284,"['scoop_up_pear', 'go_visit_house']",at some time scoop up pear and when possible go visit house,F(scoop_up_pear)&F(go_visit_house)
3477,"['touch_tree', 'go_past_house']",at some time touch tree or at some time go past house,F(touch_tree)|F(go_past_house)
4214,"['visit_tree', 'steal_apple']",visit tree or at some time steal apple,visit_tree|F(steal_apple)
1697,"['gather_apple', 'get_pear']",gather apple until at any time get pear,gather_appleUF(get_pear)
1018,"['make_way_waste_basket', 'be_in_houses_vicinity']",at some time make way waste basket and at some time be in house's vicinity,F(make_way_waste_basket)&F(be_in_houses_vicinity)
1709,"['migrate_to_tree', 'move_near_tree']",at any time migrate to tree or at some time move near tree,F(migrate_to_tree)|F(move_near_tree)
1784,"['grab_hold_pear', 'make_way_waste_basket']",grab hold pear or whenever make way waste basket,grab_hold_pear|F(make_way_waste_basket)
2264,"['grab_flag', 'reach_house']",at some time grab flag or reach house,F(grab_flag)|reach_house
2543,"['obtain_orange', 'go_by_trash_can']",when possible obtain orange and always go by trash can,F(obtain_orange)&G(go_by_trash_can)
1361,"['go_by_waste_basket', 'venture_towards_house']",when possible go by waste basket or venture towards house,F(go_by_waste_basket)|venture_towards_house
1922,"['bring_pear', 'drop_apple']",whenever bring pear and never drop apple,F(bring_pear)&G(~(drop_apple))
1979,"['go_to_trashcan', 'grab_tree']",whenever go to trashcan or repeatedly grab tree,F(go_to_trashcan)|G(F(grab_tree))
3578,"['pick_up_flag', 'shift_to_flag']",pick up flag or at any time shift to flag,pick_up_flag|F(shift_to_flag)
4484,"['drop_apple', 'advance_to_house']",never drop apple or whenever advance to house,G(~(drop_apple))|F(advance_to_house)
2905,"['venture_house', 'visit_waste_basket']",at some time venture house and at some time visit waste basket,F(venture_house)&F(visit_waste_basket)
1557,"['withdraw_pear', 'go_to_trashcan']",when possible withdraw pear or when possible go to trashcan,F(withdraw_pear)|F(go_to_trashcan)
1816,"['capture_orange', 'go_to_flag']",capture orange and whenever go to flag,capture_orange&F(go_to_flag)
1858,"['travel_to_apple', 'move_near_tree']",travel to apple or at some time move near tree,travel_to_apple|F(move_near_tree)
1396,"['journey_to_tree', 'shift_to_flag']",at some time journey to tree or at some time shift to flag,F(journey_to_tree)|F(shift_to_flag)
2486,"['journey_by_house', 'hold_onto_orange']",when possible journey by house or always hold onto orange,F(journey_by_house)|G(hold_onto_orange)
1923,"['touch_flag', 'gather_orange']",always touch flag until gather orange,G(touch_flag)Ugather_orange
1801,"['obtain_pear', 'go_to_flag']",at any time obtain pear and at any time go to flag,F(obtain_pear)&F(go_to_flag)
1331,"['contact_flag', 'go_past_house']",when possible contact flag or at some time go past house,F(contact_flag)|F(go_past_house)
2263,"['pick_up_orange', 'going_to_flag']",pick up orange until at any time going to flag,pick_up_orangeUF(going_to_flag)
3515,"['move_to_flag', 'put_in_bucket']",at any time move to flag or put in bucket,F(move_to_flag)|put_in_bucket
4678,"['obtain_pear', 'journey_by_house']",whenever obtain pear until at some time journey by house,F(obtain_pear)UF(journey_by_house)
1359,"['lay_hold_of_apple', 'snag_orange']","if at any time lay hold of apple , when possible snag orange",F(lay_hold_of_apple)->F(snag_orange)
5003,"['arrive_at_tree', 'take_to_trash_can']","if when possible arrive at tree , take to trash can",F(arrive_at_tree)->take_to_trash_can
4169,"['grasp_apple', 'go_to_bucket']",when possible grasp apple and go to bucket,F(grasp_apple)&go_to_bucket
5629,"['touch_flag', 'contact_house']",forever touch flag or at any time contact house,G(touch_flag)|F(contact_house)
1144,"['clutch_orange', 'spend_time_at_tree']",when possible clutch orange or at any time spend time at tree,F(clutch_orange)|F(spend_time_at_tree)
4140,"['move_past_trash_can', 'take_orange']",when possible move past trash can or take orange,F(move_past_trash_can)|take_orange
5077,"['getting_pear', 'walk_near_flag']",when possible getting pear and at some time walk near flag,F(getting_pear)&F(walk_near_flag)
3092,"['journey_to_flag', 'be_at_house']",at some time journey to flag and whenever be at house,F(journey_to_flag)&F(be_at_house)
5259,"['move_to_trash_can', 'get_pear']",move to trash can means that whenever get pear,move_to_trash_can->F(get_pear)
3008,"['seize_orange', 'haul_pear']",when possible seize orange and at any time haul pear,F(seize_orange)&F(haul_pear)
2373,"['lay_hold_of_apple', 'stop_by_house']",whenever lay hold of apple means that when possible stop by house,F(lay_hold_of_apple)->F(stop_by_house)
5730,"['make_way_for_tree', 'move_past_trash_can']",at some time make way for tree and when possible move past trash can,F(make_way_for_tree)&F(move_past_trash_can)
1968,"['approach_trash_can', 'grab_tree']",approach trash can until repeatedly grab tree,approach_trash_canUG(F(grab_tree))
3498,"['acquire_pear', 'journey_by_house']",at some time acquire pear or at any time journey by house,F(acquire_pear)|F(journey_by_house)
1580,"['present_at_flag', 'bring_pear']",whenever present at flag and whenever bring pear,F(present_at_flag)&F(bring_pear)
1448,"['move_to_trash_can', 'gather_pear']",move to trash can or when possible gather pear,move_to_trash_can|F(gather_pear)
2656,"['go_to_peach', 'get_close_tree']",whenever go to peach or at some time get close tree,F(go_to_peach)|F(get_close_tree)
1731,"['take_to_trashcan', 'take_to_trashcan']",take to trashcan or take to trashcan,take_to_trashcan|take_to_trashcan
5634,"['drop_by', 'go_to_flag']",drop by or whenever go to flag,drop_by|F(go_to_flag)
2285,"['grab_tree', 'snatch_up_pear']",repeatedly grab tree and snatch up pear,G(F(grab_tree))&snatch_up_pear
5159,"['go_to_orange', 'pass_by_waste_receptacle']","when go to orange , when possible pass by waste receptacle",go_to_orange->F(pass_by_waste_receptacle)
3147,"['procure_apple', 'gather_pear']",procure apple and whenever gather pear,procure_apple&F(gather_pear)
4822,"['pass_by_house', 'yield_pear']",at any time pass by house or at some time yield pear,F(pass_by_house)|F(yield_pear)
5701,"['go_to_home', 'reach_trash_can']",whenever go to home until reach trash can,F(go_to_home)Ureach_trash_can
4741,"['pick_up_apple', 'get_apple']",when possible pick up apple or whenever get apple,F(pick_up_apple)|F(get_apple)
3819,"['go_visit_flag', 'capture_pear']",go visit flag and whenever capture pear,go_visit_flag&F(capture_pear)
3018,"['snatch_pear', 'put_in_apple_bucket']",at any time snatch pear and put in apple bucket,F(snatch_pear)&put_in_apple_bucket
1404,"['drop_apple', 'present_at_flag']",never drop apple and when possible present at flag,G(~(drop_apple))&F(present_at_flag)
3308,"['travel_by_tree', 'come_home']",when possible travel by tree and at any time come home,F(travel_by_tree)&F(come_home)
5468,"['go_by_house', 'acquire_apple']",at any time go by house or acquire apple,F(go_by_house)|acquire_apple
4507,"['going_to_house', 'be_near_tree']",at some time going to house and at some time be near tree,F(going_to_house)&F(be_near_tree)
4031,"['scoop_up_pear', 'take_apple']",at some time scoop up pear or take apple,F(scoop_up_pear)|take_apple
5795,"['go_to_trash_bin', 'venture_to_trash_can']",at any time go to trash bin or venture to trash can,F(go_to_trash_bin)|venture_to_trash_can
1312,"['bring_pear', 'go_by_waste_bin']",at any time bring pear until go by waste bin,F(bring_pear)Ugo_by_waste_bin
5654,"['walk', 'acquire_orange']",walk until acquire orange,walkUacquire_orange
1109,"['secure_apple', 'go_by_waste_basket']",secure apple and at some time go by waste basket,secure_apple&F(go_by_waste_basket)
5152,"['shift_to_flag', 'secure_pear']",whenever shift to flag can infer that when possible secure pear,F(shift_to_flag)->F(secure_pear)
1743,"['got_to_house', 'drop_pear']",at some time got to house or drop pear,F(got_to_house)|drop_pear
4186,"['go_to_pear', 'go_to_trash_receptacle']",repeatedly go to pear until at some time go to trash receptacle,G(F(go_to_pear))UF(go_to_trash_receptacle)
3000,"['hold_on_to_pear', 'go_by_trash_can']",hold on to pear or forever go by trash can,hold_on_to_pear|G(go_by_trash_can)
1198,"['obtain_orange', 'yield_pear']",when possible obtain orange or when possible yield pear,F(obtain_orange)|F(yield_pear)
4054,"['let_go_orange', 'go_to_trash_can']",never let go orange and at some time go to trash can,G(~(let_go_orange))&F(go_to_trash_can)
1366,"['go_by_waste_basket', 'go_by_waste_basket']",whenever go by waste basket until at any time go by waste basket,F(go_by_waste_basket)UF(go_by_waste_basket)
2084,"['haul_pear', 'advance_to_house']",at any time haul pear or at some time advance to house,F(haul_pear)|F(advance_to_house)
1167,"['have_pear', 'drop_orange']",at some time have pear or never drop orange,F(have_pear)|G(~(drop_orange))
3623,"['get_hold_orange', 'visit_waste_basket']",when possible get hold orange and whenever visit waste basket,F(get_hold_orange)&F(visit_waste_basket)
4823,"['take_to_trash_can', 'take_apple']",take to trash can and take apple,take_to_trash_can&take_apple
4077,"['going_to_house', 'travel_to_trash_can']",at any time going to house or at some time travel to trash can,F(going_to_house)|F(travel_to_trash_can)
2505,"['go_by_flag', 'be_at_flag']",when possible go by flag or at some time be at flag,F(go_by_flag)|F(be_at_flag)
4959,"['yield_pear', 'go_to_apple']",when possible yield pear or whenever go to apple,F(yield_pear)|F(go_to_apple)
2241,"['stop_by_house', 'venture_flag']",when possible stop by house or at some time venture flag,F(stop_by_house)|F(venture_flag)
1464,"['venture_towards_house', 'present_at_flag']",venture towards house means that whenever present at flag,venture_towards_house->F(present_at_flag)
1329,"['present_at_flag', 'secure_apple']",at some time present at flag and secure apple,F(present_at_flag)&secure_apple
1772,"['go_by_waste_basket', 'go_by_waste_bin']",at some time go by waste basket and go by waste bin,F(go_by_waste_basket)&go_by_waste_bin
3197,"['get_hold_apple', 'be_at_house']",at any time get hold apple or at any time be at house,F(get_hold_apple)|F(be_at_house)
5776,"['procure_orange', 'shift_to_flag']",whenever procure orange until when possible shift to flag,F(procure_orange)UF(shift_to_flag)
1643,"['grab_flag', 'migrate_to_tree']",at any time grab flag or at any time migrate to tree,F(grab_flag)|F(migrate_to_tree)
2115,"['get_to_tree', 'snag_orange']",get to tree or when possible snag orange,get_to_tree|F(snag_orange)
2129,"['go_to_pear', 'secure_pear']",repeatedly go to pear and at any time secure pear,G(F(go_to_pear))&F(secure_pear)
1755,"['bring_pear', 'reach_flag']",at any time bring pear until at some time reach flag,F(bring_pear)UF(reach_flag)
1726,"['present_at_flag', 'go_by_waste_basket']",whenever present at flag or whenever go by waste basket,F(present_at_flag)|F(go_by_waste_basket)
2167,"['move_near_tree', 'reach_house']",at some time move near tree or reach house,F(move_near_tree)|reach_house
2480,"['advance_to_tree', 'have_pear']",advance to tree and at some time have pear,advance_to_tree&F(have_pear)
1305,"['be_near_tree', 'journey_to_house']",whenever be near tree or at some time journey to house,F(be_near_tree)|F(journey_to_house)
1426,"['stand_by_tree', 'hold_pear']",at any time stand by tree or hold pear,F(stand_by_tree)|hold_pear
1133,"['venture_to_house', 'bring_pear']",when possible venture to house or at some time bring pear,F(venture_to_house)|F(bring_pear)
2261,"['keep_apple', 'get_to_flag']",keep apple or whenever get to flag,keep_apple|F(get_to_flag)
3835,"['travel_by_tree', 'go_by_tree']",at any time travel by tree or when possible go by tree,F(travel_by_tree)|F(go_by_tree)
1608,"['lay_hold_of_apple', 'snatch_up_pear']",whenever lay hold of apple and snatch up pear,F(lay_hold_of_apple)&snatch_up_pear
1275,"['seize_pear', 'secure_pear']",whenever seize pear or when possible secure pear,F(seize_pear)|F(secure_pear)
1385,"['venture_to_house', 'venture_towards_house']",when possible venture to house means that venture towards house,F(venture_to_house)->venture_towards_house
1117,"['bring_pear', 'withhold_apple']",at any time bring pear and when possible withhold apple,F(bring_pear)&F(withhold_apple)
5904,"['make_way_to_house', 'come_home']",repeatedly make way to house or when possible come home,G(F(make_way_to_house))|F(come_home)
3653,"['seize_pear', 'go_to_house']",at any time seize pear until whenever go to house,F(seize_pear)UF(go_to_house)
2626,"['visit_flag', 'stop_by_flag']",at some time visit flag or stop by flag,F(visit_flag)|stop_by_flag
4426,"['travel_house', 'collect_pear']",at some time travel house and collect pear,F(travel_house)&collect_pear
5899,"['gather_orange', 'be_near_tree']",gather orange or at any time be near tree,gather_orange|F(be_near_tree)
1825,"['make_contact_flag', 'show_yourself_near_house']",at some time make contact flag or when possible show yourself near house,F(make_contact_flag)|F(show_yourself_near_house)
1861,"['take_to_trashcan', 'let_go_orange']",take to trashcan or do not let go orange,take_to_trashcan|~(let_go_orange)
2613,"['grasp_apple', 'grasp_pear']",whenever grasp apple until whenever grasp pear,F(grasp_apple)UF(grasp_pear)
3347,"['make_contact_flag', 'drop_orange']",when possible make contact flag means that never drop orange,F(make_contact_flag)->G(~(drop_orange))
2458,"['get_near_flag', 'get_to_flag']",at any time get near flag and at any time get to flag,F(get_near_flag)&F(get_to_flag)
2898,"['put_in_apple_bucket', 'be_near_tree']",put in apple bucket and when possible be near tree,put_in_apple_bucket&F(be_near_tree)
2008,"['come_to_tree', 'start_going_to_house']",come to tree means that at some time start going to house,come_to_tree->F(start_going_to_house)
2145,"['snag_orange', 'let_go_pear']",whenever snag orange or don't let go pear,F(snag_orange)|~(let_go_pear)
1216,"['grab_flag', 'drop_pear']",when possible grab flag or drop pear,F(grab_flag)|drop_pear
1423,"['have_in_orange', 'drop_pear']",forever have in orange or drop pear,G(have_in_orange)|drop_pear
1597,"['drop_apple', 'venture_to_house']",never drop apple or at some time venture to house,G(~(drop_apple))|F(venture_to_house)
4336,"['drop_orange', 'go_to_pear']",drop orange means that repeatedly go to pear,drop_orange->G(F(go_to_pear))
1527,"['withhold_apple', 'bring_pear']",at any time withhold apple until at some time bring pear,F(withhold_apple)UF(bring_pear)
1705,"['get_hold_of_orange', 'getting_pear']",at any time get hold of orange and at some time getting pear,F(get_hold_of_orange)&F(getting_pear)
3488,"['obtain_pear', 'journey_by_house']","if at some time obtain pear , whenever journey by house",F(obtain_pear)->F(journey_by_house)
2867,"['get_hold_of_orange', 'go_by_tree']",whenever get hold of orange or at some time go by tree,F(get_hold_of_orange)|F(go_by_tree)
4043,"['gather_orange', 'go_by_tree']",gather orange or at any time go by tree,gather_orange|F(go_by_tree)
5448,"['gather_apple', 'reach_trash_can']",gather apple and reach trash can,gather_apple&reach_trash_can
1360,"['go_by_waste_basket', 'present_at_flag']",at some time go by waste basket or at some time present at flag,F(go_by_waste_basket)|F(present_at_flag)
1888,"['be_in_houses_vicinity', 'got_to_house']",at any time be in house's vicinity or at any time got to house,F(be_in_houses_vicinity)|F(got_to_house)
1547,"['pick_up_pear', 'hold_apple']",pick up pear and hold apple,pick_up_pear&hold_apple
2282,"['drop_orange', 'spend_time_at_tree']",never drop orange or at any time spend time at tree,G(~(drop_orange))|F(spend_time_at_tree)
3159,"['get_close_tree', 'steal_apple']",whenever get close tree until at any time steal apple,F(get_close_tree)UF(steal_apple)
5916,"['hold_apple', 'go_to_pear']",hold apple and repeatedly go to pear,hold_apple&G(F(go_to_pear))
1863,"['journey_by_flag', 'let_go_orange']","when whenever journey by flag , do not let go orange",F(journey_by_flag)->~(let_go_orange)
4120,"['go_to_bucket', 'advance_to_house']",go to bucket means that at any time advance to house,go_to_bucket->F(advance_to_house)
1581,"['make_way_waste_basket', 'grab_flag']",when possible make way waste basket and at any time grab flag,F(make_way_waste_basket)&F(grab_flag)
2435,"['visit_trash_bin', 'go_near_house']",at any time visit trash bin or when possible go near house,F(visit_trash_bin)|F(go_near_house)
2171,"['touch_flag', 'proceed_to_tree']",forever touch flag or at any time proceed to tree,G(touch_flag)|F(proceed_to_tree)
1812,"['get_near_flag', 'snag_orange']",at some time get near flag and when possible snag orange,F(get_near_flag)&F(snag_orange)
3739,"['go_by_house', 'drop_orange']",when possible go by house or never drop orange,F(go_by_house)|G(~(drop_orange))
2208,"['take_to_tree', 'travel_to_trash_can']",take to tree or at some time travel to trash can,take_to_tree|F(travel_to_trash_can)
1570,"['go_by_waste_bin', 'bring_pear']",go by waste bin or at any time bring pear,go_by_waste_bin|F(bring_pear)
3748,"['haul_pear', 'pass_by_trash_bin']",when possible haul pear and whenever pass by trash bin,F(haul_pear)&F(pass_by_trash_bin)
1398,"['make_way_waste_basket', 'go_to_transh_can']",at some time make way waste basket and when possible go to transh can,F(make_way_waste_basket)&F(go_to_transh_can)
3955,"['contact_flag', 'go_to_house']",at some time contact flag or whenever go to house,F(contact_flag)|F(go_to_house)
5435,"['grasp_pear', 'pick_up_fruit']",when possible grasp pear and pick up fruit,F(grasp_pear)&pick_up_fruit
2524,"['show_yourself_near_house', 'visit_house']",whenever show yourself near house and when possible visit house,F(show_yourself_near_house)&F(visit_house)
1377,"['approach_trash_can', 'get_to_flag']",approach trash can and whenever get to flag,approach_trash_can&F(get_to_flag)
1295,"['bring_pear', 'drop_apple']",at any time bring pear or never drop apple,F(bring_pear)|G(~(drop_apple))
1136,"['have_possession_of_apple', 'go_to_trash_can']",whenever have possession of apple and when possible go to trash can,F(have_possession_of_apple)&F(go_to_trash_can)
2363,"['acquire_pear', 'getting_pear']",when possible acquire pear until whenever getting pear,F(acquire_pear)UF(getting_pear)
2778,"['walk', 'pass_by_waste_receptacle']",walk or when possible pass by waste receptacle,walk|F(pass_by_waste_receptacle)
2662,"['move_to_trash_can', 'withold_apple']",move to trash can and whenever withold apple,move_to_trash_can&F(withold_apple)
2109,"['snatch_pear', 'snatch_pear']",when possible snatch pear and at some time snatch pear,F(snatch_pear)&F(snatch_pear)
2535,"['collect_apple', 'go_visit_house']",at some time collect apple or at any time go visit house,F(collect_apple)|F(go_visit_house)
2916,"['put_in_bucket', 'get_to_cup']",put in bucket and when possible get to cup,put_in_bucket&F(get_to_cup)
5066,"['journey_to_flag', 'put_in_bin']",whenever journey to flag or put in bin,F(journey_to_flag)|put_in_bin
4464,"['going_to_house', 'reach_tree']",at some time going to house or at some time reach tree,F(going_to_house)|F(reach_tree)
3179,"['go_to_trash_bin', 'pick_up_orange']",at some time go to trash bin until pick up orange,F(go_to_trash_bin)Upick_up_orange
1143,"['journey_by_flag', 'advance_to_tree']",whenever journey by flag or advance to tree,F(journey_by_flag)|advance_to_tree
1856,"['present_at_flag', 'withhold_apple']",whenever present at flag until at some time withhold apple,F(present_at_flag)UF(withhold_apple)
5204,"['stop_by_flag', 'move_towards_trash_can']",stop by flag or move towards trash can,stop_by_flag|move_towards_trash_can
1447,"['go_to_transh_can', 'snatch_up_pear']",when possible go to transh can or snatch up pear,F(go_to_transh_can)|snatch_up_pear
4135,"['go_near_pear', 'start_going_to_tree']",at any time go near pear and at any time start going to tree,F(go_near_pear)&F(start_going_to_tree)
1853,"['visit_trash_bin', 'reach_house']","if at some time visit trash bin , reach house",F(visit_trash_bin)->reach_house
1511,"['start_going_to_house', 'go_near_house']",at some time start going to house and at some time go near house,F(start_going_to_house)&F(go_near_house)
3487,"['tax_apple', 'approach_house']",at some time tax apple means that when possible approach house,F(tax_apple)->F(approach_house)
1092,"['keep_apple', 'migrate_to_tree']",keep apple until at any time migrate to tree,keep_appleUF(migrate_to_tree)
2455,"['seize_apple', 'hold_pear']",seize apple or hold pear,seize_apple|hold_pear
1874,"['go_to_trash_can', 'set_out_to_house']",at some time go to trash can or whenever set out to house,F(go_to_trash_can)|F(set_out_to_house)
2286,"['go_to_peach', 'advance_to_house']",at any time go to peach means that at any time advance to house,F(go_to_peach)->F(advance_to_house)
1088,"['gather_apple', 'go_to_pear']",gather apple and repeatedly go to pear,gather_apple&G(F(go_to_pear))
5728,"['stop_by_flag', 'get_to_cup']",stop by flag or at any time get to cup,stop_by_flag|F(get_to_cup)
1769,"['spend_time_at_tree', 'have_in_orange']",at some time spend time at tree until forever have in orange,F(spend_time_at_tree)UG(have_in_orange)
1542,"['drop_apple', 'venture_to_house']",never drop apple or at some time venture to house,G(~(drop_apple))|F(venture_to_house)
1302,"['drop_orange', 'spend_time_at_tree']","when never drop orange , when possible spend time at tree",G(~(drop_orange))->F(spend_time_at_tree)
1822,"['track_towards_tree', 'move_near_tree']",at some time track towards tree or whenever move near tree,F(track_towards_tree)|F(move_near_tree)
2526,"['scoop_up_apple', 'take_to_trash_can']",at some time scoop up apple and take to trash can,F(scoop_up_apple)&take_to_trash_can
1653,"['travel_by_tree', 'grab_orange']",at some time travel by tree and when possible grab orange,F(travel_by_tree)&F(grab_orange)
1061,"['let_go', 'grasp_apple']",never let go and at any time grasp apple,G(~(let_go))&F(grasp_apple)
2891,"['journey_to_tree', 'let_go_apple']",at some time journey to tree or at some time let go apple,F(journey_to_tree)|F(let_go_apple)
1585,"['drop_orange', 'move_to_trashcan']",never drop orange or move to trashcan,G(~(drop_orange))|move_to_trashcan
1185,"['venture_to_house', 'bring_pear']","if at any time venture to house , at some time bring pear",F(venture_to_house)->F(bring_pear)
1102,"['bring_pear', 'withhold_apple']",at some time bring pear and whenever withhold apple,F(bring_pear)&F(withhold_apple)
2388,"['snag_orange', 'go_to_orange_bin']","when at any time snag orange , go to orange bin",F(snag_orange)->go_to_orange_bin
5756,"['move_forward_trash_can', 'go_to_home']",at any time move forward trash can or at any time go to home,F(move_forward_trash_can)|F(go_to_home)
5889,"['put_in_apple_bucket', 'touch_house']",put in apple bucket or whenever touch house,put_in_apple_bucket|F(touch_house)
1560,"['be_at_flag', 'make_way_for_tree']",at some time be at flag or when possible make way for tree,F(be_at_flag)|F(make_way_for_tree)
3280,"['getting_pear', 'hold_orange']",at some time getting pear and hold orange,F(getting_pear)&hold_orange
1737,"['venture_to_house', 'withhold_apple']",at any time venture to house until at any time withhold apple,F(venture_to_house)UF(withhold_apple)
1312,"['advance_to_tree', 'have_in_orange']",advance to tree or forever have in orange,advance_to_tree|G(have_in_orange)
5076,"['move_to_house', 'travel_to_trash_can']",move to house until at some time travel to trash can,move_to_houseUF(travel_to_trash_can)
5856,"['procure_apple', 'let_go_apple']",procure apple or never let go apple,procure_apple|G(~(let_go_apple))
2756,"['get_apple', 'hold_orange']",when possible get apple until hold orange,F(get_apple)Uhold_orange
1164,"['go_to_waste_basket', 'capture_pear']",repeatedly go to waste basket or whenever capture pear,G(F(go_to_waste_basket))|F(capture_pear)
1364,"['make_your_way_flag', 'travel_to_waste_bin']",whenever make your way flag and travel to waste bin,F(make_your_way_flag)&travel_to_waste_bin
1497,"['withhold_apple', 'go_by_waste_basket']",at some time withhold apple and at any time go by waste basket,F(withhold_apple)&F(go_by_waste_basket)
2477,"['visit_waste_basket', 'seize_pear']",at any time visit waste basket or whenever seize pear,F(visit_waste_basket)|F(seize_pear)
3931,"['come_home', 'get_hold_of_pear']",at any time come home and get hold of pear,F(come_home)&get_hold_of_pear
2910,"['touch_tree', 'move_towards_trash_can']",when possible touch tree or move towards trash can,F(touch_tree)|move_towards_trash_can
1546,"['go_near_house', 'go_to_trashcan']",whenever go near house and whenever go to trashcan,F(go_near_house)&F(go_to_trashcan)
4121,"['walk_near_flag', 'collect_apple']",at some time walk near flag or at some time collect apple,F(walk_near_flag)|F(collect_apple)
1448,"['venture_towards_house', 'withhold_apple']",venture towards house can infer that at any time withhold apple,venture_towards_house->F(withhold_apple)
5739,"['walk_to_flag', 'hold_orange']",at some time walk to flag and hold orange,F(walk_to_flag)&hold_orange
2429,"['obtain_orange', 'touch_flag']",at any time obtain orange and forever touch flag,F(obtain_orange)&G(touch_flag)
1103,"['snag_orange', 'journey_by_flag']","if whenever snag orange , when possible journey by flag",F(snag_orange)->F(journey_by_flag)
4949,"['snatch_pear', 'proceed_to_tree']",when possible snatch pear or whenever proceed to tree,F(snatch_pear)|F(proceed_to_tree)
1535,"['let_go', 'take_apple']","if never let go , take apple",G(~(let_go))->take_apple
5296,"['secure_pear', 'be_at_flag']",when possible secure pear means that whenever be at flag,F(secure_pear)->F(be_at_flag)
4437,"['take_pear', 'go_by_flag']",take pear or when possible go by flag,take_pear|F(go_by_flag)
4498,"['approach_flag', 'drop_apple']",at some time approach flag or never drop apple,F(approach_flag)|G(~(drop_apple))
1999,"['venture_to_flag', 'travel_to_house']",at some time venture to flag or whenever travel to house,F(venture_to_flag)|F(travel_to_house)
5999,"['drop_apple', 'go_to_trash_can']",never drop apple and at any time go to trash can,G(~(drop_apple))&F(go_to_trash_can)
1376,"['travel_to_apple', 'spend_time_at_tree']",travel to apple until whenever spend time at tree,travel_to_appleUF(spend_time_at_tree)
1057,"['secure_apple', 'present_at_flag']",secure apple or at some time present at flag,secure_apple|F(present_at_flag)
1916,"['lay_hold_of_apple', 'lay_hold_of_apple']",whenever lay hold of apple and whenever lay hold of apple,F(lay_hold_of_apple)&F(lay_hold_of_apple)
4736,"['approach_tree', 'journey_to_house']",approach tree and at some time journey to house,approach_tree&F(journey_to_house)
4533,"['obtain_orange', 'go_past_house']",whenever obtain orange and whenever go past house,F(obtain_orange)&F(go_past_house)
5996,"['collect_pear', 'capture_pear']",collect pear or whenever capture pear,collect_pear|F(capture_pear)
1892,"['snatch_up_pear', 'lay_hold_of_apple']",snatch up pear or at some time lay hold of apple,snatch_up_pear|F(lay_hold_of_apple)
4809,"['go_past_house', 'grab_apple']",whenever go past house or whenever grab apple,F(go_past_house)|F(grab_apple)
5903,"['make_way_for_tree', 'visit_house']",when possible make way for tree means that when possible visit house,F(make_way_for_tree)->F(visit_house)
4380,"['show_yourself_near_house', 'travel_to_trash_can']",when possible show yourself near house and whenever travel to trash can,F(show_yourself_near_house)&F(travel_to_trash_can)
1210,"['go_to_trashcan', 'travel_to_apple']",when possible go to trashcan and travel to apple,F(go_to_trashcan)&travel_to_apple
2475,"['tax_apple', 'approach_house']",at some time tax apple and whenever approach house,F(tax_apple)&F(approach_house)
1685,"['get_to_flag', 'get_near_flag']",whenever get to flag or when possible get near flag,F(get_to_flag)|F(get_near_flag)
1166,"['get_close_tree', 'put_in_apple_bucket']",whenever get close tree until put in apple bucket,F(get_close_tree)Uput_in_apple_bucket
5252,"['hold_pear', 'put_in_apple_bucket']",hold pear and put in apple bucket,hold_pear&put_in_apple_bucket
3976,"['venture_house', 'grasp_pear']",at some time venture house or when possible grasp pear,F(venture_house)|F(grasp_pear)
5045,"['proceed_to_flag', 'gather_apple']",when possible proceed to flag or gather apple,F(proceed_to_flag)|gather_apple
1097,"['present_at_flag', 'present_at_flag']",at some time present at flag or at some time present at flag,F(present_at_flag)|F(present_at_flag)
1098,"['present_at_flag', 'present_at_flag']",whenever present at flag and at any time present at flag,F(present_at_flag)&F(present_at_flag)
1775,"['go_by_waste_basket', 'withhold_apple']",at some time go by waste basket can infer that at any time withhold apple,F(go_by_waste_basket)->F(withhold_apple)
3057,"['acquire_orange', 'pick_up_fruit']",acquire orange or pick up fruit,acquire_orange|pick_up_fruit
2002,"['acquire_apple', 'be_near_tree']",acquire apple and whenever be near tree,acquire_apple&F(be_near_tree)
2750,"['grab_apple', 'pass_by_house']",when possible grab apple or whenever pass by house,F(grab_apple)|F(pass_by_house)
1280,"['go_near_house', 'move_near_tree']",at some time go near house or when possible move near tree,F(go_near_house)|F(move_near_tree)
1533,"['secure_apple', 'drop_apple']",secure apple or never drop apple,secure_apple|G(~(drop_apple))
3031,"['venture_to_waste_basket', 'let_go_pear']",at any time venture to waste basket or do not let go pear,F(venture_to_waste_basket)|~(let_go_pear)
5268,"['go_to_pear', 'make_way_for_tree']",repeatedly go to pear or at some time make way for tree,G(F(go_to_pear))|F(make_way_for_tree)
2494,"['take_to_trash_can', 'get_hold_of_pear']",take to trash can or get hold of pear,take_to_trash_can|get_hold_of_pear
1890,"['make_way_waste_basket', 'stop_by_house']",at any time make way waste basket or at some time stop by house,F(make_way_waste_basket)|F(stop_by_house)
1992,"['venture_towards_house', 'bring_pear']",venture towards house or when possible bring pear,venture_towards_house|F(bring_pear)
1097,"['gather_pear', 'go_to_trash_bin']",at some time gather pear and at some time go to trash bin,F(gather_pear)&F(go_to_trash_bin)
1794,"['go_by_waste_basket', 'secure_apple']",at any time go by waste basket or secure apple,F(go_by_waste_basket)|secure_apple
1660,"['make_way_waste_basket', 'take_to_trashcan']",at any time make way waste basket or take to trashcan,F(make_way_waste_basket)|take_to_trashcan
4358,"['go_to_peach', 'go_to_trash_can']",at any time go to peach or when possible go to trash can,F(go_to_peach)|F(go_to_trash_can)
1793,"['drop_apple', 'reach_flag']",never drop apple or when possible reach flag,G(~(drop_apple))|F(reach_flag)
1084,"['go_by_waste_bin', 'drop_apple']",go by waste bin or never drop apple,go_by_waste_bin|G(~(drop_apple))
2736,"['drop_apple', 'pick_up_peach']",never drop apple or when possible pick up peach,G(~(drop_apple))|F(pick_up_peach)
1197,"['go_to_bucket', 'make_way_for_tree']",go to bucket and at some time make way for tree,go_to_bucket&F(make_way_for_tree)
1279,"['drop_apple', 'reach_flag']",never drop apple and at some time reach flag,G(~(drop_apple))&F(reach_flag)
2134,"['approach_trash_can', 'grip_apple']",approach trash can or grip apple,approach_trash_can|grip_apple
2219,"['visit_trash_bin', 'move_to_trashcan']",when possible visit trash bin or move to trashcan,F(visit_trash_bin)|move_to_trashcan
4272,"['contact_house', 'pick_up_orange']",whenever contact house and pick up orange,F(contact_house)&pick_up_orange
4105,"['going_to_tree', 'travel_to_flag']",going to tree until at any time travel to flag,going_to_treeUF(travel_to_flag)
2368,"['visit_tree', 'seize_orange']",visit tree and at some time seize orange,visit_tree&F(seize_orange)
1998,"['present_at_flag', 'secure_apple']",at some time present at flag or secure apple,F(present_at_flag)|secure_apple
2025,"['scoop_up_pear', 'go_near_flag']",when possible scoop up pear or when possible go near flag,F(scoop_up_pear)|F(go_near_flag)
5070,"['let_go', 'touch_tree']",never let go and when possible touch tree,G(~(let_go))&F(touch_tree)
4234,"['hold_apple', 'visit_flag']",hold apple or whenever visit flag,hold_apple|F(visit_flag)
2717,"['come_home', 'go_near_pear']",when possible come home and at any time go near pear,F(come_home)&F(go_near_pear)
2871,"['venture_to_flag', 'travel_by_tree']",at any time venture to flag or whenever travel by tree,F(venture_to_flag)|F(travel_by_tree)
5311,"['obtain_apple', 'procure_apple']",at some time obtain apple and procure apple,F(obtain_apple)&procure_apple
3903,"['move_to_trash_can', 'journey_to_house']",move to trash can and at some time journey to house,move_to_trash_can&F(journey_to_house)
4522,"['secure_pear', 'collect_orange']",whenever secure pear or at any time collect orange,F(secure_pear)|F(collect_orange)
3145,"['have_possession_of_apple', 'shift_to_flag']",at some time have possession of apple until at any time shift to flag,F(have_possession_of_apple)UF(shift_to_flag)
5275,"['visit_tree', 'pass_by_house']",visit tree can infer that at some time pass by house,visit_tree->F(pass_by_house)
1329,"['obtain_orange', 'move_past_trash_can']",at any time obtain orange and whenever move past trash can,F(obtain_orange)&F(move_past_trash_can)
1788,"['take_orange', 'make_contact_with_house']",take orange or when possible make contact with house,take_orange|F(make_contact_with_house)
4347,"['travel_to_waste_bin', 'pick_up_flag']",travel to waste bin or pick up flag,travel_to_waste_bin|pick_up_flag
3787,"['travel_by_tree', 'visit_house']",whenever travel by tree and when possible visit house,F(travel_by_tree)&F(visit_house)
4985,"['get_orange', 'getting_pear']",at any time get orange or whenever getting pear,F(get_orange)|F(getting_pear)
2158,"['go_by_trash_can', 'grasp_apple']",always go by trash can or when possible grasp apple,G(go_by_trash_can)|F(grasp_apple)
1289,"['go_by_waste_bin', 'secure_apple']",go by waste bin or secure apple,go_by_waste_bin|secure_apple
1300,"['withhold_apple', 'go_by_waste_basket']",whenever withhold apple or at any time go by waste basket,F(withhold_apple)|F(go_by_waste_basket)
1620,"['contact_house', 'go_by_house']",when possible contact house or at any time go by house,F(contact_house)|F(go_by_house)
1171,"['moving', 'make_to_flag']",always moving or when possible make to flag,G(moving)|F(make_to_flag)
5023,"['hold_pear', 'hold_pear']",hold pear or hold pear,hold_pear|hold_pear
3152,"['advance_to_house', 'proceed_to_flag']",when possible advance to house and at any time proceed to flag,F(advance_to_house)&F(proceed_to_flag)
1976,"['let_go_pear', 'got_to_house']",do not let go pear and whenever got to house,~(let_go_pear)&F(got_to_house)
1302,"['drop_apple', 'drop_apple']",never drop apple and never drop apple,G(~(drop_apple))&G(~(drop_apple))
2499,"['visit_flag', 'go_to_flag']",when possible visit flag and at some time go to flag,F(visit_flag)&F(go_to_flag)
1016,"['move_around', 'drop_orange']",forever move around or never drop orange,G(move_around)|G(~(drop_orange))
4300,"['move_to_trash_can', 'go_to_peach']",move to trash can or at any time go to peach,move_to_trash_can|F(go_to_peach)
1145,"['contact_house', 'venture_to_flag']",whenever contact house and when possible venture to flag,F(contact_house)&F(venture_to_flag)
1316,"['go_by_waste_basket', 'secure_apple']",at some time go by waste basket or secure apple,F(go_by_waste_basket)|secure_apple
1958,"['withhold_apple', 'drop_apple']","if at some time withhold apple , never drop apple",F(withhold_apple)->G(~(drop_apple))
1270,"['present_at_flag', 'secure_apple']",whenever present at flag or secure apple,F(present_at_flag)|secure_apple
5303,"['make_contact_flag', 'be_near_tree']",whenever make contact flag or at some time be near tree,F(make_contact_flag)|F(be_near_tree)
2925,"['come_home', 'make_contact_with_house']",at some time come home or at some time make contact with house,F(come_home)|F(make_contact_with_house)
4206,"['travel_to_house', 'scoop_up_pear']",at some time travel to house can infer that at some time scoop up pear,F(travel_to_house)->F(scoop_up_pear)
2082,"['get_to_tree', 'go_to_apple_trashcan']",get to tree and repeatedly go to apple trashcan,get_to_tree&G(F(go_to_apple_trashcan))
1231,"['venture_towards_house', 'go_by_waste_basket']",venture towards house or whenever go by waste basket,venture_towards_house|F(go_by_waste_basket)
2190,"['get_to_tree', 'come_to_tree']",get to tree or come to tree,get_to_tree|come_to_tree
3813,"['get_close_tree', 'secure_pear']",when possible get close tree and at any time secure pear,F(get_close_tree)&F(secure_pear)
1248,"['grab_hold_pear', 'keep_apple']",grab hold pear and keep apple,grab_hold_pear&keep_apple
1618,"['withhold_apple', 'venture_towards_house']",when possible withhold apple or venture towards house,F(withhold_apple)|venture_towards_house
1857,"['stay', 'come_to_tree']",always stay and come to tree,G(stay)&come_to_tree
1997,"['drop_pear', 'move_to_trashcan']",drop pear and move to trashcan,drop_pear&move_to_trashcan
5743,"['withold_apple', 'get_apple']",when possible withold apple or when possible get apple,F(withold_apple)|F(get_apple)
3566,"['drop_orange', 'get_close_tree']",never drop orange and whenever get close tree,G(~(drop_orange))&F(get_close_tree)
1478,"['withhold_apple', 'withhold_apple']",when possible withhold apple and at some time withhold apple,F(withhold_apple)&F(withhold_apple)
5780,"['proceed_to_tree', 'get_apple']",when possible proceed to tree until whenever get apple,F(proceed_to_tree)UF(get_apple)
2823,"['proceed_to_tree', 'gather_apple']",whenever proceed to tree or gather apple,F(proceed_to_tree)|gather_apple
1614,"['go_by_waste_bin', 'secure_apple']",go by waste bin and secure apple,go_by_waste_bin&secure_apple
1144,"['grab_apple', 'go_to_trash_receptacle']",at any time grab apple and at some time go to trash receptacle,F(grab_apple)&F(go_to_trash_receptacle)
3584,"['drop_by', 'journey_to_tree']",drop by and at some time journey to tree,drop_by&F(journey_to_tree)
2281,"['withdraw_pear', 'go_to_apple_trashcan']",when possible withdraw pear or repeatedly go to apple trashcan,F(withdraw_pear)|G(F(go_to_apple_trashcan))
3102,"['go_to_house', 'get_close_flag']",whenever go to house or at any time get close flag,F(go_to_house)|F(get_close_flag)
1881,"['reach_flag', 'venture_towards_house']",whenever reach flag and venture towards house,F(reach_flag)&venture_towards_house
3871,"['venture_to_waste_basket', 'drop_orange']",when possible venture to waste basket and drop orange,F(venture_to_waste_basket)&drop_orange
1452,"['journey_by_flag', 'go_to_orange_bin']",at some time journey by flag or go to orange bin,F(journey_by_flag)|go_to_orange_bin
1219,"['get_to_cup', 'go_by_tree']",when possible get to cup and at any time go by tree,F(get_to_cup)&F(go_by_tree)
2201,"['be_in_houses_vicinity', 'snag_orange']",whenever be in house's vicinity or at any time snag orange,F(be_in_houses_vicinity)|F(snag_orange)
4290,"['move_past_trash_can', 'go_to_house']",at some time move past trash can and at any time go to house,F(move_past_trash_can)&F(go_to_house)
1857,"['venture_towards_house', 'reach_flag']",venture towards house means that whenever reach flag,venture_towards_house->F(reach_flag)
5789,"['touch_flag', 'go_to_trash_receptacle']",forever touch flag and at any time go to trash receptacle,G(touch_flag)&F(go_to_trash_receptacle)
3440,"['go_to_waste_basket', 'take_apple']",repeatedly go to waste basket can infer that take apple,G(F(go_to_waste_basket))->take_apple
3203,"['snatch_pear', 'contact_house']",whenever snatch pear or at any time contact house,F(snatch_pear)|F(contact_house)
4841,"['make_way_for_tree', 'visit_waste_basket']",when possible make way for tree and at some time visit waste basket,F(make_way_for_tree)&F(visit_waste_basket)
5650,"['get_close_tree', 'procure_pear']",at some time get close tree and when possible procure pear,F(get_close_tree)&F(procure_pear)
1678,"['go_by_waste_basket', 'venture_towards_house']",when possible go by waste basket until venture towards house,F(go_by_waste_basket)Uventure_towards_house
1201,"['arrive_at_tree', 'grab_pear']",at any time arrive at tree and at some time grab pear,F(arrive_at_tree)&F(grab_pear)
1595,"['take_to_trashcan', 'venture_flag']",take to trashcan until when possible venture flag,take_to_trashcanUF(venture_flag)
5338,"['acquire_orange', 'reach_trash_can']",acquire orange or reach trash can,acquire_orange|reach_trash_can
5143,"['pass_by_house', 'gather_apple']",whenever pass by house until gather apple,F(pass_by_house)Ugather_apple
1456,"['pass_by_waste_receptacle', 'stop_by_trash_can']",at some time pass by waste receptacle until when possible stop by trash can,F(pass_by_waste_receptacle)UF(stop_by_trash_can)
4201,"['haul_pear', 'withold_apple']",at some time haul pear or at any time withold apple,F(haul_pear)|F(withold_apple)
1899,"['go_by_waste_bin', 'secure_apple']",go by waste bin or secure apple,go_by_waste_bin|secure_apple
1250,"['get_to_flag', 'journey_by_flag']",whenever get to flag or at any time journey by flag,F(get_to_flag)|F(journey_by_flag)
5520,"['pass_by_house', 'travel_to_flag']",at some time pass by house and whenever travel to flag,F(pass_by_house)&F(travel_to_flag)
3501,"['drop_orange', 'drop_orange']",never drop orange and drop orange,G(~(drop_orange))&drop_orange
2607,"['be_at_flag', 'get_close_flag']",at any time be at flag or at some time get close flag,F(be_at_flag)|F(get_close_flag)
5380,"['hold_apple', 'pick_up_anything']",hold apple or don't pick up anything,hold_apple|~(F(pick_up_anything))
4580,"['venture_to_trash_can', 'reach_tree']",venture to trash can or when possible reach tree,venture_to_trash_can|F(reach_tree)
5649,"['make_contact_flag', 'take_apple']",when possible make contact flag or take apple,F(make_contact_flag)|take_apple
4112,"['collect_apple', 'scoop_up_apple']",when possible collect apple and when possible scoop up apple,F(collect_apple)&F(scoop_up_apple)
3219,"['hold_on_to_pear', 'reach_tree']",hold on to pear and when possible reach tree,hold_on_to_pear&F(reach_tree)
4938,"['walk', 'seize_orange']",walk or at some time seize orange,walk|F(seize_orange)
4766,"['acquire_apple', 'getting_pear']",acquire apple or whenever getting pear,acquire_apple|F(getting_pear)
2036,"['go_to_bucket', 'hold_orange']",go to bucket or hold orange,go_to_bucket|hold_orange
1918,"['approach_house', 'go_to_trash_can']",at any time approach house or whenever go to trash can,F(approach_house)|F(go_to_trash_can)
5851,"['pick_up_apple', 'grab_apple']",at any time pick up apple and whenever grab apple,F(pick_up_apple)&F(grab_apple)
1936,"['let_go_pear', 'journey_by_flag']",do not let go pear or when possible journey by flag,~(let_go_pear)|F(journey_by_flag)
1523,"['drop_apple', 'drop_apple']",never drop apple or never drop apple,G(~(drop_apple))|G(~(drop_apple))
2122,"['snatch_pear', 'visit_waste_basket']",at some time snatch pear or at some time visit waste basket,F(snatch_pear)|F(visit_waste_basket)
1100,"['let_go_orange', 'reach_house']",do not let go orange or reach house,~(let_go_orange)|reach_house
1671,"['make_to_flag', 'migrate_to_tree']",when possible make to flag or whenever migrate to tree,F(make_to_flag)|F(migrate_to_tree)
2143,"['take_to_trashcan', 'hold_on_pear']",take to trashcan or always hold on pear,take_to_trashcan|G(hold_on_pear)
2214,"['got_to_house', 'drop_orange']",at some time got to house or never drop orange,F(got_to_house)|G(~(drop_orange))
1487,"['venture_to_flag', 'yield_pear']",at some time venture to flag and whenever yield pear,F(venture_to_flag)&F(yield_pear)
1575,"['go_by_waste_bin', 'bring_pear']",go by waste bin until when possible bring pear,go_by_waste_binUF(bring_pear)
3464,"['gather_apple', 'go_home']",gather apple and at any time go home,gather_apple&F(go_home)
1587,"['present_at_flag', 'secure_apple']",when possible present at flag and secure apple,F(present_at_flag)&secure_apple
1413,"['go_by_flag', 'acquire_pear']",at some time go by flag or whenever acquire pear,F(go_by_flag)|F(acquire_pear)
1577,"['put_in_apple_bucket', 'get_orange']",put in apple bucket and at any time get orange,put_in_apple_bucket&F(get_orange)
2344,"['let_go_orange', 'go_to_transh_can']",do not let go orange and at some time go to transh can,~(let_go_orange)&F(go_to_transh_can)
4411,"['advance_to_house', 'travel_to_house']",when possible advance to house or whenever travel to house,F(advance_to_house)|F(travel_to_house)
1861,"['get_close_flag', 'capture_pear']",at any time get close flag or at any time capture pear,F(get_close_flag)|F(capture_pear)
1980,"['snatch_up_pear', 'stop_by_house']",snatch up pear or at any time stop by house,snatch_up_pear|F(stop_by_house)
5890,"['venture_to_waste_basket', 'let_go_pear']",when possible venture to waste basket and do not let go pear,F(venture_to_waste_basket)&~(let_go_pear)
2992,"['venture_house', 'get_pear']",whenever venture house or at any time get pear,F(venture_house)|F(get_pear)
4851,"['get_hold_apple', 'be_at_flag']",at any time get hold apple and at some time be at flag,F(get_hold_apple)&F(be_at_flag)
5363,"['approach_house', 'steal_apple']",whenever approach house and whenever steal apple,F(approach_house)&F(steal_apple)
2341,"['get_near_flag', 'grip_apple']",whenever get near flag or grip apple,F(get_near_flag)|grip_apple
3087,"['start_going_to_tree', 'gather_pear']",at any time start going to tree means that when possible gather pear,F(start_going_to_tree)->F(gather_pear)
2936,"['visit_waste_basket', 'visit_house']","when at some time visit waste basket , whenever visit house",F(visit_waste_basket)->F(visit_house)
4597,"['proceed_to_tree', 'make_way_for_tree']",whenever proceed to tree or at any time make way for tree,F(proceed_to_tree)|F(make_way_for_tree)
4589,"['scoop_up_apple', 'show_yourself_near_house']",whenever scoop up apple and whenever show yourself near house,F(scoop_up_apple)&F(show_yourself_near_house)
3175,"['move_forward_trash_can', 'have_apple']",when possible move forward trash can and forever have apple,F(move_forward_trash_can)&G(have_apple)
2292,"['advance_to_tree', 'clutch_orange']",advance to tree or at some time clutch orange,advance_to_tree|F(clutch_orange)
1011,"['go_visit_house', 'pick_up_fruit']",when possible go visit house or pick up fruit,F(go_visit_house)|pick_up_fruit
1432,"['go_by_waste_basket', 'go_by_waste_basket']",when possible go by waste basket and whenever go by waste basket,F(go_by_waste_basket)&F(go_by_waste_basket)
5975,"['venture_to_flag', 'drop_apple']",at some time venture to flag or never drop apple,F(venture_to_flag)|G(~(drop_apple))
1301,"['come_home', 'proceed_to_tree']",when possible come home and when possible proceed to tree,F(come_home)&F(proceed_to_tree)
5093,"['go_past_house', 'make_way_to_house']",at some time go past house or repeatedly make way to house,F(go_past_house)|G(F(make_way_to_house))
1164,"['hold_on_pear', 'approach_trash_can']",always hold on pear and approach trash can,G(hold_on_pear)&approach_trash_can
4553,"['contact_house', 'let_go_apple']",at any time contact house or never let go apple,F(contact_house)|G(~(let_go_apple))
5878,"['move_around', 'drop_orange']",forever move around and never drop orange,G(move_around)&G(~(drop_orange))
4310,"['hold_apple', 'reach_tree']",hold apple and at any time reach tree,hold_apple&F(reach_tree)
1704,"['keep_apple', 'have_pear']",keep apple or at any time have pear,keep_apple|F(have_pear)
5998,"['let_go', 'gather_apple']",never let go or gather apple,G(~(let_go))|gather_apple
3634,"['get_apple', 'travel_to_tree']",whenever get apple or travel to tree,F(get_apple)|travel_to_tree
1828,"['moving', 'stop_by_house']","if forever moving , at some time stop by house",G(moving)->F(stop_by_house)
1876,"['keep_apple', 'got_to_house']","if keep apple , whenever got to house",keep_apple->F(got_to_house)
1402,"['go_by_waste_basket', 'secure_apple']",when possible go by waste basket can infer that secure apple,F(go_by_waste_basket)->secure_apple
5942,"['proceed_to_tree', 'grab_pear']",when possible proceed to tree and at any time grab pear,F(proceed_to_tree)&F(grab_pear)
4810,"['put_in_bin', 'go_home']",put in bin until when possible go home,put_in_binUF(go_home)
1049,"['got_to_house', 'go_to_trashcan']",whenever got to house and whenever go to trashcan,F(got_to_house)&F(go_to_trashcan)
5301,"['tax_apple', 'have_possession_of_apple']",at any time tax apple or at any time have possession of apple,F(tax_apple)|F(have_possession_of_apple)
4913,"['obtain_orange', 'move_to_tree']",whenever obtain orange and move to tree,F(obtain_orange)&move_to_tree
2827,"['approach_house', 'reach_tree']",at some time approach house or at some time reach tree,F(approach_house)|F(reach_tree)
1230,"['go_to_transh_can', 'reach_house']",at any time go to transh can and reach house,F(go_to_transh_can)&reach_house
4544,"['contact_house', 'get_hold_orange']",whenever contact house or at any time get hold orange,F(contact_house)|F(get_hold_orange)
4351,"['procure_orange', 'contact_flag']",when possible procure orange or at any time contact flag,F(procure_orange)|F(contact_flag)
4968,"['proceed_to_tree', 'withold_apple']",at some time proceed to tree and when possible withold apple,F(proceed_to_tree)&F(withold_apple)
4275,"['go_to_house', 'hold_on_to_pear']",at any time go to house or hold on to pear,F(go_to_house)|hold_on_to_pear
5231,"['venture_house', 'go_to_trash_bin']",whenever venture house until when possible go to trash bin,F(venture_house)UF(go_to_trash_bin)
5316,"['venture_house', 'venture_to_flag']",when possible venture house and at some time venture to flag,F(venture_house)&F(venture_to_flag)
4708,"['hold_on_to_pear', 'let_go_apple']",hold on to pear or never let go apple,hold_on_to_pear|G(~(let_go_apple))
3693,"['go_to_bucket', 'go_visit_flag']",go to bucket or go visit flag,go_to_bucket|go_visit_flag
1574,"['reach_flag', 'go_by_waste_bin']",at some time reach flag until go by waste bin,F(reach_flag)Ugo_by_waste_bin
3922,"['hold_orange', 'go_to_house']",hold orange or when possible go to house,hold_orange|F(go_to_house)
3795,"['tax_apple', 'go_visit_house']",at some time tax apple or when possible go visit house,F(tax_apple)|F(go_visit_house)
4670,"['venture_to_trash_can', 'go_to_flag']",venture to trash can or at some time go to flag,venture_to_trash_can|F(go_to_flag)
1007,"['grip_apple', 'stop_by_house']",grip apple or at any time stop by house,grip_apple|F(stop_by_house)
3480,"['grasp_pear', 'obtain_apple']",at some time grasp pear can infer that at any time obtain apple,F(grasp_pear)->F(obtain_apple)
2631,"['secure_pear', 'walk_near_flag']",when possible secure pear and at any time walk near flag,F(secure_pear)&F(walk_near_flag)
1163,"['clutch_orange', 'drop_pear']",when possible clutch orange and drop pear,F(clutch_orange)&drop_pear
2340,"['be_at_flag', 'get_orange']",whenever be at flag until whenever get orange,F(be_at_flag)UF(get_orange)
2860,"['hold_pear', 'yield_pear']",hold pear or whenever yield pear,hold_pear|F(yield_pear)
1321,"['go_by_waste_bin', 'secure_apple']",go by waste bin or secure apple,go_by_waste_bin|secure_apple
3380,"['capture_pear', 'pick_up_peach']",when possible capture pear or at some time pick up peach,F(capture_pear)|F(pick_up_peach)
1512,"['withhold_apple', 'reach_flag']",at any time withhold apple or at any time reach flag,F(withhold_apple)|F(reach_flag)
2296,"['go_past_flag', 'go_to_orange']",whenever go past flag or go to orange,F(go_past_flag)|go_to_orange
5581,"['move_past_trash_can', 'get_close_flag']",at some time move past trash can and at any time get close flag,F(move_past_trash_can)&F(get_close_flag)
1920,"['start_going_to_house', 'grab_flag']",when possible start going to house can infer that when possible grab flag,F(start_going_to_house)->F(grab_flag)
1995,"['collect_orange', 'approach_tree']",when possible collect orange until approach tree,F(collect_orange)Uapproach_tree
5945,"['get_hold_of_orange', 'come_home']",when possible get hold of orange and at some time come home,F(get_hold_of_orange)&F(come_home)
4655,"['seize_pear', 'go_by_tree']",whenever seize pear until whenever go by tree,F(seize_pear)UF(go_by_tree)
3186,"['acquire_apple', 'journey_to_flag']",acquire apple and at some time journey to flag,acquire_apple&F(journey_to_flag)
2184,"['track_towards_tree', 'approach_trash_can']",whenever track towards tree and approach trash can,F(track_towards_tree)&approach_trash_can
2887,"['go_home', 'go_home']",whenever go home and when possible go home,F(go_home)&F(go_home)
2538,"['drop_orange', 'venture_house']",never drop orange and at any time venture house,G(~(drop_orange))&F(venture_house)
3920,"['pick_up_flag', 'collect_pear']",pick up flag or collect pear,pick_up_flag|collect_pear
1339,"['reach_house', 'got_to_house']",reach house or when possible got to house,reach_house|F(got_to_house)
1844,"['withhold_apple', 'withhold_apple']",when possible withhold apple and when possible withhold apple,F(withhold_apple)&F(withhold_apple)
2558,"['touch_house', 'contact_house']",at any time touch house and at some time contact house,F(touch_house)&F(contact_house)
1198,"['bring_pear', 'withhold_apple']",at any time bring pear and at some time withhold apple,F(bring_pear)&F(withhold_apple)
4132,"['be_at_flag', 'procure_pear']",at some time be at flag and when possible procure pear,F(be_at_flag)&F(procure_pear)
2617,"['approach_house', 'take_pear']",when possible approach house and take pear,F(approach_house)&take_pear
3426,"['haul_pear', 'go_by_house']","if at some time haul pear , when possible go by house",F(haul_pear)->F(go_by_house)
1728,"['go_by_waste_bin', 'bring_pear']",go by waste bin or at any time bring pear,go_by_waste_bin|F(bring_pear)
1770,"['venture_to_house', 'secure_apple']",at some time venture to house and secure apple,F(venture_to_house)&secure_apple
3853,"['travel_house', 'approach_house']",whenever travel house or whenever approach house,F(travel_house)|F(approach_house)
2671,"['pass_by_waste_receptacle', 'drop_apple']",whenever pass by waste receptacle or never drop apple,F(pass_by_waste_receptacle)|G(~(drop_apple))
1581,"['bring_pear', 'present_at_flag']",when possible bring pear or at some time present at flag,F(bring_pear)|F(present_at_flag)
5588,"['go_near_flag', 'venture_house']",at any time go near flag or at some time venture house,F(go_near_flag)|F(venture_house)
4078,"['drop_pear', 'have_possession_of_apple']",never drop pear or at any time have possession of apple,G(~(drop_pear))|F(have_possession_of_apple)
3506,"['move_forward_trash_can', 'gather_orange']",at any time move forward trash can or gather orange,F(move_forward_trash_can)|gather_orange
3491,"['travel_to_tree', 'proceed_to_tree']",travel to tree until whenever proceed to tree,travel_to_treeUF(proceed_to_tree)
5366,"['move_past_trash_can', 'travel_to_house']",at some time move past trash can until whenever travel to house,F(move_past_trash_can)UF(travel_to_house)
5895,"['have_apple', 'visit_flag']",forever have apple and at any time visit flag,G(have_apple)&F(visit_flag)
5894,"['touch_house', 'pass_by_house']",at some time touch house until when possible pass by house,F(touch_house)UF(pass_by_house)
1944,"['present_at_flag', 'drop_apple']",at any time present at flag or never drop apple,F(present_at_flag)|G(~(drop_apple))
1363,"['reach_flag', 'present_at_flag']",when possible reach flag and at any time present at flag,F(reach_flag)&F(present_at_flag)
1336,"['venture_towards_house', 'go_by_waste_bin']",venture towards house or go by waste bin,venture_towards_house|go_by_waste_bin
1274,"['withhold_apple', 'venture_towards_house']",at some time withhold apple until venture towards house,F(withhold_apple)Uventure_towards_house
1869,"['reach_flag', 'venture_towards_house']",at some time reach flag or venture towards house,F(reach_flag)|venture_towards_house
2347,"['be_in_houses_vicinity', 'keep_apple']",when possible be in house's vicinity or keep apple,F(be_in_houses_vicinity)|keep_apple
1040,"['present_at_flag', 'drop_apple']",when possible present at flag and never drop apple,F(present_at_flag)&G(~(drop_apple))
4884,"['grasp_orange', 'go_past_flag']",grasp orange or when possible go past flag,grasp_orange|F(go_past_flag)
1599,"['stop_by_house', 'visit_trash_bin']",when possible stop by house and at any time visit trash bin,F(stop_by_house)&F(visit_trash_bin)
4269,"['move_past_trash_can', 'pass_by_trash_bin']",whenever move past trash can or whenever pass by trash bin,F(move_past_trash_can)|F(pass_by_trash_bin)
2854,"['be_at_house', 'approach_flag']",whenever be at house or at some time approach flag,F(be_at_house)|F(approach_flag)
1675,"['bring_pear', 'venture_to_house']","if at some time bring pear , when possible venture to house",F(bring_pear)->F(venture_to_house)
3792,"['let_go', 'venture_to_trash_can']",never let go or venture to trash can,G(~(let_go))|venture_to_trash_can
2457,"['let_go_pear', 'contact_house']",do not let go pear or when possible contact house,~(let_go_pear)|F(contact_house)
2825,"['go_to_house', 'visit_house']",when possible go to house and when possible visit house,F(go_to_house)&F(visit_house)
4145,"['show_yourself_near_house', 'get_orange']",whenever show yourself near house and at any time get orange,F(show_yourself_near_house)&F(get_orange)
5445,"['go_to_tree', 'venture_house']",when possible go to tree or at some time venture house,F(go_to_tree)|F(venture_house)
3202,"['take_to_trash_can', 'make_way_for_tree']",take to trash can or at any time make way for tree,take_to_trash_can|F(make_way_for_tree)
1776,"['venture_to_trash_can', 'grab_pear']","if venture to trash can , at some time grab pear",venture_to_trash_can->F(grab_pear)
1471,"['make_your_way_flag', 'move_towards_trash_can']",when possible make your way flag until move towards trash can,F(make_your_way_flag)Umove_towards_trash_can
1124,"['steal_apple', 'approach_house']",at some time steal apple and when possible approach house,F(steal_apple)&F(approach_house)
5703,"['take_orange', 'grasp_pear']",take orange and when possible grasp pear,take_orange&F(grasp_pear)
1819,"['withdraw_pear', 'let_go_orange']",when possible withdraw pear or don't let go orange,F(withdraw_pear)|~(let_go_orange)
1748,"['drop_apple', 'bring_pear']",never drop apple and whenever bring pear,G(~(drop_apple))&F(bring_pear)
1531,"['make_to_flag', 'grab_tree']","if whenever make to flag , repeatedly grab tree",F(make_to_flag)->G(F(grab_tree))
5825,"['journey_by_house', 'pick_up_pear']",at any time journey by house and pick up pear,F(journey_by_house)&pick_up_pear
1125,"['present_at_flag', 'secure_apple']",whenever present at flag and secure apple,F(present_at_flag)&secure_apple
3081,"['put_in_bucket', 'hold_onto_orange']",put in bucket or always hold onto orange,put_in_bucket|G(hold_onto_orange)
1183,"['present_at_flag', 'go_by_waste_bin']",when possible present at flag or go by waste bin,F(present_at_flag)|go_by_waste_bin
4244,"['get_to_cup', 'move_to_trash_can']",when possible get to cup or move to trash can,F(get_to_cup)|move_to_trash_can
5466,"['drop_orange', 'approach_flag']",never drop orange and at some time approach flag,G(~(drop_orange))&F(approach_flag)
1238,"['drop_apple', 'bring_pear']",never drop apple or at some time bring pear,G(~(drop_apple))|F(bring_pear)
1399,"['come_home', 'make_your_way_flag']",whenever come home and at some time make your way flag,F(come_home)&F(make_your_way_flag)
2506,"['obtain_pear', 'have_apple']",at any time obtain pear or forever have apple,F(obtain_pear)|G(have_apple)
1361,"['go_by_tree', 'start_going_to_tree']",at any time go by tree until whenever start going to tree,F(go_by_tree)UF(start_going_to_tree)
1044,"['drop_apple', 'reach_flag']",never drop apple or whenever reach flag,G(~(drop_apple))|F(reach_flag)
1449,"['stop_by_flag', 'move_to_house']",stop by flag or move to house,stop_by_flag|move_to_house
4299,"['touch_flag', 'gather_apple']",forever touch flag or gather apple,G(touch_flag)|gather_apple
1770,"['drop_pear', 'journey_by_flag']","when drop pear , whenever journey by flag",drop_pear->F(journey_by_flag)
1691,"['move_forward_trash_can', 'withold_apple']",when possible move forward trash can or at any time withold apple,F(move_forward_trash_can)|F(withold_apple)
2178,"['go_to_apple_trashcan', 'grip_apple']","when repeatedly go to apple trashcan , grip apple",G(F(go_to_apple_trashcan))->grip_apple
5566,"['make_contact_flag', 'venture_house']",at some time make contact flag or when possible venture house,F(make_contact_flag)|F(venture_house)
3114,"['take_to_tree', 'proceed_to_tree']",take to tree or whenever proceed to tree,take_to_tree|F(proceed_to_tree)
1108,"['reach_flag', 'secure_apple']",when possible reach flag or secure apple,F(reach_flag)|secure_apple
4991,"['move_past_trash_can', 'capture_orange']",when possible move past trash can or capture orange,F(move_past_trash_can)|capture_orange
3689,"['reach_tree', 'procure_pear']",whenever reach tree or when possible procure pear,F(reach_tree)|F(procure_pear)
1542,"['travel_to_flag', 'collect_orange']",at any time travel to flag or at some time collect orange,F(travel_to_flag)|F(collect_orange)
4155,"['let_go_apple', 'let_go_orange']",whenever let go apple and never let go orange,F(let_go_apple)&G(~(let_go_orange))
5604,"['steal_apple', 'going_to_flag']",at some time steal apple and when possible going to flag,F(steal_apple)&F(going_to_flag)
3409,"['get_hold_orange', 'go_to_orange']",whenever get hold orange and go to orange,F(get_hold_orange)&go_to_orange
4696,"['hold_orange', 'go_to_flag']",hold orange and when possible go to flag,hold_orange&F(go_to_flag)
5893,"['move_to_flag', 'make_way_for_tree']",at any time move to flag or when possible make way for tree,F(move_to_flag)|F(make_way_for_tree)
5394,"['make_way_for_tree', 'move_to_tree']",whenever make way for tree until move to tree,F(make_way_for_tree)Umove_to_tree
5542,"['grasp_pear', 'stop_by_flag']",at some time grasp pear or stop by flag,F(grasp_pear)|stop_by_flag
2338,"['go_to_apple', 'go_to_flag']",when possible go to apple or when possible go to flag,F(go_to_apple)|F(go_to_flag)
2200,"['grab_tree', 'migrate_to_tree']",repeatedly grab tree and whenever migrate to tree,G(F(grab_tree))&F(migrate_to_tree)
5933,"['journey_to_tree', 'take_to_tree']",whenever journey to tree until take to tree,F(journey_to_tree)Utake_to_tree
3021,"['arrive_at_tree', 'visit_house']",when possible arrive at tree or when possible visit house,F(arrive_at_tree)|F(visit_house)
5477,"['obtain_orange', 'touch_flag']",at some time obtain orange or always touch flag,F(obtain_orange)|G(touch_flag)
5357,"['take_pear', 'get_hold_of_pear']",take pear or get hold of pear,take_pear|get_hold_of_pear
4932,"['come_home', 'show_yourself_near_house']",at some time come home or when possible show yourself near house,F(come_home)|F(show_yourself_near_house)
4661,"['get_orange', 'make_your_way_flag']",whenever get orange or when possible make your way flag,F(get_orange)|F(make_your_way_flag)
2195,"['visit_trash_bin', 'migrate_to_tree']",whenever visit trash bin and when possible migrate to tree,F(visit_trash_bin)&F(migrate_to_tree)
4143,"['make_way_for_tree', 'gather_apple']",when possible make way for tree or gather apple,F(make_way_for_tree)|gather_apple
5346,"['let_go_pear', 'hold_orange']",don't let go pear or hold orange,~(let_go_pear)|hold_orange
1702,"['go_to_flag', 'secure_pear']",at some time go to flag and when possible secure pear,F(go_to_flag)&F(secure_pear)
1142,"['venture_to_waste_basket', 'get_hold_of_pear']",when possible venture to waste basket or get hold of pear,F(venture_to_waste_basket)|get_hold_of_pear
1753,"['tax_apple', 'reach_tree']",when possible tax apple or whenever reach tree,F(tax_apple)|F(reach_tree)
1208,"['proceed_to_house', 'travel_to_flag']",when possible proceed to house or whenever travel to flag,F(proceed_to_house)|F(travel_to_flag)
1704,"['venture_house', 'move_past_trash_can']",at some time venture house and at some time move past trash can,F(venture_house)&F(move_past_trash_can)
2447,"['go_to_transh_can', 'go_to_apple_trashcan']",when possible go to transh can and repeatedly go to apple trashcan,F(go_to_transh_can)&G(F(go_to_apple_trashcan))
1217,"['go_to_pear', 'collect_apple']",repeatedly go to pear and when possible collect apple,G(F(go_to_pear))&F(collect_apple)
2187,"['move_forward_trash_can', 'go_to_trash_receptacle']",whenever move forward trash can or when possible go to trash receptacle,F(move_forward_trash_can)|F(go_to_trash_receptacle)
2937,"['journey_by_house', 'go_home']",whenever journey by house or when possible go home,F(journey_by_house)|F(go_home)
3825,"['tax_apple', 'go_to_bucket']",when possible tax apple and go to bucket,F(tax_apple)&go_to_bucket
2231,"['get_to_cup', 'seize_orange']",whenever get to cup or at some time seize orange,F(get_to_cup)|F(seize_orange)
4552,"['touch_flag', 'acquire_pear']",forever touch flag and when possible acquire pear,G(touch_flag)&F(acquire_pear)
1635,"['move_to_house', 'steal_apple']",move to house and whenever steal apple,move_to_house&F(steal_apple)
2309,"['go_to_tree', 'grasp_apple']",at some time go to tree or at some time grasp apple,F(go_to_tree)|F(grasp_apple)
1717,"['stop_by_trash_can', 'touch_flag']",at some time stop by trash can or always touch flag,F(stop_by_trash_can)|G(touch_flag)
2628,"['touch_tree', 'stop_by_trash_can']",at any time touch tree or whenever stop by trash can,F(touch_tree)|F(stop_by_trash_can)
1146,"['snatch_up_pear', 'go_to_orange_bin']",snatch up pear and go to orange bin,snatch_up_pear&go_to_orange_bin
3709,"['grab_apple', 'proceed_to_tree']",at some time grab apple and at any time proceed to tree,F(grab_apple)&F(proceed_to_tree)
2767,"['go_by_flag', 'travel_to_flag']",when possible go by flag and at some time travel to flag,F(go_by_flag)&F(travel_to_flag)
1628,"['travel_to_tree', 'obtain_apple']",travel to tree or whenever obtain apple,travel_to_tree|F(obtain_apple)
5209,"['seize_pear', 'tax_apple']",whenever seize pear or whenever tax apple,F(seize_pear)|F(tax_apple)
3190,"['get_close_tree', 'pass_by_trash_bin']",whenever get close tree or when possible pass by trash bin,F(get_close_tree)|F(pass_by_trash_bin)
5627,"['let_go_apple', 'move_to_tree']",never let go apple or move to tree,G(~(let_go_apple))|move_to_tree
1615,"['withdraw_pear', 'be_in_houses_vicinity']",at any time withdraw pear and at some time be in house's vicinity,F(withdraw_pear)&F(be_in_houses_vicinity)
1445,"['migrate_to_tree', 'withdraw_pear']",when possible migrate to tree and at some time withdraw pear,F(migrate_to_tree)&F(withdraw_pear)
2331,"['snag_orange', 'withdraw_pear']",when possible snag orange or when possible withdraw pear,F(snag_orange)|F(withdraw_pear)
2835,"['go_near_pear', 'hold_on_to_pear']",at some time go near pear or hold on to pear,F(go_near_pear)|hold_on_to_pear
2167,"['shift_to_flag', 'steal_apple']",at some time shift to flag or at some time steal apple,F(shift_to_flag)|F(steal_apple)
2247,"['have_apple', 'pick_up_anything']",forever have apple and do not pick up anything,G(have_apple)&~(F(pick_up_anything))
1007,"['go_by_waste_bin', 'go_by_waste_bin']",go by waste bin or go by waste bin,go_by_waste_bin|go_by_waste_bin
1594,"['drop_apple', 'going_to_tree']",never drop apple and going to tree,G(~(drop_apple))&going_to_tree
1086,"['venture_to_house', 'reach_flag']",whenever venture to house and at any time reach flag,F(venture_to_house)&F(reach_flag)
1866,"['visit_tree', 'go_by_house']",visit tree or whenever go by house,visit_tree|F(go_by_house)
5028,"['contact_house', 'withold_apple']",when possible contact house can infer that when possible withold apple,F(contact_house)->F(withold_apple)
1456,"['go_by_waste_basket', 'venture_to_house']",at any time go by waste basket until when possible venture to house,F(go_by_waste_basket)UF(venture_to_house)
3027,"['travel_to_house', 'shift_to_flag']",whenever travel to house and at any time shift to flag,F(travel_to_house)&F(shift_to_flag)
1052,"['present_at_flag', 'go_by_waste_basket']",at any time present at flag or whenever go by waste basket,F(present_at_flag)|F(go_by_waste_basket)
3583,"['pick_up_apple', 'stop_by_flag']",at some time pick up apple or stop by flag,F(pick_up_apple)|stop_by_flag
4843,"['obtain_pear', 'go_to_waste_basket']",when possible obtain pear and repeatedly go to waste basket,F(obtain_pear)&G(F(go_to_waste_basket))
1230,"['visit_tree', 'take_possession_of_bear']",visit tree until when possible take possession of bear,visit_treeUF(take_possession_of_bear)
1273,"['stop_by_trash_can', 'drop_orange']",whenever stop by trash can until never drop orange,F(stop_by_trash_can)UG(~(drop_orange))
2288,"['migrate_to_tree', 'snag_orange']",whenever migrate to tree or at some time snag orange,F(migrate_to_tree)|F(snag_orange)
1393,"['track_towards_tree', 'go_near_house']",whenever track towards tree or when possible go near house,F(track_towards_tree)|F(go_near_house)
4266,"['take_possession_of_bear', 'going_to_tree']",at any time take possession of bear and going to tree,F(take_possession_of_bear)&going_to_tree
3051,"['pass_by_house', 'going_to_tree']",when possible pass by house or going to tree,F(pass_by_house)|going_to_tree
2164,"['migrate_to_tree', 'snatch_up_pear']",at any time migrate to tree or snatch up pear,F(migrate_to_tree)|snatch_up_pear
4667,"['pick_up_fruit', 'let_go_apple']",pick up fruit or whenever let go apple,pick_up_fruit|F(let_go_apple)
4309,"['make_contact_with_house', 'go_near_flag']",at some time make contact with house or whenever go near flag,F(make_contact_with_house)|F(go_near_flag)
3964,"['be_at_house', 'take_apple']",at any time be at house and take apple,F(be_at_house)&take_apple
1658,"['venture_flag', 'venture_flag']",when possible venture flag and when possible venture flag,F(venture_flag)&F(venture_flag)
1220,"['go_by_waste_basket', 'venture_towards_house']",whenever go by waste basket or venture towards house,F(go_by_waste_basket)|venture_towards_house
1828,"['drop_apple', 'venture_to_house']",never drop apple and when possible venture to house,G(~(drop_apple))&F(venture_to_house)
1196,"['spend_time_at_tree', 'stop_by_house']",at some time spend time at tree and at some time stop by house,F(spend_time_at_tree)&F(stop_by_house)
2831,"['start_going_to_tree', 'go_by_trash_can']",whenever start going to tree and forever go by trash can,F(start_going_to_tree)&G(go_by_trash_can)
5811,"['take_apple', 'take_orange']","when take apple , take orange",take_apple->take_orange
3482,"['travel_to_trash_can', 'get_apple']",whenever travel to trash can or at some time get apple,F(travel_to_trash_can)|F(get_apple)
1720,"['moving', 'move_near_tree']",always moving and at some time move near tree,G(moving)&F(move_near_tree)
4828,"['go_past_flag', 'touch_house']",at some time go past flag and when possible touch house,F(go_past_flag)&F(touch_house)
1440,"['migrate_to_tree', 'go_to_apple_trashcan']",when possible migrate to tree and repeatedly go to apple trashcan,F(migrate_to_tree)&G(F(go_to_apple_trashcan))
3985,"['drop_pear', 'grasp_pear']",never drop pear or whenever grasp pear,G(~(drop_pear))|F(grasp_pear)
1080,"['go_to_trash_bin', 'come_home']",when possible go to trash bin can infer that when possible come home,F(go_to_trash_bin)->F(come_home)
5735,"['put_in_bin', 'grasp_pear']",put in bin or whenever grasp pear,put_in_bin|F(grasp_pear)
1776,"['move_to_trashcan', 'have_in_orange']",move to trashcan and always have in orange,move_to_trashcan&G(have_in_orange)
1569,"['withdraw_pear', 'be_in_houses_vicinity']",at some time withdraw pear and when possible be in house's vicinity,F(withdraw_pear)&F(be_in_houses_vicinity)
1364,"['present_at_flag', 'present_at_flag']",at some time present at flag until when possible present at flag,F(present_at_flag)UF(present_at_flag)
2107,"['let_go_apple', 'procure_orange']",never let go apple and whenever procure orange,G(~(let_go_apple))&F(procure_orange)
1871,"['drop_apple', 'venture_towards_house']",never drop apple or venture towards house,G(~(drop_apple))|venture_towards_house
3183,"['make_contact_flag', 'start_going_to_tree']",at any time make contact flag or whenever start going to tree,F(make_contact_flag)|F(start_going_to_tree)
1895,"['come_to_tree', 'withdraw_pear']","if come to tree , when possible withdraw pear",come_to_tree->F(withdraw_pear)
2257,"['approach_trash_can', 'get_to_flag']",approach trash can and when possible get to flag,approach_trash_can&F(get_to_flag)
1528,"['drop_apple', 'go_by_waste_basket']",never drop apple and at any time go by waste basket,G(~(drop_apple))&F(go_by_waste_basket)
3447,"['approach_tree', 'pick_up_fruit']",approach tree and pick up fruit,approach_tree&pick_up_fruit
5416,"['travel_to_tree', 'go_home']",travel to tree or at any time go home,travel_to_tree|F(go_home)
5511,"['yield_pear', 'put_in_bucket']",at any time yield pear and put in bucket,F(yield_pear)&put_in_bucket
5910,"['reach_trash_can', 'pick_up_anything']",reach trash can until don't pick up anything,reach_trash_canU~(F(pick_up_anything))
1353,"['pass_by_house', 'pass_by_house']",at some time pass by house or at any time pass by house,F(pass_by_house)|F(pass_by_house)
3317,"['pick_up_peach', 'go_near_pear']",at any time pick up peach or at some time go near pear,F(pick_up_peach)|F(go_near_pear)
1478,"['pick_up_flag', 'drop_apple']",pick up flag and never drop apple,pick_up_flag&G(~(drop_apple))
5826,"['obtain_apple', 'go_visit_flag']",at any time obtain apple or go visit flag,F(obtain_apple)|go_visit_flag
3274,"['collect_pear', 'contact_flag']",collect pear or at any time contact flag,collect_pear|F(contact_flag)
1177,"['collect_pear', 'arrive_at_tree']",collect pear or whenever arrive at tree,collect_pear|F(arrive_at_tree)
5930,"['pick_up_fruit', 'stop_by_flag']",pick up fruit or stop by flag,pick_up_fruit|stop_by_flag
1406,"['make_way_waste_basket', 'get_to_tree']",whenever make way waste basket until get to tree,F(make_way_waste_basket)Uget_to_tree
2851,"['get_to_cup', 'be_at_house']",whenever get to cup and at any time be at house,F(get_to_cup)&F(be_at_house)
5090,"['let_go', 'journey_to_flag']",never let go and whenever journey to flag,G(~(let_go))&F(journey_to_flag)
1766,"['go_to_apple_trashcan', 'track_towards_tree']",repeatedly go to apple trashcan or at any time track towards tree,G(F(go_to_apple_trashcan))|F(track_towards_tree)
5166,"['travel_by_tree', 'take_possession_of_bear']",at some time travel by tree and whenever take possession of bear,F(travel_by_tree)&F(take_possession_of_bear)
5613,"['contact_house', 'advance_to_house']",at some time contact house or when possible advance to house,F(contact_house)|F(advance_to_house)
5527,"['go_to_pear', 'set_out_to_house']",repeatedly go to pear and whenever set out to house,G(F(go_to_pear))&F(set_out_to_house)
2761,"['procure_pear', 'take_to_tree']",when possible procure pear or take to tree,F(procure_pear)|take_to_tree
1310,"['venture_towards_house', 'reach_flag']",venture towards house means that whenever reach flag,venture_towards_house->F(reach_flag)
5235,"['hold_apple', 'move_past_trash_can']",hold apple and at some time move past trash can,hold_apple&F(move_past_trash_can)
1854,"['travel_to_tree', 'move_to_trash_can']",travel to tree and move to trash can,travel_to_tree&move_to_trash_can
5289,"['capture_pear', 'take_pear']",whenever capture pear means that take pear,F(capture_pear)->take_pear
1951,"['make_way_for_tree', 'getting_pear']",at some time make way for tree or when possible getting pear,F(make_way_for_tree)|F(getting_pear)
5974,"['visit_waste_basket', 'venture_to_flag']",at some time visit waste basket until at any time venture to flag,F(visit_waste_basket)UF(venture_to_flag)
2139,"['put_in_apple_bucket', 'proceed_to_flag']",put in apple bucket until at any time proceed to flag,put_in_apple_bucketUF(proceed_to_flag)
4194,"['move', 'let_go_orange']",forever move and never let go orange,G(move)&G(~(let_go_orange))
4107,"['seize_orange', 'take_pear']",at some time seize orange and take pear,F(seize_orange)&take_pear
1870,"['go_to_transh_can', 'make_to_flag']",at some time go to transh can or at any time make to flag,F(go_to_transh_can)|F(make_to_flag)
3860,"['scoop_up_apple', 'make_way_for_tree']",when possible scoop up apple or at any time make way for tree,F(scoop_up_apple)|F(make_way_for_tree)
1131,"['go_to_tree', 'take_orange']",whenever go to tree and take orange,F(go_to_tree)&take_orange
1638,"['tax_apple', 'scoop_up_pear']",when possible tax apple or whenever scoop up pear,F(tax_apple)|F(scoop_up_pear)
1605,"['move', 'venture_to_waste_basket']",forever move until at some time venture to waste basket,G(move)UF(venture_to_waste_basket)
5737,"['get_close_flag', 'go_to_pear']",whenever get close flag can infer that repeatedly go to pear,F(get_close_flag)->G(F(go_to_pear))
5341,"['capture_pear', 'go_by_flag']",when possible capture pear or at some time go by flag,F(capture_pear)|F(go_by_flag)
2815,"['steal_apple', 'go_to_flag']",when possible steal apple or at some time go to flag,F(steal_apple)|F(go_to_flag)
1726,"['seize_orange', 'put_in_bucket']",at any time seize orange and put in bucket,F(seize_orange)&put_in_bucket
5428,"['collect_pear', 'put_in_bucket']",collect pear and put in bucket,collect_pear&put_in_bucket
3381,"['take_apple', 'pick_up_peach']",take apple or when possible pick up peach,take_apple|F(pick_up_peach)
3737,"['go_by_trash_can', 'get_hold_apple']","when forever go by trash can , whenever get hold apple",G(go_by_trash_can)->F(get_hold_apple)
1174,"['go_to_orange_bin', 'lay_hold_of_apple']",go to orange bin and when possible lay hold of apple,go_to_orange_bin&F(lay_hold_of_apple)
1110,"['move_to_trashcan', 'lay_hold_of_apple']",move to trashcan and when possible lay hold of apple,move_to_trashcan&F(lay_hold_of_apple)
1017,"['capture_pear', 'go_by_house']",at some time capture pear or when possible go by house,F(capture_pear)|F(go_by_house)
1600,"['journey_by_flag', 'have_in_orange']",at some time journey by flag means that forever have in orange,F(journey_by_flag)->G(have_in_orange)
2053,"['clutch_orange', 'grab_tree']",at any time clutch orange and repeatedly grab tree,F(clutch_orange)&G(F(grab_tree))
4785,"['grasp_orange', 'go_to_home']",grasp orange and when possible go to home,grasp_orange&F(go_to_home)
5838,"['go_home', 'get_pear']",whenever go home until at any time get pear,F(go_home)UF(get_pear)
1607,"['drop_orange', 'grab_flag']",never drop orange or at any time grab flag,G(~(drop_orange))|F(grab_flag)
2816,"['have_apple', 'touch_house']","when always have apple , whenever touch house",G(have_apple)->F(touch_house)
1259,"['present_at_flag', 'bring_pear']",whenever present at flag until at any time bring pear,F(present_at_flag)UF(bring_pear)
1706,"['go_by_waste_basket', 'go_by_waste_bin']",when possible go by waste basket and go by waste bin,F(go_by_waste_basket)&go_by_waste_bin
2313,"['get_near_flag', 'spend_time_at_tree']",at some time get near flag or when possible spend time at tree,F(get_near_flag)|F(spend_time_at_tree)
1472,"['go_by_waste_bin', 'venture_towards_house']",go by waste bin or venture towards house,go_by_waste_bin|venture_towards_house
1033,"['present_at_flag', 'reach_flag']",when possible present at flag until when possible reach flag,F(present_at_flag)UF(reach_flag)
2852,"['get_to_cup', 'go_by_flag']",at any time get to cup and whenever go by flag,F(get_to_cup)&F(go_by_flag)
1351,"['make_way_waste_basket', 'go_near_house']",at some time make way waste basket or at some time go near house,F(make_way_waste_basket)|F(go_near_house)
3511,"['let_go_apple', 'collect_orange']",never let go apple and at some time collect orange,G(~(let_go_apple))&F(collect_orange)
2391,"['advance_to_tree', 'move_to_trashcan']",advance to tree and move to trashcan,advance_to_tree&move_to_trashcan
1172,"['go_by_waste_basket', 'bring_pear']",at some time go by waste basket and at some time bring pear,F(go_by_waste_basket)&F(bring_pear)
1652,"['let_go_orange', 'travel_to_flag']",never let go orange until at any time travel to flag,G(~(let_go_orange))UF(travel_to_flag)
3069,"['take_possession_of_bear', 'go_to_trash_can']",whenever take possession of bear until when possible go to trash can,F(take_possession_of_bear)UF(go_to_trash_can)
2223,"['approach_trash_can', 'go_to_orange_bin']",approach trash can or go to orange bin,approach_trash_can|go_to_orange_bin
3633,"['get_orange', 'pick_up_peach']",when possible get orange or whenever pick up peach,F(get_orange)|F(pick_up_peach)
1799,"['withhold_apple', 'present_at_flag']",at some time withhold apple or whenever present at flag,F(withhold_apple)|F(present_at_flag)
5639,"['move_around', 'show_yourself_near_house']",always move around or at any time show yourself near house,G(move_around)|F(show_yourself_near_house)
1071,"['grab_flag', 'snag_orange']",whenever grab flag and when possible snag orange,F(grab_flag)&F(snag_orange)
1048,"['let_go_pear', 'let_go_orange']",don't let go pear or don't let go orange,~(let_go_pear)|~(let_go_orange)
5242,"['take_to_tree', 'drop_apple']",take to tree until never drop apple,take_to_treeUG(~(drop_apple))
2070,"['move_to_trashcan', 'drop_pear']",move to trashcan and drop pear,move_to_trashcan&drop_pear
2659,"['contact_house', 'acquire_pear']",when possible contact house or at any time acquire pear,F(contact_house)|F(acquire_pear)
3086,"['get_hold_apple', 'stand_by_tree']",whenever get hold apple or at any time stand by tree,F(get_hold_apple)|F(stand_by_tree)
1185,"['shift_to_flag', 'take_to_tree']",at some time shift to flag or take to tree,F(shift_to_flag)|take_to_tree
1299,"['grab_hold_pear', 'stop_by_house']",grab hold pear or whenever stop by house,grab_hold_pear|F(stop_by_house)
5140,"['gather_orange', 'procure_pear']",gather orange or at some time procure pear,gather_orange|F(procure_pear)
3879,"['obtain_apple', 'approach_house']",whenever obtain apple or at some time approach house,F(obtain_apple)|F(approach_house)
5860,"['drop_apple', 'go_to_flag']",never drop apple or at some time go to flag,G(~(drop_apple))|F(go_to_flag)
1494,"['secure_apple', 'bring_pear']",secure apple and at any time bring pear,secure_apple&F(bring_pear)
5499,"['venture_house', 'get_close_flag']",at some time venture house or when possible get close flag,F(venture_house)|F(get_close_flag)
3932,"['travel_to_tree', 'go_to_house']",travel to tree or when possible go to house,travel_to_tree|F(go_to_house)
1529,"['reach_flag', 'go_by_waste_basket']",when possible reach flag or whenever go by waste basket,F(reach_flag)|F(go_by_waste_basket)
5823,"['move_to_flag', 'seize_pear']",at any time move to flag and when possible seize pear,F(move_to_flag)&F(seize_pear)
3807,"['let_go_orange', 'have_possession_of_apple']",never let go orange or when possible have possession of apple,G(~(let_go_orange))|F(have_possession_of_apple)
1133,"['tax_apple', 'venture_to_trash_can']",when possible tax apple or venture to trash can,F(tax_apple)|venture_to_trash_can
1710,"['venture_to_house', 'go_by_waste_basket']",whenever venture to house and at some time go by waste basket,F(venture_to_house)&F(go_by_waste_basket)
1318,"['go_to_apple_trashcan', 'grip_apple']",repeatedly go to apple trashcan or grip apple,G(F(go_to_apple_trashcan))|grip_apple
1473,"['set_out_to_house', 'move_to_tree']",at some time set out to house or move to tree,F(set_out_to_house)|move_to_tree
3837,"['gather_orange', 'approach_tree']",gather orange can infer that approach tree,gather_orange->approach_tree
2358,"['reach_tree', 'steal_apple']",when possible reach tree or at any time steal apple,F(reach_tree)|F(steal_apple)
2990,"['contact_house', 'take_to_tree']",when possible contact house means that take to tree,F(contact_house)->take_to_tree
1201,"['go_by_waste_bin', 'secure_apple']",go by waste bin and secure apple,go_by_waste_bin&secure_apple
3367,"['go_near_flag', 'go_past_flag']",at any time go near flag or when possible go past flag,F(go_near_flag)|F(go_past_flag)
3139,"['go_past_house', 'gather_orange']",whenever go past house or gather orange,F(go_past_house)|gather_orange
4800,"['hold_pear', 'arrive_at_tree']","when hold pear , at some time arrive at tree",hold_pear->F(arrive_at_tree)
1363,"['have_in_orange', 'grab_tree']",forever have in orange or repeatedly grab tree,G(have_in_orange)|G(F(grab_tree))
5021,"['get_hold_apple', 'go_by_trash_can']",at some time get hold apple or forever go by trash can,F(get_hold_apple)|G(go_by_trash_can)
5420,"['snatch_pear', 'pass_by_house']",at any time snatch pear and at some time pass by house,F(snatch_pear)&F(pass_by_house)
3484,"['let_go_orange', 'make_way_for_tree']",never let go orange until at some time make way for tree,G(~(let_go_orange))UF(make_way_for_tree)
5309,"['get_hold_of_pear', 'get_hold_of_orange']","if get hold of pear , whenever get hold of orange",get_hold_of_pear->F(get_hold_of_orange)
2046,"['make_to_flag', 'track_towards_tree']",at some time make to flag or when possible track towards tree,F(make_to_flag)|F(track_towards_tree)
1397,"['withhold_apple', 'venture_towards_house']",when possible withhold apple and venture towards house,F(withhold_apple)&venture_towards_house
1104,"['advance_to_tree', 'advance_to_tree']",advance to tree until advance to tree,advance_to_treeUadvance_to_tree
5759,"['walk_near_flag', 'stop_by_flag']",at some time walk near flag or stop by flag,F(walk_near_flag)|stop_by_flag
2092,"['get_to_flag', 'grab_hold_pear']",whenever get to flag can infer that grab hold pear,F(get_to_flag)->grab_hold_pear
1574,"['let_go_pear', 'snag_orange']",don't let go pear or at some time snag orange,~(let_go_pear)|F(snag_orange)
1066,"['present_at_flag', 'present_at_flag']",whenever present at flag or at any time present at flag,F(present_at_flag)|F(present_at_flag)
1265,"['journey_by_house', 'go_to_bucket']",at some time journey by house can infer that go to bucket,F(journey_by_house)->go_to_bucket
1038,"['stay', 'got_to_house']",forever stay or at some time got to house,G(stay)|F(got_to_house)
3834,"['reach_trash_can', 'go_visit_house']",reach trash can can infer that whenever go visit house,reach_trash_can->F(go_visit_house)
1448,"['snag_orange', 'approach_trash_can']",at any time snag orange and approach trash can,F(snag_orange)&approach_trash_can
5719,"['advance_to_house', 'proceed_to_house']",at any time advance to house means that whenever proceed to house,F(advance_to_house)->F(proceed_to_house)
2785,"['have_apple', 'hold_on_to_pear']","if forever have apple , hold on to pear",G(have_apple)->hold_on_to_pear
2793,"['journey_to_tree', 'advance_to_house']",at some time journey to tree and at any time advance to house,F(journey_to_tree)&F(advance_to_house)
1034,"['go_by_trash_can', 'go_home']",forever go by trash can and at some time go home,G(go_by_trash_can)&F(go_home)
1389,"['drop_orange', 'take_apple']",never drop orange or take apple,G(~(drop_orange))|take_apple
1569,"['bring_pear', 'venture_to_house']",whenever bring pear and when possible venture to house,F(bring_pear)&F(venture_to_house)
4594,"['let_go_apple', 'hold_apple']",when possible let go apple and hold apple,F(let_go_apple)&hold_apple
1256,"['get_close_flag', 'acquire_pear']",at any time get close flag and at some time acquire pear,F(get_close_flag)&F(acquire_pear)
3690,"['put_in_apple_bucket', 'collect_pear']",put in apple bucket or collect pear,put_in_apple_bucket|collect_pear
1536,"['pick_up_anything', 'put_in_bin']",don't pick up anything or put in bin,~(F(pick_up_anything))|put_in_bin
3489,"['pass_by_trash_bin', 'get_close_flag']",whenever pass by trash bin or when possible get close flag,F(pass_by_trash_bin)|F(get_close_flag)
5970,"['move_to_trash_can', 'procure_orange']",move to trash can or at any time procure orange,move_to_trash_can|F(procure_orange)
1049,"['withhold_apple', 'reach_flag']",at some time withhold apple and at some time reach flag,F(withhold_apple)&F(reach_flag)
1818,"['go_by_waste_bin', 'go_by_waste_basket']",go by waste bin and when possible go by waste basket,go_by_waste_bin&F(go_by_waste_basket)
4184,"['go_to_waste_basket', 'journey_to_flag']",repeatedly go to waste basket and whenever journey to flag,G(F(go_to_waste_basket))&F(journey_to_flag)
4652,"['collect_orange', 'journey_to_house']",whenever collect orange and when possible journey to house,F(collect_orange)&F(journey_to_house)
1026,"['venture_to_house', 'withhold_apple']",at some time venture to house and at some time withhold apple,F(venture_to_house)&F(withhold_apple)
1331,"['venture_to_house', 'withhold_apple']",at some time venture to house and at some time withhold apple,F(venture_to_house)&F(withhold_apple)
4280,"['make_way_to_house', 'acquire_pear']","if repeatedly make way to house , when possible acquire pear",G(F(make_way_to_house))->F(acquire_pear)
2419,"['get_hold_of_pear', 'move_towards_trash_can']",get hold of pear until move towards trash can,get_hold_of_pearUmove_towards_trash_can
4595,"['proceed_to_house', 'go_to_tree']",at some time proceed to house and whenever go to tree,F(proceed_to_house)&F(go_to_tree)
4593,"['proceed_to_flag', 'acquire_apple']","if when possible proceed to flag , acquire apple",F(proceed_to_flag)->acquire_apple
1506,"['reach_house', 'go_to_apple_trashcan']",reach house and repeatedly go to apple trashcan,reach_house&G(F(go_to_apple_trashcan))
4935,"['be_at_flag', 'acquire_apple']",at some time be at flag or acquire apple,F(be_at_flag)|acquire_apple
1001,"['drop_apple', 'reach_flag']",never drop apple and at any time reach flag,G(~(drop_apple))&F(reach_flag)
1093,"['drop_pear', 'travel_to_house']",never drop pear until whenever travel to house,G(~(drop_pear))UF(travel_to_house)
1722,"['go_by_waste_basket', 'present_at_flag']",whenever go by waste basket or when possible present at flag,F(go_by_waste_basket)|F(present_at_flag)
3620,"['obtain_pear', 'grab_orange']",at any time obtain pear or when possible grab orange,F(obtain_pear)|F(grab_orange)
2323,"['go_to_trashcan', 'hold_on_pear']",at some time go to trashcan and always hold on pear,F(go_to_trashcan)&G(hold_on_pear)
1591,"['go_to_transh_can', 'track_towards_tree']",when possible go to transh can or when possible track towards tree,F(go_to_transh_can)|F(track_towards_tree)
5621,"['put_in_bucket', 'capture_orange']",put in bucket means that capture orange,put_in_bucket->capture_orange
1896,"['get_close_tree', 'drop_pear']",when possible get close tree or never drop pear,F(get_close_tree)|G(~(drop_pear))
1790,"['present_at_flag', 'go_by_waste_basket']","if when possible present at flag , when possible go by waste basket",F(present_at_flag)->F(go_by_waste_basket)
1954,"['secure_apple', 'present_at_flag']",secure apple or whenever present at flag,secure_apple|F(present_at_flag)
2400,"['travel_to_apple', 'venture_flag']",travel to apple and at some time venture flag,travel_to_apple&F(venture_flag)
4942,"['go_near_pear', 'secure_pear']",whenever go near pear or at any time secure pear,F(go_near_pear)|F(secure_pear)
2235,"['drop_pear', 'capture_orange']",never drop pear or capture orange,G(~(drop_pear))|capture_orange
4703,"['grab_pear', 'travel_by_tree']",at any time grab pear or at some time travel by tree,F(grab_pear)|F(travel_by_tree)
1647,"['hold_pear', 'pick_up_orange']","if hold pear , pick up orange",hold_pear->pick_up_orange
1283,"['be_near_tree', 'collect_apple']",when possible be near tree or whenever collect apple,F(be_near_tree)|F(collect_apple)
4230,"['let_go_orange', 'touch_tree']",never let go orange and when possible touch tree,G(~(let_go_orange))&F(touch_tree)
1595,"['reach_flag', 'go_by_waste_bin']",whenever reach flag or go by waste bin,F(reach_flag)|go_by_waste_bin
2304,"['drop_apple', 'capture_pear']",never drop apple or when possible capture pear,G(~(drop_apple))|F(capture_pear)
1249,"['stay', 'drop_pear']",always stay until drop pear,G(stay)Udrop_pear
1942,"['clutch_orange', 'grab_tree']",at any time clutch orange or repeatedly grab tree,F(clutch_orange)|G(F(grab_tree))
5926,"['hold_orange', 'snatch_pear']",hold orange or at some time snatch pear,hold_orange|F(snatch_pear)
4905,"['proceed_to_flag', 'go_home']","when at some time proceed to flag , whenever go home",F(proceed_to_flag)->F(go_home)
4758,"['venture_house', 'drop_pear']",at any time venture house and never drop pear,F(venture_house)&G(~(drop_pear))
4551,"['capture_orange', 'go_to_pear']",capture orange or repeatedly go to pear,capture_orange|G(F(go_to_pear))
1964,"['obtain_orange', 'proceed_to_flag']",at some time obtain orange and at any time proceed to flag,F(obtain_orange)&F(proceed_to_flag)
2622,"['be_at_flag', 'contact_flag']",at some time be at flag or at some time contact flag,F(be_at_flag)|F(contact_flag)
1483,"['secure_apple', 'bring_pear']",secure apple and at some time bring pear,secure_apple&F(bring_pear)
2174,"['venture_to_waste_basket', 'get_close_tree']",when possible venture to waste basket and whenever get close tree,F(venture_to_waste_basket)&F(get_close_tree)
1924,"['withhold_apple', 'reach_flag']",whenever withhold apple until when possible reach flag,F(withhold_apple)UF(reach_flag)
1291,"['drop_apple', 'drop_apple']",never drop apple or never drop apple,G(~(drop_apple))|G(~(drop_apple))
1588,"['get_orange', 'touch_house']",at some time get orange or whenever touch house,F(get_orange)|F(touch_house)
2663,"['get_hold_orange', 'go_by_flag']",whenever get hold orange until whenever go by flag,F(get_hold_orange)UF(go_by_flag)
1667,"['start_going_to_house', 'migrate_to_tree']",when possible start going to house or at some time migrate to tree,F(start_going_to_house)|F(migrate_to_tree)
4622,"['gather_pear', 'go_to_flag']",whenever gather pear or whenever go to flag,F(gather_pear)|F(go_to_flag)
4462,"['gather_apple', 'let_go_apple']","when gather apple , whenever let go apple",gather_apple->F(let_go_apple)
2126,"['migrate_to_tree', 'keep_apple']",when possible migrate to tree or keep apple,F(migrate_to_tree)|keep_apple
3412,"['scoop_up_pear', 'reach_trash_can']","when whenever scoop up pear , reach trash can",F(scoop_up_pear)->reach_trash_can
1874,"['venture_to_house', 'secure_apple']",at some time venture to house or secure apple,F(venture_to_house)|secure_apple
5876,"['pick_up_anything', 'go_to_pear']",don't pick up anything and repeatedly go to pear,~(F(pick_up_anything))&G(F(go_to_pear))
2244,"['proceed_to_flag', 'journey_to_tree']",at any time proceed to flag or at any time journey to tree,F(proceed_to_flag)|F(journey_to_tree)
3982,"['get_apple', 'touch_flag']",at any time get apple and forever touch flag,F(get_apple)&G(touch_flag)
2150,"['stop_by_house', 'move_to_trashcan']",whenever stop by house can infer that move to trashcan,F(stop_by_house)->move_to_trashcan
1672,"['make_way_waste_basket', 'grab_hold_pear']",when possible make way waste basket and grab hold pear,F(make_way_waste_basket)&grab_hold_pear
4260,"['pick_up_flag', 'get_hold_of_orange']",pick up flag means that when possible get hold of orange,pick_up_flag->F(get_hold_of_orange)
3723,"['go_by_flag', 'advance_to_house']",when possible go by flag or at any time advance to house,F(go_by_flag)|F(advance_to_house)
3410,"['pass_by_trash_bin', 'procure_pear']",whenever pass by trash bin can infer that at any time procure pear,F(pass_by_trash_bin)->F(procure_pear)
1867,"['withhold_apple', 'withhold_apple']",at any time withhold apple or at any time withhold apple,F(withhold_apple)|F(withhold_apple)
2423,"['track_towards_tree', 'get_to_flag']",when possible track towards tree or whenever get to flag,F(track_towards_tree)|F(get_to_flag)
4037,"['get_hold_orange', 'go_by_trash_can']",when possible get hold orange or forever go by trash can,F(get_hold_orange)|G(go_by_trash_can)
3073,"['arrive_at_tree', 'grasp_pear']",whenever arrive at tree and whenever grasp pear,F(arrive_at_tree)&F(grasp_pear)
2031,"['get_to_cup', 'drop_orange']",when possible get to cup or drop orange,F(get_to_cup)|drop_orange
1932,"['move_past_trash_can', 'get_hold_of_orange']","when whenever move past trash can , whenever get hold of orange",F(move_past_trash_can)->F(get_hold_of_orange)
5963,"['go_to_home', 'going_to_tree']",whenever go to home or going to tree,F(go_to_home)|going_to_tree
4021,"['go_to_trash_bin', 'venture_to_waste_basket']",whenever go to trash bin or at some time venture to waste basket,F(go_to_trash_bin)|F(venture_to_waste_basket)
1421,"['spend_time_at_tree', 'stop_by_house']",when possible spend time at tree and when possible stop by house,F(spend_time_at_tree)&F(stop_by_house)
2029,"['let_go_pear', 'visit_trash_bin']",do not let go pear or whenever visit trash bin,~(let_go_pear)|F(visit_trash_bin)
4321,"['visit_waste_basket', 'go_to_house']",at any time visit waste basket or at any time go to house,F(visit_waste_basket)|F(go_to_house)
1186,"['go_by_waste_bin', 'go_by_waste_bin']",go by waste bin or go by waste bin,go_by_waste_bin|go_by_waste_bin
1030,"['present_at_flag', 'bring_pear']",whenever present at flag or at some time bring pear,F(present_at_flag)|F(bring_pear)
1308,"['venture_towards_house', 'venture_towards_house']",venture towards house and venture towards house,venture_towards_house&venture_towards_house
2153,"['go_to_apple_trashcan', 'clutch_orange']",repeatedly go to apple trashcan and whenever clutch orange,G(F(go_to_apple_trashcan))&F(clutch_orange)
2362,"['stop_by_house', 'travel_to_apple']",whenever stop by house or travel to apple,F(stop_by_house)|travel_to_apple
1504,"['take_to_trash_can', 'grasp_apple']",take to trash can and at some time grasp apple,take_to_trash_can&F(grasp_apple)
2281,"['go_by_tree', 'approach_tree']",when possible go by tree or approach tree,F(go_by_tree)|approach_tree
1186,"['proceed_to_tree', 'going_to_tree']",whenever proceed to tree or going to tree,F(proceed_to_tree)|going_to_tree
1114,"['go_by_waste_bin', 'drop_apple']",go by waste bin or never drop apple,go_by_waste_bin|G(~(drop_apple))
3478,"['shift_to_flag', 'go_to_pear']",at some time shift to flag or repeatedly go to pear,F(shift_to_flag)|G(F(go_to_pear))
1666,"['go_by_waste_basket', 'venture_towards_house']",whenever go by waste basket until venture towards house,F(go_by_waste_basket)Uventure_towards_house
4633,"['stand_by_tree', 'travel_house']",when possible stand by tree or at some time travel house,F(stand_by_tree)|F(travel_house)
1805,"['withhold_apple', 'secure_apple']",when possible withhold apple or secure apple,F(withhold_apple)|secure_apple
3311,"['move_to_flag', 'gather_pear']",whenever move to flag or at any time gather pear,F(move_to_flag)|F(gather_pear)
3827,"['hold_on_to_pear', 'drop_apple']",hold on to pear and never drop apple,hold_on_to_pear&G(~(drop_apple))
2502,"['collect_apple', 'grasp_orange']",whenever collect apple and grasp orange,F(collect_apple)&grasp_orange
2730,"['stop_by_trash_can', 'come_home']",when possible stop by trash can or at some time come home,F(stop_by_trash_can)|F(come_home)
1113,"['secure_apple', 'reach_flag']",secure apple or at some time reach flag,secure_apple|F(reach_flag)
2579,"['put_in_bin', 'hold_pear']",put in bin until hold pear,put_in_binUhold_pear
2734,"['collect_orange', 'acquire_pear']",at any time collect orange or at any time acquire pear,F(collect_orange)|F(acquire_pear)
5285,"['collect_orange', 'touch_tree']",whenever collect orange or when possible touch tree,F(collect_orange)|F(touch_tree)
5188,"['hold_on_to_pear', 'grab_apple']",hold on to pear and at any time grab apple,hold_on_to_pear&F(grab_apple)
1892,"['move_to_flag', 'pick_up_flag']",when possible move to flag and pick up flag,F(move_to_flag)&pick_up_flag
5579,"['go_to_apple', 'seize_apple']","when at any time go to apple , seize apple",F(go_to_apple)->seize_apple
1082,"['go_to_apple_trashcan', 'lay_hold_of_apple']","if repeatedly go to apple trashcan , when possible lay hold of apple",G(F(go_to_apple_trashcan))->F(lay_hold_of_apple)
1187,"['start_going_to_house', 'be_in_houses_vicinity']",when possible start going to house or at some time be in house's vicinity,F(start_going_to_house)|F(be_in_houses_vicinity)
2297,"['grab_hold_pear', 'drop_orange']",grab hold pear or never drop orange,grab_hold_pear|G(~(drop_orange))
5845,"['acquire_orange', 'let_go_apple']",acquire orange or never let go apple,acquire_orange|G(~(let_go_apple))
4948,"['hold_onto_orange', 'pick_up_apple']",forever hold onto orange or at some time pick up apple,G(hold_onto_orange)|F(pick_up_apple)
1650,"['drop_apple', 'going_to_flag']",never drop apple or at any time going to flag,G(~(drop_apple))|F(going_to_flag)
1810,"['be_in_houses_vicinity', 'go_to_orange_bin']",whenever be in house's vicinity or go to orange bin,F(be_in_houses_vicinity)|go_to_orange_bin
3729,"['go_visit_house', 'scoop_up_pear']",at any time go visit house and at some time scoop up pear,F(go_visit_house)&F(scoop_up_pear)
3281,"['secure_pear', 'go_to_house']",whenever secure pear or whenever go to house,F(secure_pear)|F(go_to_house)
4150,"['pick_up_flag', 'visit_waste_basket']",pick up flag and when possible visit waste basket,pick_up_flag&F(visit_waste_basket)
3044,"['put_in_apple_bucket', 'go_visit_house']","when put in apple bucket , at some time go visit house",put_in_apple_bucket->F(go_visit_house)
1523,"['travel_by_tree', 'show_yourself_near_house']",whenever travel by tree or at any time show yourself near house,F(travel_by_tree)|F(show_yourself_near_house)
3047,"['move_forward_trash_can', 'reach_tree']",at any time move forward trash can and whenever reach tree,F(move_forward_trash_can)&F(reach_tree)
1822,"['acquire_orange', 'travel_by_tree']",acquire orange or at any time travel by tree,acquire_orange|F(travel_by_tree)
1465,"['go_by_trash_can', 'snatch_pear']",forever go by trash can and when possible snatch pear,G(go_by_trash_can)&F(snatch_pear)
4304,"['walk', 'travel_to_trash_can']","if walk , at some time travel to trash can",walk->F(travel_to_trash_can)
1226,"['drop_orange', 'let_go_orange']",never drop orange and don't let go orange,G(~(drop_orange))&~(let_go_orange)
1321,"['hold_orange', 'pick_up_pear']",hold orange or pick up pear,hold_orange|pick_up_pear
5212,"['pass_by_trash_bin', 'travel_to_trash_can']",whenever pass by trash bin or whenever travel to trash can,F(pass_by_trash_bin)|F(travel_to_trash_can)
1506,"['venture_to_waste_basket', 'make_way_to_house']",at any time venture to waste basket and repeatedly make way to house,F(venture_to_waste_basket)&G(F(make_way_to_house))
2349,"['start_going_to_house', 'let_go_orange']",when possible start going to house or do not let go orange,F(start_going_to_house)|~(let_go_orange)
1178,"['migrate_to_tree', 'have_pear']",whenever migrate to tree or at some time have pear,F(migrate_to_tree)|F(have_pear)
1553,"['pass_by_house', 'go_to_trash_bin']",at any time pass by house or whenever go to trash bin,F(pass_by_house)|F(go_to_trash_bin)
4333,"['grab_pear', 'procure_orange']",when possible grab pear and when possible procure orange,F(grab_pear)&F(procure_orange)
4538,"['go_by_house', 'go_near_flag']",at any time go by house and at some time go near flag,F(go_by_house)&F(go_near_flag)
1533,"['arrive_at_tree', 'proceed_to_tree']",when possible arrive at tree or at some time proceed to tree,F(arrive_at_tree)|F(proceed_to_tree)
2076,"['stay', 'go_to_trashcan']",always stay or at some time go to trashcan,G(stay)|F(go_to_trashcan)
1708,"['go_by_waste_basket', 'present_at_flag']",at some time go by waste basket and when possible present at flag,F(go_by_waste_basket)&F(present_at_flag)
1801,"['make_way_waste_basket', 'grab_flag']",at some time make way waste basket and at some time grab flag,F(make_way_waste_basket)&F(grab_flag)
1811,"['procure_pear', 'arrive_at_tree']",whenever procure pear or whenever arrive at tree,F(procure_pear)|F(arrive_at_tree)
4255,"['let_go_apple', 'approach_tree']",never let go apple or approach tree,G(~(let_go_apple))|approach_tree
1650,"['get_to_flag', 'get_near_flag']",at some time get to flag or when possible get near flag,F(get_to_flag)|F(get_near_flag)
1639,"['going_to_tree', 'venture_to_waste_basket']",going to tree means that when possible venture to waste basket,going_to_tree->F(venture_to_waste_basket)
3301,"['pass_by_house', 'travel_to_waste_bin']",at any time pass by house or travel to waste bin,F(pass_by_house)|travel_to_waste_bin
4116,"['drop_orange', 'collect_apple']",drop orange or when possible collect apple,drop_orange|F(collect_apple)
4118,"['touch_tree', 'grab_orange']",at any time touch tree or when possible grab orange,F(touch_tree)|F(grab_orange)
4811,"['scoop_up_apple', 'grasp_apple']",at any time scoop up apple or at any time grasp apple,F(scoop_up_apple)|F(grasp_apple)
3433,"['go_to_bucket', 'grasp_orange']",go to bucket or grasp orange,go_to_bucket|grasp_orange
1813,"['make_to_flag', 'be_in_houses_vicinity']",at some time make to flag or when possible be in house's vicinity,F(make_to_flag)|F(be_in_houses_vicinity)
1057,"['reach_tree', 'acquire_apple']",at some time reach tree and acquire apple,F(reach_tree)&acquire_apple
4775,"['go_past_house', 'go_to_tree']",whenever go past house until when possible go to tree,F(go_past_house)UF(go_to_tree)
3275,"['hold_apple', 'scoop_up_pear']",hold apple or when possible scoop up pear,hold_apple|F(scoop_up_pear)
2066,"['snatch_pear', 'advance_to_house']",when possible snatch pear or at any time advance to house,F(snatch_pear)|F(advance_to_house)
2015,"['pass_by_waste_receptacle', 'take_possession_of_bear']",when possible pass by waste receptacle and when possible take possession of bear,F(pass_by_waste_receptacle)&F(take_possession_of_bear)
5672,"['drop_orange', 'move_forward_trash_can']",drop orange until when possible move forward trash can,drop_orangeUF(move_forward_trash_can)
4200,"['have_possession_of_apple', 'get_close_tree']",when possible have possession of apple or at any time get close tree,F(have_possession_of_apple)|F(get_close_tree)
2215,"['drop_orange', 'grip_apple']",never drop orange or grip apple,G(~(drop_orange))|grip_apple
5572,"['journey_to_house', 'pick_up_flag']",at some time journey to house or pick up flag,F(journey_to_house)|pick_up_flag
2385,"['moving', 'stop_by_house']",forever moving or at any time stop by house,G(moving)|F(stop_by_house)
1780,"['hold_on_to_pear', 'visit_house']",hold on to pear until when possible visit house,hold_on_to_pearUF(visit_house)
1703,"['drop_by', 'walk_to_flag']",drop by or when possible walk to flag,drop_by|F(walk_to_flag)
2297,"['gather_pear', 'make_your_way_flag']","if whenever gather pear , at any time make your way flag",F(gather_pear)->F(make_your_way_flag)
1952,"['reach_flag', 'present_at_flag']",at some time reach flag or at some time present at flag,F(reach_flag)|F(present_at_flag)
1461,"['venture_to_house', 'go_by_waste_bin']",at some time venture to house and go by waste bin,F(venture_to_house)&go_by_waste_bin
1623,"['reach_flag', 'reach_flag']",when possible reach flag or when possible reach flag,F(reach_flag)|F(reach_flag)
1713,"['secure_apple', 'reach_flag']",secure apple and at some time reach flag,secure_apple&F(reach_flag)
4093,"['seize_orange', 'hold_pear']",when possible seize orange or hold pear,F(seize_orange)|hold_pear
4602,"['seize_apple', 'go_visit_flag']",seize apple or go visit flag,seize_apple|go_visit_flag
1427,"['bring_pear', 'bring_pear']",at some time bring pear or when possible bring pear,F(bring_pear)|F(bring_pear)
5305,"['journey_to_flag', 'grasp_pear']",at any time journey to flag or at some time grasp pear,F(journey_to_flag)|F(grasp_pear)
3836,"['walk_near_flag', 'move_to_house']",whenever walk near flag or move to house,F(walk_near_flag)|move_to_house
1389,"['venture_to_house', 'venture_to_house']",at any time venture to house and at some time venture to house,F(venture_to_house)&F(venture_to_house)
1617,"['come_to_tree', 'got_to_house']",come to tree or whenever got to house,come_to_tree|F(got_to_house)
4388,"['collect_orange', 'obtain_apple']",whenever collect orange or when possible obtain apple,F(collect_orange)|F(obtain_apple)
4446,"['visit_house', 'take_orange']",at some time visit house and take orange,F(visit_house)&take_orange
2906,"['walk_to_flag', 'gather_pear']",whenever walk to flag or whenever gather pear,F(walk_to_flag)|F(gather_pear)
2474,"['grab_apple', 'take_pear']",whenever grab apple and take pear,F(grab_apple)&take_pear
1627,"['travel_to_house', 'visit_flag']",when possible travel to house and at any time visit flag,F(travel_to_house)&F(visit_flag)
3817,"['proceed_to_tree', 'visit_house']",at some time proceed to tree and at some time visit house,F(proceed_to_tree)&F(visit_house)
1350,"['go_to_trashcan', 'grab_hold_pear']",whenever go to trashcan or grab hold pear,F(go_to_trashcan)|grab_hold_pear
1900,"['bring_pear', 'venture_to_house']",when possible bring pear means that at some time venture to house,F(bring_pear)->F(venture_to_house)
3603,"['let_go', 'reach_trash_can']",never let go or reach trash can,G(~(let_go))|reach_trash_can
1691,"['drop_apple', 'bring_pear']",never drop apple and whenever bring pear,G(~(drop_apple))&F(bring_pear)
3353,"['acquire_orange', 'grasp_pear']",acquire orange means that at some time grasp pear,acquire_orange->F(grasp_pear)
3900,"['get_apple', 'put_in_apple_bucket']",at some time get apple until put in apple bucket,F(get_apple)Uput_in_apple_bucket
5044,"['collect_apple', 'touch_house']",whenever collect apple until when possible touch house,F(collect_apple)UF(touch_house)
1760,"['grab_hold_pear', 'stop_by_house']",grab hold pear or at some time stop by house,grab_hold_pear|F(stop_by_house)
1292,"['venture_towards_house', 'venture_to_house']",venture towards house and at some time venture to house,venture_towards_house&F(venture_to_house)
2023,"['be_in_houses_vicinity', 'go_near_house']",at any time be in house's vicinity and at some time go near house,F(be_in_houses_vicinity)&F(go_near_house)
1150,"['let_go_pear', 'hold_onto_orange']",do not let go pear and forever hold onto orange,~(let_go_pear)&G(hold_onto_orange)
4420,"['approach_house', 'hold_onto_orange']",when possible approach house and forever hold onto orange,F(approach_house)&G(hold_onto_orange)
3390,"['hold_pear', 'procure_orange']",hold pear or when possible procure orange,hold_pear|F(procure_orange)
2091,"['moving', 'have_in_orange']",always moving or always have in orange,G(moving)|G(have_in_orange)
1392,"['proceed_to_house', 'start_going_to_tree']",when possible proceed to house and when possible start going to tree,F(proceed_to_house)&F(start_going_to_tree)
1051,"['snatch_up_pear', 'get_to_tree']",snatch up pear and get to tree,snatch_up_pear&get_to_tree
4606,"['get_hold_of_orange', 'getting_pear']",at some time get hold of orange and when possible getting pear,F(get_hold_of_orange)&F(getting_pear)
3417,"['drop_orange', 'go_to_apple']",drop orange or when possible go to apple,drop_orange|F(go_to_apple)
1811,"['withhold_apple', 'withhold_apple']",at any time withhold apple or at some time withhold apple,F(withhold_apple)|F(withhold_apple)
1144,"['withhold_apple', 'withhold_apple']",at some time withhold apple and at any time withhold apple,F(withhold_apple)&F(withhold_apple)
1213,"['approach_trash_can', 'snag_orange']",approach trash can and whenever snag orange,approach_trash_can&F(snag_orange)
1569,"['venture_to_waste_basket', 'go_to_trash_can']",at any time venture to waste basket and at some time go to trash can,F(venture_to_waste_basket)&F(go_to_trash_can)
4747,"['approach_tree', 'set_out_to_house']",approach tree or at any time set out to house,approach_tree|F(set_out_to_house)
1061,"['hold_on_pear', 'get_to_tree']",always hold on pear or get to tree,G(hold_on_pear)|get_to_tree
1182,"['go_to_apple_trashcan', 'go_to_transh_can']",repeatedly go to apple trashcan and at any time go to transh can,G(F(go_to_apple_trashcan))&F(go_to_transh_can)
1136,"['make_to_flag', 'reach_house']",at some time make to flag until reach house,F(make_to_flag)Ureach_house
5615,"['have_possession_of_apple', 'going_to_flag']","when at any time have possession of apple , whenever going to flag",F(have_possession_of_apple)->F(going_to_flag)
1407,"['go_by_waste_bin', 'reach_flag']",go by waste bin or at any time reach flag,go_by_waste_bin|F(reach_flag)
2116,"['hold_pear', 'stand_by_tree']",hold pear or when possible stand by tree,hold_pear|F(stand_by_tree)
1154,"['move_near_tree', 'keep_apple']",at any time move near tree and keep apple,F(move_near_tree)&keep_apple
2278,"['touch_tree', 'contact_house']",at any time touch tree or when possible contact house,F(touch_tree)|F(contact_house)
1147,"['withhold_apple', 'withhold_apple']",at any time withhold apple or at some time withhold apple,F(withhold_apple)|F(withhold_apple)
5139,"['get_hold_orange', 'steal_apple']",at any time get hold orange or at any time steal apple,F(get_hold_orange)|F(steal_apple)
2926,"['visit_flag', 'collect_pear']","when when possible visit flag , collect pear",F(visit_flag)->collect_pear
1330,"['collect_pear', 'take_possession_of_bear']",collect pear or at some time take possession of bear,collect_pear|F(take_possession_of_bear)
5007,"['travel_to_house', 'shift_to_flag']",at some time travel to house until when possible shift to flag,F(travel_to_house)UF(shift_to_flag)
5767,"['have_possession_of_apple', 'go_to_peach']",when possible have possession of apple or at some time go to peach,F(have_possession_of_apple)|F(go_to_peach)
5882,"['visit_tree', 'travel_to_flag']",visit tree or at some time travel to flag,visit_tree|F(travel_to_flag)
1680,"['drop_pear', 'grab_flag']","if drop pear , when possible grab flag",drop_pear->F(grab_flag)
1245,"['keep_apple', 'venture_flag']",keep apple or when possible venture flag,keep_apple|F(venture_flag)
3330,"['have_possession_of_apple', 'obtain_apple']",when possible have possession of apple or whenever obtain apple,F(have_possession_of_apple)|F(obtain_apple)
2220,"['approach_trash_can', 'be_in_houses_vicinity']",approach trash can or at some time be in house's vicinity,approach_trash_can|F(be_in_houses_vicinity)
2550,"['pass_by_house', 'travel_to_trash_can']",when possible pass by house or at some time travel to trash can,F(pass_by_house)|F(travel_to_trash_can)
4369,"['capture_pear', 'journey_to_flag']",at some time capture pear until at some time journey to flag,F(capture_pear)UF(journey_to_flag)
1634,"['travel_to_apple', 'get_to_tree']",travel to apple or get to tree,travel_to_apple|get_to_tree
5369,"['proceed_to_house', 'go_to_tree']",whenever proceed to house and whenever go to tree,F(proceed_to_house)&F(go_to_tree)
2062,"['go_home', 'make_contact_with_house']",when possible go home or whenever make contact with house,F(go_home)|F(make_contact_with_house)
1387,"['withhold_apple', 'venture_to_house']",at some time withhold apple or whenever venture to house,F(withhold_apple)|F(venture_to_house)
5343,"['hold_pear', 'going_to_house']",hold pear or at any time going to house,hold_pear|F(going_to_house)
1762,"['grab_orange', 'drop_orange']",at any time grab orange or never drop orange,F(grab_orange)|G(~(drop_orange))
3043,"['take_to_tree', 'hold_orange']",take to tree and hold orange,take_to_tree&hold_orange
3199,"['go_by_flag', 'pick_up_apple']",at any time go by flag and whenever pick up apple,F(go_by_flag)&F(pick_up_apple)
1108,"['get_to_flag', 'snatch_up_pear']",when possible get to flag and snatch up pear,F(get_to_flag)&snatch_up_pear
1958,"['make_way_to_house', 'secure_pear']",repeatedly make way to house or at any time secure pear,G(F(make_way_to_house))|F(secure_pear)
5034,"['acquire_pear', 'visit_house']",when possible acquire pear until whenever visit house,F(acquire_pear)UF(visit_house)
3119,"['haul_pear', 'be_at_flag']",when possible haul pear or at some time be at flag,F(haul_pear)|F(be_at_flag)
2169,"['have_in_orange', 'migrate_to_tree']",always have in orange can infer that whenever migrate to tree,G(have_in_orange)->F(migrate_to_tree)
1705,"['venture_to_house', 'present_at_flag']",when possible venture to house and at any time present at flag,F(venture_to_house)&F(present_at_flag)
1027,"['bring_pear', 'venture_to_house']",at any time bring pear and at some time venture to house,F(bring_pear)&F(venture_to_house)
1244,"['reach_flag', 'go_by_waste_bin']",at some time reach flag or go by waste bin,F(reach_flag)|go_by_waste_bin
4952,"['move_past_trash_can', 'go_to_pear']",at some time move past trash can or repeatedly go to pear,F(move_past_trash_can)|G(F(go_to_pear))
3020,"['journey_by_house', 'travel_by_tree']",when possible journey by house can infer that when possible travel by tree,F(journey_by_house)->F(travel_by_tree)
3554,"['get_hold_of_pear', 'seize_orange']",get hold of pear or when possible seize orange,get_hold_of_pear|F(seize_orange)
3812,"['withold_apple', 'go_by_house']",when possible withold apple and at some time go by house,F(withold_apple)&F(go_by_house)
4856,"['travel_house', 'go_to_apple']",at any time travel house and whenever go to apple,F(travel_house)&F(go_to_apple)
1521,"['venture_flag', 'get_to_flag']",at any time venture flag or whenever get to flag,F(venture_flag)|F(get_to_flag)
1860,"['journey_by_flag', 'go_near_house']",at any time journey by flag and at some time go near house,F(journey_by_flag)&F(go_near_house)
2133,"['put_in_apple_bucket', 'grasp_orange']",put in apple bucket or grasp orange,put_in_apple_bucket|grasp_orange
1686,"['stay', 'have_in_orange']",always stay and always have in orange,G(stay)&G(have_in_orange)
2485,"['go_to_transh_can', 'spend_time_at_tree']",when possible go to transh can until when possible spend time at tree,F(go_to_transh_can)UF(spend_time_at_tree)
1276,"['reach_flag', 'secure_apple']",whenever reach flag or secure apple,F(reach_flag)|secure_apple
3912,"['be_near_tree', 'show_yourself_near_house']",at any time be near tree and at any time show yourself near house,F(be_near_tree)&F(show_yourself_near_house)
5949,"['contact_flag', 'go_past_flag']",at some time contact flag or at some time go past flag,F(contact_flag)|F(go_past_flag)
1098,"['let_go_orange', 'visit_house']",never let go orange or when possible visit house,G(~(let_go_orange))|F(visit_house)
5706,"['put_in_bin', 'take_to_trash_can']",put in bin or take to trash can,put_in_bin|take_to_trash_can
1029,"['drop_by', 'grab_orange']",drop by or at some time grab orange,drop_by|F(grab_orange)
4858,"['stop_by_trash_can', 'haul_pear']",at some time stop by trash can means that whenever haul pear,F(stop_by_trash_can)->F(haul_pear)
4939,"['pass_by_house', 'pick_up_orange']",when possible pass by house and pick up orange,F(pass_by_house)&pick_up_orange
4832,"['go_past_flag', 'snatch_pear']",whenever go past flag means that whenever snatch pear,F(go_past_flag)->F(snatch_pear)
1232,"['go_by_waste_basket', 'reach_flag']",when possible go by waste basket or at some time reach flag,F(go_by_waste_basket)|F(reach_flag)
1786,"['venture_towards_house', 'drop_apple']",venture towards house and never drop apple,venture_towards_house&G(~(drop_apple))
5652,"['procure_orange', 'go_by_flag']",when possible procure orange or whenever go by flag,F(procure_orange)|F(go_by_flag)
2288,"['go_to_waste_basket', 'go_to_house']",repeatedly go to waste basket until at any time go to house,G(F(go_to_waste_basket))UF(go_to_house)
1131,"['go_by_waste_bin', 'venture_towards_house']",go by waste bin until venture towards house,go_by_waste_binUventure_towards_house
4789,"['show_yourself_near_house', 'shift_to_flag']",when possible show yourself near house or at any time shift to flag,F(show_yourself_near_house)|F(shift_to_flag)
2544,"['reach_trash_can', 'journey_by_house']",reach trash can or whenever journey by house,reach_trash_can|F(journey_by_house)
1894,"['present_at_flag', 'bring_pear']",at any time present at flag or when possible bring pear,F(present_at_flag)|F(bring_pear)
3248,"['get_pear', 'go_to_peach']","if whenever get pear , when possible go to peach",F(get_pear)->F(go_to_peach)
1382,"['go_by_waste_bin', 'bring_pear']",go by waste bin or at some time bring pear,go_by_waste_bin|F(bring_pear)
1509,"['go_by_waste_basket', 'drop_apple']",at some time go by waste basket and never drop apple,F(go_by_waste_basket)&G(~(drop_apple))
1142,"['get_near_flag', 'lay_hold_of_apple']",at some time get near flag or whenever lay hold of apple,F(get_near_flag)|F(lay_hold_of_apple)
2421,"['keep_apple', 'visit_trash_bin']",keep apple or at some time visit trash bin,keep_apple|F(visit_trash_bin)
4753,"['tax_apple', 'visit_house']",whenever tax apple or whenever visit house,F(tax_apple)|F(visit_house)
1939,"['withhold_apple', 'drop_apple']",at any time withhold apple or never drop apple,F(withhold_apple)|G(~(drop_apple))
2269,"['track_towards_tree', 'have_pear']",at some time track towards tree and whenever have pear,F(track_towards_tree)&F(have_pear)
1904,"['venture_to_house', 'present_at_flag']",whenever venture to house or whenever present at flag,F(venture_to_house)|F(present_at_flag)
1920,"['reach_flag', 'go_by_waste_bin']",whenever reach flag means that go by waste bin,F(reach_flag)->go_by_waste_bin
2566,"['pass_by_house', 'get_orange']",at some time pass by house or at any time get orange,F(pass_by_house)|F(get_orange)
2920,"['show_yourself_near_house', 'proceed_to_house']",when possible show yourself near house or whenever proceed to house,F(show_yourself_near_house)|F(proceed_to_house)
1648,"['snatch_up_pear', 'approach_trash_can']",snatch up pear and approach trash can,snatch_up_pear&approach_trash_can
4210,"['proceed_to_flag', 'go_by_trash_can']",whenever proceed to flag or always go by trash can,F(proceed_to_flag)|G(go_by_trash_can)
2439,"['move_to_trashcan', 'start_going_to_house']",move to trashcan or at any time start going to house,move_to_trashcan|F(start_going_to_house)
1699,"['bring_pear', 'secure_apple']",when possible bring pear or secure apple,F(bring_pear)|secure_apple
1843,"['move_to_house', 'secure_pear']",move to house and whenever secure pear,move_to_house&F(secure_pear)
4645,"['get_orange', 'let_go_apple']",whenever get orange and whenever let go apple,F(get_orange)&F(let_go_apple)
5081,"['venture_to_waste_basket', 'acquire_orange']",when possible venture to waste basket and acquire orange,F(venture_to_waste_basket)&acquire_orange
1958,"['grab_tree', 'hold_on_pear']",repeatedly grab tree or forever hold on pear,G(F(grab_tree))|G(hold_on_pear)
1552,"['reach_flag', 'bring_pear']",at some time reach flag or whenever bring pear,F(reach_flag)|F(bring_pear)
3993,"['go_to_peach', 'go_past_flag']",at any time go to peach or when possible go past flag,F(go_to_peach)|F(go_past_flag)
1812,"['drop_apple', 'present_at_flag']",never drop apple or at some time present at flag,G(~(drop_apple))|F(present_at_flag)
2720,"['approach_flag', 'venture_to_waste_basket']",when possible approach flag or whenever venture to waste basket,F(approach_flag)|F(venture_to_waste_basket)
2280,"['procure_pear', 'take_pear']",at some time procure pear and take pear,F(procure_pear)&take_pear
1619,"['walk', 'pick_up_orange']","when walk , pick up orange",walk->pick_up_orange
3456,"['approach_tree', 'go_by_tree']",approach tree or when possible go by tree,approach_tree|F(go_by_tree)
1670,"['secure_apple', 'venture_towards_house']",secure apple and venture towards house,secure_apple&venture_towards_house
3753,"['pass_by_trash_bin', 'get_orange']",at any time pass by trash bin or whenever get orange,F(pass_by_trash_bin)|F(get_orange)
2647,"['get_hold_of_pear', 'make_your_way_flag']",get hold of pear or when possible make your way flag,get_hold_of_pear|F(make_your_way_flag)
4836,"['be_near_tree', 'make_way_for_tree']",at any time be near tree and when possible make way for tree,F(be_near_tree)&F(make_way_for_tree)
5057,"['move_forward_trash_can', 'go_near_pear']",at any time move forward trash can and at some time go near pear,F(move_forward_trash_can)&F(go_near_pear)
1627,"['let_go_orange', 'snag_orange']",do not let go orange until at any time snag orange,~(let_go_orange)UF(snag_orange)
1561,"['get_to_tree', 'grab_tree']",get to tree or repeatedly grab tree,get_to_tree|G(F(grab_tree))
1692,"['go_to_transh_can', 'travel_to_apple']",at any time go to transh can or travel to apple,F(go_to_transh_can)|travel_to_apple
1839,"['travel_to_tree', 'let_go_apple']",travel to tree and never let go apple,travel_to_tree&G(~(let_go_apple))
1690,"['venture_flag', 'stop_by_house']",at some time venture flag or whenever stop by house,F(venture_flag)|F(stop_by_house)
1231,"['reach_house', 'go_near_house']",reach house and at any time go near house,reach_house&F(go_near_house)
2351,"['go_by_trash_can', 'grab_apple']",always go by trash can or when possible grab apple,G(go_by_trash_can)|F(grab_apple)
4688,"['set_out_to_house', 'go_visit_flag']",whenever set out to house and go visit flag,F(set_out_to_house)&go_visit_flag
1838,"['migrate_to_tree', 'travel_to_apple']",at some time migrate to tree until travel to apple,F(migrate_to_tree)Utravel_to_apple
5587,"['go_visit_flag', 'capture_orange']",go visit flag means that capture orange,go_visit_flag->capture_orange
5713,"['hold_apple', 'make_contact_flag']","if hold apple , at any time make contact flag",hold_apple->F(make_contact_flag)
1024,"['snag_orange', 'track_towards_tree']",when possible snag orange and at some time track towards tree,F(snag_orange)&F(track_towards_tree)
4218,"['gather_orange', 'travel_by_tree']",gather orange until at any time travel by tree,gather_orangeUF(travel_by_tree)
1444,"['keep_apple', 'grab_tree']",keep apple until repeatedly grab tree,keep_appleUG(F(grab_tree))
1771,"['keep_apple', 'go_near_house']",keep apple or whenever go near house,keep_apple|F(go_near_house)
4204,"['pick_up_apple', 'go_to_waste_basket']",when possible pick up apple and repeatedly go to waste basket,F(pick_up_apple)&G(F(go_to_waste_basket))
2406,"['make_way_waste_basket', 'withdraw_pear']",whenever make way waste basket and at any time withdraw pear,F(make_way_waste_basket)&F(withdraw_pear)
1367,"['grip_apple', 'start_going_to_house']",grip apple or at any time start going to house,grip_apple|F(start_going_to_house)
1479,"['drop_orange', 'journey_by_house']",drop orange and at any time journey by house,drop_orange&F(journey_by_house)
1724,"['get_near_flag', 'clutch_orange']",whenever get near flag and at some time clutch orange,F(get_near_flag)&F(clutch_orange)
5773,"['journey_by_house', 'get_to_cup']",whenever journey by house or when possible get to cup,F(journey_by_house)|F(get_to_cup)
5233,"['approach_flag', 'stop_by_flag']",whenever approach flag or stop by flag,F(approach_flag)|stop_by_flag
1177,"['get_to_flag', 'go_to_trashcan']",at some time get to flag or at some time go to trashcan,F(get_to_flag)|F(go_to_trashcan)
4089,"['obtain_apple', 'acquire_orange']",when possible obtain apple means that acquire orange,F(obtain_apple)->acquire_orange
1835,"['bring_pear', 'bring_pear']",at some time bring pear or when possible bring pear,F(bring_pear)|F(bring_pear)
1076,"['pick_up_anything', 'go_to_pear']",do not pick up anything and repeatedly go to pear,~(F(pick_up_anything))&G(F(go_to_pear))
3118,"['shift_to_flag', 'grab_orange']",when possible shift to flag until whenever grab orange,F(shift_to_flag)UF(grab_orange)
1128,"['put_in_bin', 'come_home']",put in bin and at any time come home,put_in_bin&F(come_home)
3036,"['pick_up_apple', 'make_contact_flag']",when possible pick up apple or whenever make contact flag,F(pick_up_apple)|F(make_contact_flag)
1922,"['spend_time_at_tree', 'be_in_houses_vicinity']",at some time spend time at tree and at some time be in house's vicinity,F(spend_time_at_tree)&F(be_in_houses_vicinity)
1549,"['venture_flag', 'let_go_orange']",when possible venture flag and don't let go orange,F(venture_flag)&~(let_go_orange)
1439,"['withhold_apple', 'present_at_flag']",at any time withhold apple or at any time present at flag,F(withhold_apple)|F(present_at_flag)
4225,"['move_past_trash_can', 'go_to_trash_bin']",whenever move past trash can and when possible go to trash bin,F(move_past_trash_can)&F(go_to_trash_bin)
2054,"['scoop_up_pear', 'get_hold_of_orange']",at some time scoop up pear and at any time get hold of orange,F(scoop_up_pear)&F(get_hold_of_orange)
2798,"['go_past_house', 'drop_orange']",when possible go past house and never drop orange,F(go_past_house)&G(~(drop_orange))
5923,"['drop_orange', 'capture_orange']",drop orange until capture orange,drop_orangeUcapture_orange
5517,"['withold_apple', 'go_to_flag']",when possible withold apple or when possible go to flag,F(withold_apple)|F(go_to_flag)
2953,"['set_out_to_house', 'travel_by_tree']",whenever set out to house or whenever travel by tree,F(set_out_to_house)|F(travel_by_tree)
1157,"['drop_apple', 'go_by_waste_bin']",never drop apple until go by waste bin,G(~(drop_apple))Ugo_by_waste_bin
1999,"['go_to_trashcan', 'move_to_trashcan']",whenever go to trashcan until move to trashcan,F(go_to_trashcan)Umove_to_trashcan
2230,"['journey_by_flag', 'get_to_tree']",whenever journey by flag or get to tree,F(journey_by_flag)|get_to_tree
1951,"['bring_pear', 'withhold_apple']",when possible bring pear or at some time withhold apple,F(bring_pear)|F(withhold_apple)
1665,"['secure_apple', 'drop_apple']",secure apple or never drop apple,secure_apple|G(~(drop_apple))
1264,"['reach_flag', 'venture_towards_house']",when possible reach flag until venture towards house,F(reach_flag)Uventure_towards_house
2370,"['go_to_transh_can', 'drop_orange']",at any time go to transh can until never drop orange,F(go_to_transh_can)UG(~(drop_orange))
5695,"['go_to_trash_can', 'go_to_home']",at any time go to trash can and at any time go to home,F(go_to_trash_can)&F(go_to_home)
1927,"['procure_apple', 'gather_apple']",procure apple and gather apple,procure_apple&gather_apple
1146,"['go_to_trash_receptacle', 'drop_pear']",when possible go to trash receptacle or never drop pear,F(go_to_trash_receptacle)|G(~(drop_pear))
1807,"['present_at_flag', 'venture_towards_house']",at some time present at flag and venture towards house,F(present_at_flag)&venture_towards_house
2674,"['procure_pear', 'grab_apple']",whenever procure pear and whenever grab apple,F(procure_pear)&F(grab_apple)
1670,"['gather_pear', 'haul_pear']",at some time gather pear and at any time haul pear,F(gather_pear)&F(haul_pear)
1071,"['venture_towards_house', 'present_at_flag']",venture towards house or whenever present at flag,venture_towards_house|F(present_at_flag)
1310,"['going_to_house', 'go_to_waste_basket']",when possible going to house or repeatedly go to waste basket,F(going_to_house)|G(F(go_to_waste_basket))
1088,"['snag_orange', 'lay_hold_of_apple']",at some time snag orange or at some time lay hold of apple,F(snag_orange)|F(lay_hold_of_apple)
1187,"['go_to_house', 'make_way_for_tree']",whenever go to house or whenever make way for tree,F(go_to_house)|F(make_way_for_tree)
5393,"['show_yourself_near_house', 'go_near_flag']",at any time show yourself near house and at any time go near flag,F(show_yourself_near_house)&F(go_near_flag)
5864,"['procure_orange', 'proceed_to_house']",whenever procure orange or whenever proceed to house,F(procure_orange)|F(proceed_to_house)
4050,"['move_to_flag', 'go_visit_house']",when possible move to flag and when possible go visit house,F(move_to_flag)&F(go_visit_house)
1981,"['withdraw_pear', 'grab_tree']",when possible withdraw pear or repeatedly grab tree,F(withdraw_pear)|G(F(grab_tree))
2725,"['approach_flag', 'drop_apple']",at any time approach flag or never drop apple,F(approach_flag)|G(~(drop_apple))
2441,"['grab_hold_pear', 'let_go_orange']",grab hold pear can infer that don't let go orange,grab_hold_pear->~(let_go_orange)
1635,"['spend_time_at_tree', 'go_to_transh_can']",when possible spend time at tree or when possible go to transh can,F(spend_time_at_tree)|F(go_to_transh_can)
2237,"['go_to_house', 'stop_by_trash_can']",at some time go to house and whenever stop by trash can,F(go_to_house)&F(stop_by_trash_can)
3076,"['pick_up_orange', 'haul_pear']",pick up orange or at some time haul pear,pick_up_orange|F(haul_pear)
2874,"['going_to_house', 'go_home']",at some time going to house or when possible go home,F(going_to_house)|F(go_home)
4133,"['make_way_to_house', 'be_near_tree']",repeatedly make way to house and at any time be near tree,G(F(make_way_to_house))&F(be_near_tree)
1348,"['lay_hold_of_apple', 'hold_on_pear']",when possible lay hold of apple or forever hold on pear,F(lay_hold_of_apple)|G(hold_on_pear)
1989,"['journey_to_house', 'approach_tree']",when possible journey to house until approach tree,F(journey_to_house)Uapproach_tree
5734,"['visit_flag', 'make_way_for_tree']",at some time visit flag and when possible make way for tree,F(visit_flag)&F(make_way_for_tree)
1648,"['take_to_trash_can', 'venture_house']",take to trash can or when possible venture house,take_to_trash_can|F(venture_house)
1860,"['go_by_waste_basket', 'venture_towards_house']",whenever go by waste basket or venture towards house,F(go_by_waste_basket)|venture_towards_house
3565,"['pass_by_trash_bin', 'withold_apple']",whenever pass by trash bin or at some time withold apple,F(pass_by_trash_bin)|F(withold_apple)
4990,"['getting_pear', 'haul_pear']",whenever getting pear or at some time haul pear,F(getting_pear)|F(haul_pear)
1054,"['visit_trash_bin', 'snag_orange']",at any time visit trash bin and when possible snag orange,F(visit_trash_bin)&F(snag_orange)
1088,"['venture_to_house', 'bring_pear']",whenever venture to house or at any time bring pear,F(venture_to_house)|F(bring_pear)
5819,"['go_by_flag', 'put_in_bucket']",whenever go by flag or put in bucket,F(go_by_flag)|put_in_bucket
1444,"['pick_up_peach', 'pick_up_apple']",at any time pick up peach or whenever pick up apple,F(pick_up_peach)|F(pick_up_apple)
1240,"['present_at_flag', 'go_by_waste_basket']",at any time present at flag or at any time go by waste basket,F(present_at_flag)|F(go_by_waste_basket)
5197,"['venture_house', 'get_hold_apple']","if at any time venture house , at any time get hold apple",F(venture_house)->F(get_hold_apple)
1253,"['be_at_house', 'travel_to_tree']",when possible be at house or travel to tree,F(be_at_house)|travel_to_tree
1116,"['withhold_apple', 'reach_flag']",at some time withhold apple and at some time reach flag,F(withhold_apple)&F(reach_flag)
2371,"['acquire_pear', 'take_pear']","when at some time acquire pear , take pear",F(acquire_pear)->take_pear
1641,"['go_by_house', 'get_close_flag']",at some time go by house or at some time get close flag,F(go_by_house)|F(get_close_flag)
1173,"['venture_to_house', 'venture_to_house']",at some time venture to house or at any time venture to house,F(venture_to_house)|F(venture_to_house)
1313,"['grab_tree', 'go_to_trashcan']",repeatedly grab tree or when possible go to trashcan,G(F(grab_tree))|F(go_to_trashcan)
4278,"['show_yourself_near_house', 'grab_orange']",at any time show yourself near house or when possible grab orange,F(show_yourself_near_house)|F(grab_orange)
3472,"['walk_near_flag', 'approach_tree']",whenever walk near flag or approach tree,F(walk_near_flag)|approach_tree
5879,"['grab_pear', 'get_hold_apple']",when possible grab pear or when possible get hold apple,F(grab_pear)|F(get_hold_apple)
5832,"['go_to_flag', 'drop_orange']",when possible go to flag or never drop orange,F(go_to_flag)|G(~(drop_orange))
4177,"['pass_by_house', 'approach_tree']",at some time pass by house or approach tree,F(pass_by_house)|approach_tree
4413,"['gather_apple', 'hold_orange']",gather apple and hold orange,gather_apple&hold_orange
1134,"['get_near_flag', 'go_to_apple_trashcan']",when possible get near flag and repeatedly go to apple trashcan,F(get_near_flag)&G(F(go_to_apple_trashcan))
2808,"['let_go_orange', 'journey_by_house']",never let go orange until when possible journey by house,G(~(let_go_orange))UF(journey_by_house)
5350,"['get_pear', 'grasp_orange']",when possible get pear and grasp orange,F(get_pear)&grasp_orange
1039,"['approach_trash_can', 'withdraw_pear']",approach trash can until whenever withdraw pear,approach_trash_canUF(withdraw_pear)
2331,"['visit_tree', 'haul_pear']",visit tree and at some time haul pear,visit_tree&F(haul_pear)
5478,"['hold_on_to_pear', 'go_to_trash_bin']",hold on to pear or when possible go to trash bin,hold_on_to_pear|F(go_to_trash_bin)
1668,"['snag_orange', 'have_pear']",at some time snag orange or whenever have pear,F(snag_orange)|F(have_pear)
5251,"['drop_by', 'visit_waste_basket']",drop by and when possible visit waste basket,drop_by&F(visit_waste_basket)
1741,"['migrate_to_tree', 'go_to_transh_can']","if at some time migrate to tree , at some time go to transh can",F(migrate_to_tree)->F(go_to_transh_can)
5040,"['let_go_pear', 'move_towards_trash_can']",don't let go pear or move towards trash can,~(let_go_pear)|move_towards_trash_can
1790,"['seize_orange', 'go_by_trash_can']",at any time seize orange or always go by trash can,F(seize_orange)|G(go_by_trash_can)
4592,"['make_your_way_flag', 'move_to_flag']",at some time make your way flag or at any time move to flag,F(make_your_way_flag)|F(move_to_flag)
2954,"['capture_pear', 'tax_apple']",at some time capture pear or at any time tax apple,F(capture_pear)|F(tax_apple)
1203,"['venture_towards_house', 'go_by_waste_basket']",venture towards house or whenever go by waste basket,venture_towards_house|F(go_by_waste_basket)
1658,"['pick_up_anything', 'go_visit_house']",don't pick up anything and whenever go visit house,~(F(pick_up_anything))&F(go_visit_house)
1540,"['get_near_flag', 'have_pear']",at any time get near flag or at any time have pear,F(get_near_flag)|F(have_pear)
2009,"['drop_pear', 'get_near_flag']",drop pear and at any time get near flag,drop_pear&F(get_near_flag)
1341,"['hold_pear', 'hold_onto_orange']",hold pear or forever hold onto orange,hold_pear|G(hold_onto_orange)
1856,"['move_near_tree', 'go_to_transh_can']",at some time move near tree or at any time go to transh can,F(move_near_tree)|F(go_to_transh_can)
5000,"['haul_pear', 'acquire_apple']",when possible haul pear or acquire apple,F(haul_pear)|acquire_apple
2179,"['get_near_flag', 'reach_house']",when possible get near flag or reach house,F(get_near_flag)|reach_house
5075,"['go_to_house', 'go_visit_flag']",at some time go to house and go visit flag,F(go_to_house)&go_visit_flag
3346,"['have_possession_of_apple', 'collect_apple']",at any time have possession of apple and whenever collect apple,F(have_possession_of_apple)&F(collect_apple)
2715,"['collect_orange', 'walk_to_flag']",when possible collect orange and when possible walk to flag,F(collect_orange)&F(walk_to_flag)
1246,"['venture_to_waste_basket', 'move_to_house']",whenever venture to waste basket and move to house,F(venture_to_waste_basket)&move_to_house
4750,"['seize_orange', 'obtain_pear']",whenever seize orange or whenever obtain pear,F(seize_orange)|F(obtain_pear)
3712,"['pick_up_fruit', 'grab_apple']",pick up fruit or when possible grab apple,pick_up_fruit|F(grab_apple)
2204,"['be_at_flag', 'go_near_pear']",whenever be at flag or when possible go near pear,F(be_at_flag)|F(go_near_pear)
2253,"['put_in_bin', 'take_possession_of_bear']",put in bin or when possible take possession of bear,put_in_bin|F(take_possession_of_bear)
3549,"['move_to_house', 'go_to_pear']",move to house and repeatedly go to pear,move_to_house&G(F(go_to_pear))
4262,"['go_to_peach', 'make_way_to_house']",at any time go to peach or repeatedly make way to house,F(go_to_peach)|G(F(make_way_to_house))
3662,"['drop_by', 'drop_apple']",drop by or never drop apple,drop_by|G(~(drop_apple))
1955,"['hold_orange', 'stop_by_flag']",hold orange can infer that stop by flag,hold_orange->stop_by_flag
3514,"['journey_to_house', 'journey_by_house']",at any time journey to house or whenever journey by house,F(journey_to_house)|F(journey_by_house)
2716,"['pass_by_house', 'move_to_trash_can']",at some time pass by house or move to trash can,F(pass_by_house)|move_to_trash_can
3209,"['take_orange', 'go_to_home']",take orange until whenever go to home,take_orangeUF(go_to_home)
4497,"['scoop_up_apple', 'take_pear']",when possible scoop up apple can infer that take pear,F(scoop_up_apple)->take_pear
5016,"['grab_orange', 'contact_flag']",at any time grab orange and at any time contact flag,F(grab_orange)&F(contact_flag)
1077,"['go_past_house', 'collect_pear']",when possible go past house and collect pear,F(go_past_house)&collect_pear
2773,"['gather_pear', 'collect_pear']",whenever gather pear and collect pear,F(gather_pear)&collect_pear
2497,"['go_to_orange', 'gather_pear']",go to orange until at some time gather pear,go_to_orangeUF(gather_pear)
3136,"['pass_by_waste_receptacle', 'go_visit_flag']",whenever pass by waste receptacle can infer that go visit flag,F(pass_by_waste_receptacle)->go_visit_flag
1391,"['acquire_pear', 'pass_by_waste_receptacle']",at any time acquire pear or at any time pass by waste receptacle,F(acquire_pear)|F(pass_by_waste_receptacle)
1671,"['have_possession_of_apple', 'hold_pear']",at any time have possession of apple and hold pear,F(have_possession_of_apple)&hold_pear
1410,"['venture_towards_house', 'go_by_waste_basket']",venture towards house and whenever go by waste basket,venture_towards_house&F(go_by_waste_basket)
2045,"['grab_flag', 'have_in_orange']",whenever grab flag or always have in orange,F(grab_flag)|G(have_in_orange)
3599,"['go_past_flag', 'approach_tree']",whenever go past flag or approach tree,F(go_past_flag)|approach_tree
1723,"['have_possession_of_apple', 'go_to_pear']",at some time have possession of apple or repeatedly go to pear,F(have_possession_of_apple)|G(F(go_to_pear))
3160,"['put_in_apple_bucket', 'get_hold_of_pear']",put in apple bucket or get hold of pear,put_in_apple_bucket|get_hold_of_pear
5571,"['put_in_apple_bucket', 'travel_to_trash_can']",put in apple bucket and at any time travel to trash can,put_in_apple_bucket&F(travel_to_trash_can)
1268,"['go_to_trash_can', 'go_by_tree']",at some time go to trash can or at some time go by tree,F(go_to_trash_can)|F(go_by_tree)
2108,"['make_to_flag', 'drop_pear']",at some time make to flag and drop pear,F(make_to_flag)&drop_pear
3799,"['get_apple', 'get_orange']",at any time get apple and at any time get orange,F(get_apple)&F(get_orange)
1394,"['venture_towards_house', 'go_by_waste_bin']",venture towards house and go by waste bin,venture_towards_house&go_by_waste_bin
1183,"['reach_house', 'go_to_orange_bin']",reach house or go to orange bin,reach_house|go_to_orange_bin
1603,"['seize_apple', 'pick_up_apple']",seize apple and at some time pick up apple,seize_apple&F(pick_up_apple)
1787,"['reach_flag', 'bring_pear']","if at some time reach flag , when possible bring pear",F(reach_flag)->F(bring_pear)
2151,"['have_pear', 'reach_house']",when possible have pear or reach house,F(have_pear)|reach_house
1346,"['journey_by_flag', 'take_to_trashcan']",when possible journey by flag and take to trashcan,F(journey_by_flag)&take_to_trashcan
2468,"['come_to_tree', 'come_to_tree']",come to tree until come to tree,come_to_treeUcome_to_tree
1380,"['bring_pear', 'reach_flag']",at any time bring pear and at any time reach flag,F(bring_pear)&F(reach_flag)
5400,"['go_to_apple', 'show_yourself_near_house']",whenever go to apple or whenever show yourself near house,F(go_to_apple)|F(show_yourself_near_house)
1889,"['touch_flag', 'get_apple']",forever touch flag or at some time get apple,G(touch_flag)|F(get_apple)
1176,"['drop_apple', 'present_at_flag']",never drop apple or whenever present at flag,G(~(drop_apple))|F(present_at_flag)
4024,"['move_to_tree', 'grasp_orange']",move to tree or grasp orange,move_to_tree|grasp_orange
1768,"['yield_pear', 'grab_orange']",at some time yield pear or at some time grab orange,F(yield_pear)|F(grab_orange)
4305,"['go_past_flag', 'approach_tree']",at any time go past flag and approach tree,F(go_past_flag)&approach_tree
1837,"['stay', 'venture_flag']",forever stay or whenever venture flag,G(stay)|F(venture_flag)
1024,"['take_orange', 'yield_pear']",take orange or when possible yield pear,take_orange|F(yield_pear)
4195,"['make_contact_flag', 'grasp_orange']",at some time make contact flag or grasp orange,F(make_contact_flag)|grasp_orange
1202,"['get_near_flag', 'snag_orange']",when possible get near flag or at some time snag orange,F(get_near_flag)|F(snag_orange)
3743,"['hold_on_to_pear', 'journey_by_house']",hold on to pear or whenever journey by house,hold_on_to_pear|F(journey_by_house)
5724,"['take_apple', 'travel_to_trash_can']",take apple and at some time travel to trash can,take_apple&F(travel_to_trash_can)
1114,"['stop_by_house', 'come_to_tree']",when possible stop by house means that come to tree,F(stop_by_house)->come_to_tree
1058,"['journey_by_house', 'venture_to_trash_can']",at any time journey by house and venture to trash can,F(journey_by_house)&venture_to_trash_can
1969,"['travel_to_tree', 'go_to_bucket']",travel to tree and go to bucket,travel_to_tree&go_to_bucket
4833,"['move_to_house', 'stand_by_tree']",move to house means that whenever stand by tree,move_to_house->F(stand_by_tree)
1937,"['go_by_waste_basket', 'go_by_waste_bin']",whenever go by waste basket or go by waste bin,F(go_by_waste_basket)|go_by_waste_bin
5451,"['go_to_home', 'going_to_house']",at any time go to home or at any time going to house,F(go_to_home)|F(going_to_house)
3638,"['pick_up_apple', 'pick_up_fruit']",when possible pick up apple and pick up fruit,F(pick_up_apple)&pick_up_fruit
1868,"['drop_pear', 'go_to_transh_can']",drop pear until at some time go to transh can,drop_pearUF(go_to_transh_can)
5700,"['approach_house', 'show_yourself_near_house']",at any time approach house and at some time show yourself near house,F(approach_house)&F(show_yourself_near_house)
1571,"['acquire_orange', 'make_your_way_flag']",acquire orange or whenever make your way flag,acquire_orange|F(make_your_way_flag)
1332,"['hold_onto_orange', 'go_near_pear']",forever hold onto orange or whenever go near pear,G(hold_onto_orange)|F(go_near_pear)
1758,"['venture_to_house', 'go_by_waste_basket']",whenever venture to house and whenever go by waste basket,F(venture_to_house)&F(go_by_waste_basket)
4846,"['hold_pear', 'venture_to_waste_basket']",hold pear and at any time venture to waste basket,hold_pear&F(venture_to_waste_basket)
4435,"['going_to_house', 'go_to_flag']",at some time going to house and when possible go to flag,F(going_to_house)&F(go_to_flag)
4625,"['go_past_flag', 'withold_apple']",when possible go past flag and whenever withold apple,F(go_past_flag)&F(withold_apple)
5821,"['get_orange', 'come_home']",whenever get orange and at some time come home,F(get_orange)&F(come_home)
1966,"['go_past_flag', 'obtain_pear']",at any time go past flag or at some time obtain pear,F(go_past_flag)|F(obtain_pear)
2279,"['get_near_flag', 'visit_trash_bin']",at any time get near flag and at any time visit trash bin,F(get_near_flag)&F(visit_trash_bin)
5458,"['getting_pear', 'walk_to_flag']",whenever getting pear until at some time walk to flag,F(getting_pear)UF(walk_to_flag)
1135,"['journey_by_flag', 'lay_hold_of_apple']",at any time journey by flag and at any time lay hold of apple,F(journey_by_flag)&F(lay_hold_of_apple)
5812,"['stop_by_flag', 'go_to_house']",stop by flag or at some time go to house,stop_by_flag|F(go_to_house)
5929,"['reach_trash_can', 'travel_to_waste_bin']",reach trash can or travel to waste bin,reach_trash_can|travel_to_waste_bin
4880,"['travel_house', 'seize_orange']",when possible travel house or at some time seize orange,F(travel_house)|F(seize_orange)
4047,"['travel_to_trash_can', 'travel_house']",whenever travel to trash can or at some time travel house,F(travel_to_trash_can)|F(travel_house)
2706,"['travel_to_house', 'let_go_pear']",when possible travel to house can infer that do not let go pear,F(travel_to_house)->~(let_go_pear)
1429,"['keep_apple', 'grab_hold_pear']",keep apple or grab hold pear,keep_apple|grab_hold_pear
5325,"['get_hold_of_orange', 'hold_onto_orange']",when possible get hold of orange or always hold onto orange,F(get_hold_of_orange)|G(hold_onto_orange)
4940,"['stop_by_flag', 'drop_pear']","if stop by flag , never drop pear",stop_by_flag->G(~(drop_pear))
1492,"['go_by_waste_basket', 'reach_flag']",whenever go by waste basket or at any time reach flag,F(go_by_waste_basket)|F(reach_flag)
1777,"['withhold_apple', 'reach_flag']",whenever withhold apple or when possible reach flag,F(withhold_apple)|F(reach_flag)
5560,"['pass_by_house', 'obtain_orange']",when possible pass by house and at any time obtain orange,F(pass_by_house)&F(obtain_orange)
1680,"['bring_pear', 'venture_to_house']",when possible bring pear means that whenever venture to house,F(bring_pear)->F(venture_to_house)
5595,"['go_to_trash_can', 'pass_by_house']",when possible go to trash can and at some time pass by house,F(go_to_trash_can)&F(pass_by_house)
5460,"['secure_pear', 'go_visit_house']",whenever secure pear or when possible go visit house,F(secure_pear)|F(go_visit_house)
3668,"['going_to_house', 'pick_up_peach']",at any time going to house or at any time pick up peach,F(going_to_house)|F(pick_up_peach)
3438,"['move_around', 'get_pear']",forever move around or at any time get pear,G(move_around)|F(get_pear)
1869,"['get_hold_of_orange', 'move_past_trash_can']","if whenever get hold of orange , whenever move past trash can",F(get_hold_of_orange)->F(move_past_trash_can)
1810,"['bring_pear', 'present_at_flag']",whenever bring pear and whenever present at flag,F(bring_pear)&F(present_at_flag)
2784,"['move_to_house', 'travel_to_trash_can']",move to house until whenever travel to trash can,move_to_houseUF(travel_to_trash_can)
2254,"['make_way_waste_basket', 'move_to_trashcan']",whenever make way waste basket or move to trashcan,F(make_way_waste_basket)|move_to_trashcan
1757,"['get_apple', 'grab_pear']",whenever get apple or at some time grab pear,F(get_apple)|F(grab_pear)
4096,"['put_in_bin', 'gather_pear']",put in bin or at any time gather pear,put_in_bin|F(gather_pear)
4258,"['pick_up_apple', 'visit_house']",at some time pick up apple until when possible visit house,F(pick_up_apple)UF(visit_house)
3072,"['gather_apple', 'seize_pear']",gather apple and at any time seize pear,gather_apple&F(seize_pear)
2316,"['approach_flag', 'pick_up_orange']",at any time approach flag or pick up orange,F(approach_flag)|pick_up_orange
5153,"['contact_house', 'acquire_pear']",at any time contact house and whenever acquire pear,F(contact_house)&F(acquire_pear)
5785,"['go_by_house', 'grab_orange']",at some time go by house or at any time grab orange,F(go_by_house)|F(grab_orange)
5738,"['be_near_tree', 'capture_pear']",at some time be near tree and when possible capture pear,F(be_near_tree)&F(capture_pear)
3847,"['travel_by_tree', 'venture_house']",at some time travel by tree or at some time venture house,F(travel_by_tree)|F(venture_house)
2664,"['arrive_at_tree', 'let_go_orange']",when possible arrive at tree or never let go orange,F(arrive_at_tree)|G(~(let_go_orange))
2801,"['let_go_apple', 'move_to_flag']","when when possible let go apple , at some time move to flag",F(let_go_apple)->F(move_to_flag)
1242,"['advance_to_tree', 'grab_flag']",advance to tree or at some time grab flag,advance_to_tree|F(grab_flag)
1930,"['journey_to_flag', 'go_to_orange']",whenever journey to flag or go to orange,F(journey_to_flag)|go_to_orange
2367,"['migrate_to_tree', 'lay_hold_of_apple']",whenever migrate to tree and when possible lay hold of apple,F(migrate_to_tree)&F(lay_hold_of_apple)
1752,"['travel_to_flag', 'seize_apple']",whenever travel to flag or seize apple,F(travel_to_flag)|seize_apple
1867,"['grab_flag', 'travel_to_apple']",at some time grab flag or travel to apple,F(grab_flag)|travel_to_apple
1290,"['going_to_tree', 'approach_house']",going to tree and at some time approach house,going_to_tree&F(approach_house)
4259,"['scoop_up_apple', 'seize_pear']",at any time scoop up apple and at any time seize pear,F(scoop_up_apple)&F(seize_pear)
2191,"['approach_trash_can', 'drop_pear']",approach trash can means that drop pear,approach_trash_can->drop_pear
2067,"['take_pear', 'capture_pear']",take pear or when possible capture pear,take_pear|F(capture_pear)
4011,"['proceed_to_house', 'venture_to_waste_basket']","when whenever proceed to house , at any time venture to waste basket",F(proceed_to_house)->F(venture_to_waste_basket)
1894,"['pick_up_apple', 'seize_orange']",at any time pick up apple or at some time seize orange,F(pick_up_apple)|F(seize_orange)
4578,"['go_by_flag', 'take_apple']",when possible go by flag or take apple,F(go_by_flag)|take_apple
5905,"['get_close_tree', 'move_past_trash_can']",at some time get close tree until whenever move past trash can,F(get_close_tree)UF(move_past_trash_can)
1962,"['walk', 'obtain_pear']",walk until at any time obtain pear,walkUF(obtain_pear)
2630,"['pick_up_peach', 'start_going_to_tree']",when possible pick up peach or whenever start going to tree,F(pick_up_peach)|F(start_going_to_tree)
4954,"['yield_pear', 'getting_pear']",at any time yield pear or whenever getting pear,F(yield_pear)|F(getting_pear)
5968,"['walk_to_flag', 'touch_flag']",whenever walk to flag and always touch flag,F(walk_to_flag)&G(touch_flag)
5810,"['move_forward_trash_can', 'scoop_up_pear']",at any time move forward trash can and at any time scoop up pear,F(move_forward_trash_can)&F(scoop_up_pear)
1261,"['secure_apple', 'secure_apple']",secure apple or secure apple,secure_apple|secure_apple
5651,"['advance_to_house', 'pick_up_peach']",at any time advance to house and at any time pick up peach,F(advance_to_house)&F(pick_up_peach)
1318,"['arrive_at_tree', 'walk_to_flag']",when possible arrive at tree until at any time walk to flag,F(arrive_at_tree)UF(walk_to_flag)
3246,"['grab_pear', 'going_to_tree']",at some time grab pear and going to tree,F(grab_pear)&going_to_tree
2293,"['approach_trash_can', 'snatch_up_pear']",approach trash can or snatch up pear,approach_trash_can|snatch_up_pear
3576,"['let_go_orange', 'take_orange']","when never let go orange , take orange",G(~(let_go_orange))->take_orange
5630,"['acquire_apple', 'go_to_trash_can']",acquire apple and at any time go to trash can,acquire_apple&F(go_to_trash_can)
5469,"['move_to_house', 'stop_by_flag']",move to house or stop by flag,move_to_house|stop_by_flag
1223,"['go_to_waste_basket', 'go_by_flag']",repeatedly go to waste basket until at any time go by flag,G(F(go_to_waste_basket))UF(go_by_flag)
2026,"['go_near_flag', 'move_towards_trash_can']",when possible go near flag or move towards trash can,F(go_near_flag)|move_towards_trash_can
5515,"['gather_apple', 'stop_by_flag']",gather apple or stop by flag,gather_apple|stop_by_flag
4410,"['hold_apple', 'go_to_tree']",hold apple until at any time go to tree,hold_appleUF(go_to_tree)
1103,"['withhold_apple', 'bring_pear']",at any time withhold apple and at some time bring pear,F(withhold_apple)&F(bring_pear)
5413,"['move_forward_trash_can', 'going_to_tree']",when possible move forward trash can and going to tree,F(move_forward_trash_can)&going_to_tree
3720,"['move_to_trash_can', 'get_hold_orange']",move to trash can until when possible get hold orange,move_to_trash_canUF(get_hold_orange)
1579,"['migrate_to_tree', 'advance_to_tree']",at any time migrate to tree or advance to tree,F(migrate_to_tree)|advance_to_tree
5793,"['start_going_to_tree', 'visit_flag']","when whenever start going to tree , at any time visit flag",F(start_going_to_tree)->F(visit_flag)
1439,"['withdraw_pear', 'start_going_to_house']",when possible withdraw pear and at some time start going to house,F(withdraw_pear)&F(start_going_to_house)
5091,"['take_to_trash_can', 'take_to_tree']",take to trash can or take to tree,take_to_trash_can|take_to_tree
1234,"['go_by_trash_can', 'visit_waste_basket']",always go by trash can or at some time visit waste basket,G(go_by_trash_can)|F(visit_waste_basket)
5594,"['go_to_tree', 'steal_apple']",when possible go to tree and when possible steal apple,F(go_to_tree)&F(steal_apple)
2858,"['go_by_flag', 'procure_orange']",whenever go by flag and when possible procure orange,F(go_by_flag)&F(procure_orange)
4198,"['travel_to_waste_bin', 'be_near_tree']",travel to waste bin or whenever be near tree,travel_to_waste_bin|F(be_near_tree)
2459,"['hold_on_pear', 'approach_trash_can']",forever hold on pear and approach trash can,G(hold_on_pear)&approach_trash_can
1938,"['move_to_tree', 'make_way_to_house']",move to tree or repeatedly make way to house,move_to_tree|G(F(make_way_to_house))
2897,"['acquire_orange', 'put_in_apple_bucket']",acquire orange until put in apple bucket,acquire_orangeUput_in_apple_bucket
4297,"['drop_orange', 'venture_to_flag']",drop orange or when possible venture to flag,drop_orange|F(venture_to_flag)
1760,"['bring_pear', 'bring_pear']",when possible bring pear and when possible bring pear,F(bring_pear)&F(bring_pear)
5584,"['go_by_tree', 'go_near_pear']",at some time go by tree and whenever go near pear,F(go_by_tree)&F(go_near_pear)
5506,"['go_to_trash_can', 'take_possession_of_bear']",at some time go to trash can until at any time take possession of bear,F(go_to_trash_can)UF(take_possession_of_bear)
1065,"['pick_up_fruit', 'contact_house']",pick up fruit or whenever contact house,pick_up_fruit|F(contact_house)
4882,"['get_pear', 'make_way_for_tree']",whenever get pear and at some time make way for tree,F(get_pear)&F(make_way_for_tree)
5119,"['show_yourself_near_house', 'travel_to_trash_can']",at some time show yourself near house or when possible travel to trash can,F(show_yourself_near_house)|F(travel_to_trash_can)
2245,"['reach_house', 'journey_by_flag']",reach house or when possible journey by flag,reach_house|F(journey_by_flag)
2826,"['get_pear', 'go_past_house']",when possible get pear and whenever go past house,F(get_pear)&F(go_past_house)
2256,"['go_to_bucket', 'scoop_up_pear']",go to bucket or whenever scoop up pear,go_to_bucket|F(scoop_up_pear)
4250,"['pass_by_house', 'go_near_flag']",whenever pass by house and whenever go near flag,F(pass_by_house)&F(go_near_flag)
5334,"['have_possession_of_apple', 'venture_to_waste_basket']",when possible have possession of apple and at some time venture to waste basket,F(have_possession_of_apple)&F(venture_to_waste_basket)
1205,"['go_by_waste_basket', 'secure_apple']",when possible go by waste basket or secure apple,F(go_by_waste_basket)|secure_apple
2368,"['go_to_transh_can', 'clutch_orange']",when possible go to transh can and when possible clutch orange,F(go_to_transh_can)&F(clutch_orange)
1694,"['secure_apple', 'secure_apple']",secure apple or secure apple,secure_apple|secure_apple
2355,"['put_in_bin', 'pass_by_trash_bin']",put in bin and at some time pass by trash bin,put_in_bin&F(pass_by_trash_bin)
2847,"['journey_to_flag', 'hold_onto_orange']",at any time journey to flag or forever hold onto orange,F(journey_to_flag)|G(hold_onto_orange)
1891,"['grip_apple', 'venture_flag']",grip apple until whenever venture flag,grip_appleUF(venture_flag)
1340,"['withold_apple', 'go_by_trash_can']",whenever withold apple or forever go by trash can,F(withold_apple)|G(go_by_trash_can)
4983,"['move_around', 'pass_by_waste_receptacle']",forever move around or at some time pass by waste receptacle,G(move_around)|F(pass_by_waste_receptacle)
5198,"['go_to_house', 'have_possession_of_apple']",at any time go to house or at some time have possession of apple,F(go_to_house)|F(have_possession_of_apple)
4390,"['take_possession_of_bear', 'venture_to_trash_can']",at some time take possession of bear and venture to trash can,F(take_possession_of_bear)&venture_to_trash_can
5505,"['let_go_pear', 'procure_orange']",do not let go pear and at some time procure orange,~(let_go_pear)&F(procure_orange)
4731,"['take_possession_of_bear', 'venture_to_trash_can']","if at some time take possession of bear , venture to trash can",F(take_possession_of_bear)->venture_to_trash_can
1161,"['grab_apple', 'go_to_home']",when possible grab apple or whenever go to home,F(grab_apple)|F(go_to_home)
5536,"['approach_house', 'collect_apple']",when possible approach house and at any time collect apple,F(approach_house)&F(collect_apple)
2385,"['walk_near_flag', 'grab_pear']",at any time walk near flag and at any time grab pear,F(walk_near_flag)&F(grab_pear)
1344,"['present_at_flag', 'reach_flag']",whenever present at flag until at some time reach flag,F(present_at_flag)UF(reach_flag)
1800,"['hold_on_pear', 'migrate_to_tree']",forever hold on pear or at any time migrate to tree,G(hold_on_pear)|F(migrate_to_tree)
2641,"['advance_to_house', 'get_hold_of_orange']",at any time advance to house and when possible get hold of orange,F(advance_to_house)&F(get_hold_of_orange)
5657,"['be_at_flag', 'go_visit_house']",at some time be at flag and when possible go visit house,F(be_at_flag)&F(go_visit_house)
2436,"['hold_onto_orange', 'collect_orange']",forever hold onto orange or whenever collect orange,G(hold_onto_orange)|F(collect_orange)
1220,"['proceed_to_house', 'go_to_apple']",at some time proceed to house can infer that at some time go to apple,F(proceed_to_house)->F(go_to_apple)
4971,"['stop_by_trash_can', 'travel_to_waste_bin']",at any time stop by trash can or travel to waste bin,F(stop_by_trash_can)|travel_to_waste_bin
4348,"['pick_up_apple', 'go_past_house']",whenever pick up apple or whenever go past house,F(pick_up_apple)|F(go_past_house)
3451,"['grab_orange', 'let_go_orange']",whenever grab orange until never let go orange,F(grab_orange)UG(~(let_go_orange))
1357,"['make_to_flag', 'snag_orange']",whenever make to flag or at any time snag orange,F(make_to_flag)|F(snag_orange)
1436,"['venture_towards_house', 'reach_flag']",venture towards house or whenever reach flag,venture_towards_house|F(reach_flag)
3703,"['grasp_pear', 'be_near_tree']",whenever grasp pear or whenever be near tree,F(grasp_pear)|F(be_near_tree)
1888,"['snatch_pear', 'yield_pear']",whenever snatch pear and when possible yield pear,F(snatch_pear)&F(yield_pear)
1661,"['go_by_waste_bin', 'drop_apple']",go by waste bin means that never drop apple,go_by_waste_bin->G(~(drop_apple))
5671,"['journey_to_tree', 'collect_apple']",at any time journey to tree or at any time collect apple,F(journey_to_tree)|F(collect_apple)
1853,"['go_to_bucket', 'touch_tree']",go to bucket or whenever touch tree,go_to_bucket|F(touch_tree)
4196,"['venture_to_flag', 'grasp_orange']",whenever venture to flag or grasp orange,F(venture_to_flag)|grasp_orange
2048,"['visit_flag', 'venture_to_waste_basket']","if at any time visit flag , whenever venture to waste basket",F(visit_flag)->F(venture_to_waste_basket)
3896,"['get_close_tree', 'get_apple']",at any time get close tree or whenever get apple,F(get_close_tree)|F(get_apple)
1335,"['have_in_orange', 'journey_by_flag']",forever have in orange or at any time journey by flag,G(have_in_orange)|F(journey_by_flag)
2966,"['walk_near_flag', 'obtain_orange']",at any time walk near flag or whenever obtain orange,F(walk_near_flag)|F(obtain_orange)
3364,"['collect_orange', 'walk_near_flag']",at some time collect orange and whenever walk near flag,F(collect_orange)&F(walk_near_flag)
3289,"['haul_pear', 'grab_pear']",whenever haul pear or at some time grab pear,F(haul_pear)|F(grab_pear)
1281,"['go_by_waste_basket', 'withhold_apple']",whenever go by waste basket until at any time withhold apple,F(go_by_waste_basket)UF(withhold_apple)
2820,"['drop_orange', 'acquire_pear']",never drop orange or at any time acquire pear,G(~(drop_orange))|F(acquire_pear)
3144,"['drop_orange', 'visit_house']",never drop orange and when possible visit house,G(~(drop_orange))&F(visit_house)
2760,"['go_by_house', 'grasp_pear']",at some time go by house and whenever grasp pear,F(go_by_house)&F(grasp_pear)
4017,"['travel_to_waste_bin', 'drop_orange']",travel to waste bin or drop orange,travel_to_waste_bin|drop_orange
5402,"['drop_pear', 'take_to_tree']",never drop pear or take to tree,G(~(drop_pear))|take_to_tree
1820,"['present_at_flag', 'bring_pear']",when possible present at flag or at any time bring pear,F(present_at_flag)|F(bring_pear)
1360,"['reach_house', 'start_going_to_house']",reach house and at some time start going to house,reach_house&F(start_going_to_house)
4511,"['go_to_orange', 'pick_up_flag']",go to orange or pick up flag,go_to_orange|pick_up_flag
1504,"['reach_flag', 'reach_flag']",when possible reach flag or whenever reach flag,F(reach_flag)|F(reach_flag)
2135,"['make_contact_flag', 'seize_pear']",at some time make contact flag and at any time seize pear,F(make_contact_flag)&F(seize_pear)
5962,"['hold_on_to_pear', 'start_going_to_tree']",hold on to pear or when possible start going to tree,hold_on_to_pear|F(start_going_to_tree)
1466,"['go_to_bucket', 'drop_apple']",go to bucket or never drop apple,go_to_bucket|G(~(drop_apple))
2161,"['stop_by_trash_can', 'go_to_trash_can']",at some time stop by trash can or when possible go to trash can,F(stop_by_trash_can)|F(go_to_trash_can)
5307,"['set_out_to_house', 'snatch_pear']","if whenever set out to house , whenever snatch pear",F(set_out_to_house)->F(snatch_pear)
1908,"['drop_pear', 'go_to_trashcan']",drop pear or at any time go to trashcan,drop_pear|F(go_to_trashcan)
3068,"['tax_apple', 'pick_up_fruit']",at any time tax apple and pick up fruit,F(tax_apple)&pick_up_fruit
2063,"['secure_pear', 'grasp_pear']",when possible secure pear or when possible grasp pear,F(secure_pear)|F(grasp_pear)
2824,"['make_contact_with_house', 'seize_orange']",when possible make contact with house or whenever seize orange,F(make_contact_with_house)|F(seize_orange)
1718,"['start_going_to_house', 'go_to_trashcan']","if at any time start going to house , at some time go to trashcan",F(start_going_to_house)->F(go_to_trashcan)
3204,"['withold_apple', 'go_visit_house']",at some time withold apple and at some time go visit house,F(withold_apple)&F(go_visit_house)
2655,"['obtain_pear', 'make_your_way_flag']",whenever obtain pear or when possible make your way flag,F(obtain_pear)|F(make_your_way_flag)
3967,"['stop_by_flag', 'proceed_to_tree']",stop by flag can infer that when possible proceed to tree,stop_by_flag->F(proceed_to_tree)
1934,"['take_possession_of_bear', 'go_to_pear']",at some time take possession of bear or repeatedly go to pear,F(take_possession_of_bear)|G(F(go_to_pear))
1216,"['go_by_waste_basket', 'venture_towards_house']",at some time go by waste basket and venture towards house,F(go_by_waste_basket)&venture_towards_house
1082,"['drop_apple', 'walk_to_flag']",never drop apple and at some time walk to flag,G(~(drop_apple))&F(walk_to_flag)
4289,"['hold_onto_orange', 'journey_to_house']",always hold onto orange or whenever journey to house,G(hold_onto_orange)|F(journey_to_house)
2739,"['take_to_trash_can', 'venture_to_waste_basket']",take to trash can and whenever venture to waste basket,take_to_trash_can&F(venture_to_waste_basket)
1988,"['approach_house', 'pick_up_pear']","when at any time approach house , pick up pear",F(approach_house)->pick_up_pear
4038,"['grab_pear', 'go_to_home']",when possible grab pear and whenever go to home,F(grab_pear)&F(go_to_home)
1189,"['let_go_orange', 'hold_on_pear']",do not let go orange and always hold on pear,~(let_go_orange)&G(hold_on_pear)
3295,"['go_to_peach', 'put_in_bin']",when possible go to peach or put in bin,F(go_to_peach)|put_in_bin
4114,"['acquire_orange', 'show_yourself_near_house']",acquire orange and at some time show yourself near house,acquire_orange&F(show_yourself_near_house)
4010,"['get_close_tree', 'come_home']",when possible get close tree and at any time come home,F(get_close_tree)&F(come_home)
1970,"['go_by_waste_bin', 'drop_apple']",go by waste bin and never drop apple,go_by_waste_bin&G(~(drop_apple))
4549,"['travel_to_house', 'drop_orange']",at any time travel to house or never drop orange,F(travel_to_house)|G(~(drop_orange))
4167,"['visit_house', 'drop_orange']",whenever visit house or never drop orange,F(visit_house)|G(~(drop_orange))
2530,"['grasp_orange', 'acquire_pear']",grasp orange or whenever acquire pear,grasp_orange|F(acquire_pear)
2967,"['pick_up_flag', 'visit_tree']",pick up flag or visit tree,pick_up_flag|visit_tree
4071,"['go_to_house', 'venture_house']",when possible go to house and at some time venture house,F(go_to_house)&F(venture_house)
5390,"['pass_by_waste_receptacle', 'move_towards_trash_can']",whenever pass by waste receptacle or move towards trash can,F(pass_by_waste_receptacle)|move_towards_trash_can
2522,"['let_go_apple', 'pick_up_fruit']",never let go apple or pick up fruit,G(~(let_go_apple))|pick_up_fruit
1151,"['grip_apple', 'make_to_flag']",grip apple or when possible make to flag,grip_apple|F(make_to_flag)
1906,"['move_to_trashcan', 'withdraw_pear']",move to trashcan or at any time withdraw pear,move_to_trashcan|F(withdraw_pear)
1876,"['pass_by_house', 'go_past_flag']",when possible pass by house or when possible go past flag,F(pass_by_house)|F(go_past_flag)
1749,"['reach_flag', 'go_by_waste_bin']",whenever reach flag and go by waste bin,F(reach_flag)&go_by_waste_bin
1565,"['go_by_house', 'let_go_apple']",when possible go by house or never let go apple,F(go_by_house)|G(~(let_go_apple))
1936,"['go_by_waste_basket', 'venture_to_house']",at any time go by waste basket or at some time venture to house,F(go_by_waste_basket)|F(venture_to_house)
1880,"['present_at_flag', 'reach_flag']",at some time present at flag or at some time reach flag,F(present_at_flag)|F(reach_flag)
1016,"['drop_apple', 'secure_apple']","if never drop apple , secure apple",G(~(drop_apple))->secure_apple
1990,"['get_orange', 'go_to_house']","when whenever get orange , at some time go to house",F(get_orange)->F(go_to_house)
3953,"['seize_apple', 'scoop_up_apple']",seize apple or at some time scoop up apple,seize_apple|F(scoop_up_apple)
2384,"['be_at_flag', 'advance_to_house']",at some time be at flag or when possible advance to house,F(be_at_flag)|F(advance_to_house)
3126,"['make_contact_with_house', 'procure_orange']",when possible make contact with house or when possible procure orange,F(make_contact_with_house)|F(procure_orange)
4963,"['go_to_bucket', 'go_near_pear']",go to bucket or when possible go near pear,go_to_bucket|F(go_near_pear)
1514,"['spend_time_at_tree', 'keep_apple']",at some time spend time at tree until keep apple,F(spend_time_at_tree)Ukeep_apple
2907,"['let_go_apple', 'contact_flag']",never let go apple and at any time contact flag,G(~(let_go_apple))&F(contact_flag)
2052,"['track_towards_tree', 'make_way_waste_basket']",at some time track towards tree or at some time make way waste basket,F(track_towards_tree)|F(make_way_waste_basket)
1961,"['go_by_waste_bin', 'drop_apple']",go by waste bin or never drop apple,go_by_waste_bin|G(~(drop_apple))
3563,"['hold_pear', 'hold_pear']",hold pear or hold pear,hold_pear|hold_pear
1522,"['venture_towards_house', 'secure_apple']",venture towards house and secure apple,venture_towards_house&secure_apple
3271,"['pick_up_anything', 'go_visit_flag']",don't pick up anything and go visit flag,~(F(pick_up_anything))&go_visit_flag
1371,"['start_going_to_tree', 'venture_house']",at some time start going to tree and when possible venture house,F(start_going_to_tree)&F(venture_house)
1509,"['have_in_orange', 'come_to_tree']","when forever have in orange , come to tree",G(have_in_orange)->come_to_tree
1682,"['journey_by_house', 'journey_to_flag']",when possible journey by house or when possible journey to flag,F(journey_by_house)|F(journey_to_flag)
3079,"['steal_apple', 'getting_pear']",at some time steal apple or whenever getting pear,F(steal_apple)|F(getting_pear)
2327,"['grab_flag', 'get_to_tree']",at any time grab flag and get to tree,F(grab_flag)&get_to_tree
1532,"['venture_towards_house', 'present_at_flag']",venture towards house means that at some time present at flag,venture_towards_house->F(present_at_flag)
1260,"['go_by_waste_bin', 'drop_apple']",go by waste bin or never drop apple,go_by_waste_bin|G(~(drop_apple))
4023,"['have_apple', 'seize_orange']",always have apple and at any time seize orange,G(have_apple)&F(seize_orange)
1289,"['scoop_up_pear', 'touch_tree']","when when possible scoop up pear , whenever touch tree",F(scoop_up_pear)->F(touch_tree)
5186,"['drop_apple', 'touch_flag']",never drop apple and forever touch flag,G(~(drop_apple))&G(touch_flag)
1714,"['withhold_apple', 'venture_towards_house']","when whenever withhold apple , venture towards house",F(withhold_apple)->venture_towards_house
1898,"['reach_flag', 'drop_apple']",at some time reach flag or never drop apple,F(reach_flag)|G(~(drop_apple))
2445,"['make_contact_flag', 'get_hold_of_pear']",whenever make contact flag or get hold of pear,F(make_contact_flag)|get_hold_of_pear
1964,"['lay_hold_of_apple', 'grab_hold_pear']",when possible lay hold of apple or grab hold pear,F(lay_hold_of_apple)|grab_hold_pear
1719,"['reach_house', 'go_to_apple_trashcan']",reach house until repeatedly go to apple trashcan,reach_houseUG(F(go_to_apple_trashcan))
2113,"['proceed_to_house', 'pick_up_fruit']",whenever proceed to house and pick up fruit,F(proceed_to_house)&pick_up_fruit
1260,"['go_to_orange', 'acquire_pear']",go to orange and at some time acquire pear,go_to_orange&F(acquire_pear)
5340,"['approach_house', 'procure_pear']",at any time approach house or when possible procure pear,F(approach_house)|F(procure_pear)
2650,"['let_go_orange', 'hold_onto_orange']",never let go orange or forever hold onto orange,G(~(let_go_orange))|G(hold_onto_orange)
5241,"['take_pear', 'haul_pear']",take pear or at any time haul pear,take_pear|F(haul_pear)
1124,"['snag_orange', 'go_to_apple_trashcan']",whenever snag orange and repeatedly go to apple trashcan,F(snag_orange)&G(F(go_to_apple_trashcan))
1995,"['venture_to_house', 'secure_apple']",at some time venture to house or secure apple,F(venture_to_house)|secure_apple
2619,"['be_at_flag', 'travel_to_tree']",at some time be at flag or travel to tree,F(be_at_flag)|travel_to_tree
1798,"['touch_house', 'collect_pear']",at some time touch house or collect pear,F(touch_house)|collect_pear
1940,"['drop_orange', 'acquire_apple']",never drop orange or acquire apple,G(~(drop_orange))|acquire_apple
1412,"['touch_tree', 'hold_apple']",at any time touch tree until hold apple,F(touch_tree)Uhold_apple
2496,"['hold_orange', 'move_past_trash_can']",hold orange or at any time move past trash can,hold_orange|F(move_past_trash_can)
1633,"['have_pear', 'go_to_orange_bin']",at some time have pear or go to orange bin,F(have_pear)|go_to_orange_bin
2415,"['go_to_apple_trashcan', 'snatch_up_pear']","when repeatedly go to apple trashcan , snatch up pear",G(F(go_to_apple_trashcan))->snatch_up_pear
1550,"['withhold_apple', 'present_at_flag']",at any time withhold apple or whenever present at flag,F(withhold_apple)|F(present_at_flag)
5958,"['pick_up_fruit', 'visit_house']",pick up fruit until at any time visit house,pick_up_fruitUF(visit_house)
4803,"['grasp_pear', 'tax_apple']",at any time grasp pear and at some time tax apple,F(grasp_pear)&F(tax_apple)
5378,"['go_by_trash_can', 'drop_orange']",forever go by trash can and never drop orange,G(go_by_trash_can)&G(~(drop_orange))
4621,"['travel_to_tree', 'be_at_house']",travel to tree and at some time be at house,travel_to_tree&F(be_at_house)
1834,"['go_to_transh_can', 'keep_apple']",whenever go to transh can or keep apple,F(go_to_transh_can)|keep_apple
1802,"['be_in_houses_vicinity', 'grab_flag']",whenever be in house's vicinity can infer that at some time grab flag,F(be_in_houses_vicinity)->F(grab_flag)
5411,"['go_to_flag', 'take_pear']",whenever go to flag or take pear,F(go_to_flag)|take_pear
2418,"['go_near_flag', 'put_in_apple_bucket']",at some time go near flag and put in apple bucket,F(go_near_flag)&put_in_apple_bucket
4219,"['collect_apple', 'drop_pear']","when at some time collect apple , never drop pear",F(collect_apple)->G(~(drop_pear))
1877,"['reach_flag', 'go_by_waste_basket']",at some time reach flag or when possible go by waste basket,F(reach_flag)|F(go_by_waste_basket)
1631,"['make_contact_with_house', 'let_go_orange']",when possible make contact with house or never let go orange,F(make_contact_with_house)|G(~(let_go_orange))
1748,"['let_go_apple', 'going_to_tree']",never let go apple or going to tree,G(~(let_go_apple))|going_to_tree
4193,"['pick_up_orange', 'venture_house']",pick up orange means that when possible venture house,pick_up_orange->F(venture_house)
5450,"['touch_tree', 'hold_apple']",at any time touch tree or hold apple,F(touch_tree)|hold_apple
2312,"['let_go_orange', 'get_to_tree']",don't let go orange until get to tree,~(let_go_orange)Uget_to_tree
1555,"['venture_towards_house', 'reach_flag']",venture towards house or whenever reach flag,venture_towards_house|F(reach_flag)
3773,"['have_apple', 'going_to_tree']",always have apple or going to tree,G(have_apple)|going_to_tree
2698,"['move_to_house', 'take_to_trash_can']","if move to house , take to trash can",move_to_house->take_to_trash_can
5078,"['drop_orange', 'seize_pear']",never drop orange or at some time seize pear,G(~(drop_orange))|F(seize_pear)
5317,"['collect_apple', 'stand_by_tree']",when possible collect apple or at any time stand by tree,F(collect_apple)|F(stand_by_tree)
3019,"['move_to_tree', 'pick_up_flag']",move to tree can infer that pick up flag,move_to_tree->pick_up_flag
5278,"['go_to_apple', 'travel_to_waste_bin']",at some time go to apple and travel to waste bin,F(go_to_apple)&travel_to_waste_bin
2557,"['pick_up_orange', 'walk_near_flag']",pick up orange or whenever walk near flag,pick_up_orange|F(walk_near_flag)
2452,"['grab_tree', 'have_in_orange']",repeatedly grab tree means that forever have in orange,G(F(grab_tree))->G(have_in_orange)
2161,"['stop_by_house', 'move_to_trashcan']",whenever stop by house and move to trashcan,F(stop_by_house)&move_to_trashcan
1694,"['have_pear', 'get_near_flag']",at any time have pear and at any time get near flag,F(have_pear)&F(get_near_flag)
5359,"['walk_to_flag', 'go_to_peach']","if when possible walk to flag , whenever go to peach",F(walk_to_flag)->F(go_to_peach)
1038,"['go_by_waste_basket', 'present_at_flag']",whenever go by waste basket and when possible present at flag,F(go_by_waste_basket)&F(present_at_flag)
2373,"['shift_to_flag', 'be_at_house']",when possible shift to flag or whenever be at house,F(shift_to_flag)|F(be_at_house)
2266,"['grab_hold_pear', 'let_go_pear']",grab hold pear and do not let go pear,grab_hold_pear&~(let_go_pear)
1625,"['go_by_waste_bin', 'go_by_waste_basket']",go by waste bin or at any time go by waste basket,go_by_waste_bin|F(go_by_waste_basket)
2139,"['come_to_tree', 'have_in_orange']",come to tree or forever have in orange,come_to_tree|G(have_in_orange)
2485,"['secure_pear', 'go_to_apple']",at any time secure pear or at some time go to apple,F(secure_pear)|F(go_to_apple)
1533,"['let_go_orange', 'come_to_tree']",don't let go orange and come to tree,~(let_go_orange)&come_to_tree
1139,"['present_at_flag', 'reach_flag']",when possible present at flag or when possible reach flag,F(present_at_flag)|F(reach_flag)
1163,"['make_your_way_flag', 'make_your_way_flag']",at some time make your way flag or whenever make your way flag,F(make_your_way_flag)|F(make_your_way_flag)
2513,"['make_way_for_tree', 'move_to_flag']",when possible make way for tree and at any time move to flag,F(make_way_for_tree)&F(move_to_flag)
4513,"['go_to_house', 'walk_near_flag']",at any time go to house or when possible walk near flag,F(go_to_house)|F(walk_near_flag)
1363,"['travel_by_tree', 'let_go_apple']",at some time travel by tree or never let go apple,F(travel_by_tree)|G(~(let_go_apple))
5250,"['go_by_flag', 'put_in_apple_bucket']",at some time go by flag can infer that put in apple bucket,F(go_by_flag)->put_in_apple_bucket
5319,"['let_go_pear', 'hold_orange']",do not let go pear or hold orange,~(let_go_pear)|hold_orange
1184,"['venture_to_house', 'secure_apple']",when possible venture to house can infer that secure apple,F(venture_to_house)->secure_apple
1123,"['reach_house', 'get_near_flag']",reach house and at any time get near flag,reach_house&F(get_near_flag)
3350,"['move_to_house', 'gather_apple']",move to house or gather apple,move_to_house|gather_apple
1064,"['touch_flag', 'go_to_apple']",always touch flag and whenever go to apple,G(touch_flag)&F(go_to_apple)
4416,"['get_to_cup', 'contact_flag']",at any time get to cup or at some time contact flag,F(get_to_cup)|F(contact_flag)
4157,"['move', 'pick_up_apple']",forever move can infer that at some time pick up apple,G(move)->F(pick_up_apple)
2020,"['be_at_house', 'go_to_peach']",when possible be at house or at any time go to peach,F(be_at_house)|F(go_to_peach)
4546,"['get_apple', 'let_go_apple']",at any time get apple and never let go apple,F(get_apple)&G(~(let_go_apple))
3421,"['travel_to_house', 'proceed_to_house']",at any time travel to house or whenever proceed to house,F(travel_to_house)|F(proceed_to_house)
5620,"['grab_orange', 'go_to_waste_basket']",at some time grab orange or repeatedly go to waste basket,F(grab_orange)|G(F(go_to_waste_basket))
1313,"['bring_pear', 'reach_flag']",when possible bring pear or at any time reach flag,F(bring_pear)|F(reach_flag)
1101,"['present_at_flag', 'drop_apple']",whenever present at flag or never drop apple,F(present_at_flag)|G(~(drop_apple))
1530,"['withold_apple', 'haul_pear']",at any time withold apple or at some time haul pear,F(withold_apple)|F(haul_pear)
1570,"['journey_by_house', 'pick_up_anything']",at any time journey by house and don't pick up anything,F(journey_by_house)&~(F(pick_up_anything))
1333,"['advance_to_house', 'capture_orange']","if whenever advance to house , capture orange",F(advance_to_house)->capture_orange
5051,"['drop_apple', 'proceed_to_house']","if never drop apple , at some time proceed to house",G(~(drop_apple))->F(proceed_to_house)
2713,"['take_pear', 'go_to_trash_bin']",take pear or whenever go to trash bin,take_pear|F(go_to_trash_bin)
1252,"['withhold_apple', 'withhold_apple']",whenever withhold apple and when possible withhold apple,F(withhold_apple)&F(withhold_apple)
4721,"['grasp_pear', 'obtain_pear']",whenever grasp pear and whenever obtain pear,F(grasp_pear)&F(obtain_pear)
4659,"['grasp_pear', 'venture_house']",at any time grasp pear and at some time venture house,F(grasp_pear)&F(venture_house)
1074,"['let_go', 'let_go_apple']",never let go means that never let go apple,G(~(let_go))->G(~(let_go_apple))
2427,"['take_to_trashcan', 'grab_tree']",take to trashcan and repeatedly grab tree,take_to_trashcan&G(F(grab_tree))
2471,"['snatch_up_pear', 'take_to_trashcan']",snatch up pear or take to trashcan,snatch_up_pear|take_to_trashcan
2268,"['keep_apple', 'start_going_to_house']",keep apple or when possible start going to house,keep_apple|F(start_going_to_house)
3034,"['have_apple', 'travel_house']",forever have apple until whenever travel house,G(have_apple)UF(travel_house)
2545,"['reach_tree', 'reach_tree']",at some time reach tree can infer that whenever reach tree,F(reach_tree)->F(reach_tree)
3351,"['secure_pear', 'pass_by_house']",at any time secure pear or at any time pass by house,F(secure_pear)|F(pass_by_house)
3476,"['approach_tree', 'go_by_house']",approach tree and at some time go by house,approach_tree&F(go_by_house)
2225,"['put_in_bucket', 'obtain_orange']",put in bucket until at some time obtain orange,put_in_bucketUF(obtain_orange)
5462,"['venture_house', 'visit_house']",at any time venture house and whenever visit house,F(venture_house)&F(visit_house)
1675,"['move_near_tree', 'advance_to_tree']",when possible move near tree or advance to tree,F(move_near_tree)|advance_to_tree
1229,"['haul_pear', 'obtain_pear']",whenever haul pear or at any time obtain pear,F(haul_pear)|F(obtain_pear)
3694,"['hold_orange', 'grab_pear']",hold orange or when possible grab pear,hold_orange|F(grab_pear)
2141,"['lay_hold_of_apple', 'grip_apple']",when possible lay hold of apple or grip apple,F(lay_hold_of_apple)|grip_apple
4818,"['get_close_tree', 'tax_apple']",when possible get close tree until at some time tax apple,F(get_close_tree)UF(tax_apple)
5636,"['move_to_flag', 'walk_near_flag']",when possible move to flag or at any time walk near flag,F(move_to_flag)|F(walk_near_flag)
2221,"['travel_to_house', 'let_go_pear']",at some time travel to house or don't let go pear,F(travel_to_house)|~(let_go_pear)
2346,"['have_pear', 'grab_tree']",whenever have pear can infer that repeatedly grab tree,F(have_pear)->G(F(grab_tree))
2811,"['grab_apple', 'drop_orange']",at any time grab apple or never drop orange,F(grab_apple)|G(~(drop_orange))
1840,"['snag_orange', 'get_to_tree']",whenever snag orange and get to tree,F(snag_orange)&get_to_tree
5583,"['proceed_to_flag', 'contact_flag']",at some time proceed to flag and whenever contact flag,F(proceed_to_flag)&F(contact_flag)
1728,"['capture_orange', 'drop_apple']",capture orange and never drop apple,capture_orange&G(~(drop_apple))
1795,"['venture_to_house', 'reach_flag']",at some time venture to house or whenever reach flag,F(venture_to_house)|F(reach_flag)
1105,"['stop_by_trash_can', 'set_out_to_house']",when possible stop by trash can until at some time set out to house,F(stop_by_trash_can)UF(set_out_to_house)
4730,"['grab_orange', 'go_to_house']","when when possible grab orange , when possible go to house",F(grab_orange)->F(go_to_house)
2638,"['stop_by_flag', 'go_by_tree']",stop by flag and when possible go by tree,stop_by_flag&F(go_by_tree)
1544,"['go_near_pear', 'be_at_flag']",whenever go near pear or when possible be at flag,F(go_near_pear)|F(be_at_flag)
1403,"['secure_apple', 'drop_apple']",secure apple or never drop apple,secure_apple|G(~(drop_apple))
1273,"['venture_towards_house', 'withhold_apple']",venture towards house or whenever withhold apple,venture_towards_house|F(withhold_apple)
1552,"['have_pear', 'have_pear']",whenever have pear or at any time have pear,F(have_pear)|F(have_pear)
2079,"['drop_pear', 'get_near_flag']",drop pear or at any time get near flag,drop_pear|F(get_near_flag)
2455,"['grab_hold_pear', 'start_going_to_house']",grab hold pear can infer that when possible start going to house,grab_hold_pear->F(start_going_to_house)
3474,"['going_to_flag', 'secure_pear']",when possible going to flag and at any time secure pear,F(going_to_flag)&F(secure_pear)
4026,"['pick_up_peach', 'stand_by_tree']",at any time pick up peach means that at some time stand by tree,F(pick_up_peach)->F(stand_by_tree)
5624,"['acquire_pear', 'get_hold_apple']",at any time acquire pear or whenever get hold apple,F(acquire_pear)|F(get_hold_apple)
2840,"['pick_up_anything', 'withold_apple']",don't pick up anything and at any time withold apple,~(F(pick_up_anything))&F(withold_apple)
1433,"['touch_flag', 'grasp_apple']",forever touch flag and whenever grasp apple,G(touch_flag)&F(grasp_apple)
4326,"['take_pear', 'scoop_up_pear']",take pear or when possible scoop up pear,take_pear|F(scoop_up_pear)
5472,"['make_way_to_house', 'drop_apple']",repeatedly make way to house and never drop apple,G(F(make_way_to_house))&G(~(drop_apple))
1575,"['withdraw_pear', 'go_to_trashcan']",at some time withdraw pear or at any time go to trashcan,F(withdraw_pear)|F(go_to_trashcan)
3895,"['venture_to_flag', 'go_near_pear']",whenever venture to flag and when possible go near pear,F(venture_to_flag)&F(go_near_pear)
3715,"['venture_house', 'go_home']",at any time venture house or whenever go home,F(venture_house)|F(go_home)
3718,"['come_home', 'touch_flag']",whenever come home and forever touch flag,F(come_home)&G(touch_flag)
1319,"['stop_by_house', 'have_pear']",whenever stop by house or at some time have pear,F(stop_by_house)|F(have_pear)
1960,"['withhold_apple', 'venture_towards_house']",whenever withhold apple until venture towards house,F(withhold_apple)Uventure_towards_house
1233,"['bring_pear', 'withhold_apple']",whenever bring pear and at some time withhold apple,F(bring_pear)&F(withhold_apple)
1578,"['present_at_flag', 'present_at_flag']",at any time present at flag until when possible present at flag,F(present_at_flag)UF(present_at_flag)
1832,"['let_go_pear', 'snag_orange']",don't let go pear or when possible snag orange,~(let_go_pear)|F(snag_orange)
1196,"['proceed_to_house', 'get_close_flag']",at some time proceed to house until whenever get close flag,F(proceed_to_house)UF(get_close_flag)
2088,"['go_to_transh_can', 'get_near_flag']",at any time go to transh can or whenever get near flag,F(go_to_transh_can)|F(get_near_flag)
1876,"['drop_apple', 'secure_apple']",never drop apple and secure apple,G(~(drop_apple))&secure_apple
3833,"['come_home', 'take_apple']",when possible come home or take apple,F(come_home)|take_apple
1826,"['travel_house', 'shift_to_flag']",whenever travel house or at any time shift to flag,F(travel_house)|F(shift_to_flag)
1740,"['go_by_waste_basket', 'present_at_flag']",whenever go by waste basket until at any time present at flag,F(go_by_waste_basket)UF(present_at_flag)
5519,"['grab_orange', 'seize_orange']",at any time grab orange means that at any time seize orange,F(grab_orange)->F(seize_orange)
1258,"['stop_by_house', 'approach_trash_can']",when possible stop by house and approach trash can,F(stop_by_house)&approach_trash_can
1487,"['bring_pear', 'drop_apple']",at some time bring pear can infer that never drop apple,F(bring_pear)->G(~(drop_apple))
3181,"['steal_apple', 'journey_to_flag']",whenever steal apple or whenever journey to flag,F(steal_apple)|F(journey_to_flag)
3898,"['have_apple', 'take_to_tree']","if forever have apple , take to tree",G(have_apple)->take_to_tree
1761,"['venture_to_house', 'bring_pear']",at some time venture to house and whenever bring pear,F(venture_to_house)&F(bring_pear)
1075,"['let_go_pear', 'let_go_pear']",do not let go pear and don't let go pear,~(let_go_pear)&~(let_go_pear)
1488,"['touch_flag', 'move_forward_trash_can']",always touch flag until at any time move forward trash can,G(touch_flag)UF(move_forward_trash_can)
2126,"['scoop_up_apple', 'be_at_flag']",at any time scoop up apple or when possible be at flag,F(scoop_up_apple)|F(be_at_flag)
2242,"['got_to_house', 'reach_house']",at any time got to house or reach house,F(got_to_house)|reach_house
1081,"['hold_on_pear', 'grab_hold_pear']",always hold on pear or grab hold pear,G(hold_on_pear)|grab_hold_pear
1968,"['put_in_apple_bucket', 'go_visit_house']","when put in apple bucket , when possible go visit house",put_in_apple_bucket->F(go_visit_house)
5271,"['arrive_at_tree', 'pick_up_orange']",at any time arrive at tree and pick up orange,F(arrive_at_tree)&pick_up_orange
1485,"['present_at_flag', 'secure_apple']",when possible present at flag and secure apple,F(present_at_flag)&secure_apple
2501,"['put_in_bin', 'journey_to_house']",put in bin or at some time journey to house,put_in_bin|F(journey_to_house)
1741,"['venture_towards_house', 'secure_apple']",venture towards house and secure apple,venture_towards_house&secure_apple
1912,"['withhold_apple', 'venture_to_house']",whenever withhold apple or whenever venture to house,F(withhold_apple)|F(venture_to_house)
1612,"['let_go_orange', 'journey_by_flag']",don't let go orange or whenever journey by flag,~(let_go_orange)|F(journey_by_flag)
1188,"['got_to_house', 'be_in_houses_vicinity']",whenever got to house and when possible be in house's vicinity,F(got_to_house)&F(be_in_houses_vicinity)
1734,"['lay_hold_of_apple', 'grab_flag']",at some time lay hold of apple until at any time grab flag,F(lay_hold_of_apple)UF(grab_flag)
5808,"['get_pear', 'make_way_to_house']",at any time get pear and repeatedly make way to house,F(get_pear)&G(F(make_way_to_house))
1788,"['secure_apple', 'bring_pear']",secure apple and when possible bring pear,secure_apple&F(bring_pear)
4943,"['be_near_tree', 'drop_orange']",at some time be near tree or never drop orange,F(be_near_tree)|G(~(drop_orange))
2594,"['touch_flag', 'journey_by_house']",forever touch flag or whenever journey by house,G(touch_flag)|F(journey_by_house)
5888,"['grab_orange', 'pass_by_house']",at some time grab orange or whenever pass by house,F(grab_orange)|F(pass_by_house)
1664,"['present_at_flag', 'present_at_flag']",at some time present at flag or at some time present at flag,F(present_at_flag)|F(present_at_flag)
2245,"['journey_to_flag', 'haul_pear']",when possible journey to flag and at some time haul pear,F(journey_to_flag)&F(haul_pear)
1710,"['got_to_house', 'come_to_tree']",at any time got to house or come to tree,F(got_to_house)|come_to_tree
5697,"['gather_pear', 'acquire_orange']","if at some time gather pear , acquire orange",F(gather_pear)->acquire_orange
2696,"['stand_by_tree', 'pass_by_waste_receptacle']",at some time stand by tree or at any time pass by waste receptacle,F(stand_by_tree)|F(pass_by_waste_receptacle)
1984,"['go_by_waste_basket', 'withhold_apple']",at some time go by waste basket or at any time withhold apple,F(go_by_waste_basket)|F(withhold_apple)
1292,"['get_near_flag', 'venture_flag']",at some time get near flag or at some time venture flag,F(get_near_flag)|F(venture_flag)
1362,"['hold_on_pear', 'snag_orange']",always hold on pear and whenever snag orange,G(hold_on_pear)&F(snag_orange)
1503,"['contact_flag', 'walk_to_flag']",at any time contact flag or at any time walk to flag,F(contact_flag)|F(walk_to_flag)
1163,"['venture_to_house', 'secure_apple']",at any time venture to house or secure apple,F(venture_to_house)|secure_apple
5137,"['go_past_house', 'proceed_to_flag']",at any time go past house and at any time proceed to flag,F(go_past_house)&F(proceed_to_flag)
1852,"['drop_apple', 'venture_to_house']",never drop apple and at any time venture to house,G(~(drop_apple))&F(venture_to_house)
1583,"['grab_hold_pear', 'journey_by_flag']",grab hold pear until at some time journey by flag,grab_hold_pearUF(journey_by_flag)
1009,"['drop_apple', 'bring_pear']",never drop apple and whenever bring pear,G(~(drop_apple))&F(bring_pear)
5141,"['yield_pear', 'take_to_tree']",when possible yield pear or take to tree,F(yield_pear)|take_to_tree
3265,"['venture_to_waste_basket', 'contact_flag']",whenever venture to waste basket or at any time contact flag,F(venture_to_waste_basket)|F(contact_flag)
1636,"['go_near_house', 'grab_flag']",at any time go near house and at any time grab flag,F(go_near_house)&F(grab_flag)
1244,"['proceed_to_house', 'go_to_bucket']",at some time proceed to house or go to bucket,F(proceed_to_house)|go_to_bucket
2465,"['go_to_apple_trashcan', 'journey_by_flag']",repeatedly go to apple trashcan means that at some time journey by flag,G(F(go_to_apple_trashcan))->F(journey_by_flag)
5883,"['go_past_house', 'get_apple']","if when possible go past house , when possible get apple",F(go_past_house)->F(get_apple)
5096,"['contact_house', 'travel_house']",at any time contact house or at some time travel house,F(contact_house)|F(travel_house)
3810,"['procure_apple', 'move_to_house']",procure apple or move to house,procure_apple|move_to_house
1611,"['walk_to_flag', 'go_to_home']",at any time walk to flag and at some time go to home,F(walk_to_flag)&F(go_to_home)
5033,"['pass_by_trash_bin', 'travel_to_house']",at some time pass by trash bin or at some time travel to house,F(pass_by_trash_bin)|F(travel_to_house)
4252,"['snatch_pear', 'touch_flag']",at any time snatch pear and always touch flag,F(snatch_pear)&G(touch_flag)
1798,"['go_by_waste_bin', 'reach_flag']",go by waste bin and when possible reach flag,go_by_waste_bin&F(reach_flag)
3475,"['snatch_pear', 'getting_pear']",when possible snatch pear and when possible getting pear,F(snatch_pear)&F(getting_pear)
2667,"['get_to_cup', 'put_in_bucket']",whenever get to cup or put in bucket,F(get_to_cup)|put_in_bucket
1074,"['have_pear', 'clutch_orange']",at any time have pear and at some time clutch orange,F(have_pear)&F(clutch_orange)
1698,"['contact_house', 'journey_to_flag']",at some time contact house or whenever journey to flag,F(contact_house)|F(journey_to_flag)
2469,"['keep_apple', 'have_pear']",keep apple until when possible have pear,keep_appleUF(have_pear)
2004,"['take_to_trashcan', 'hold_on_pear']",take to trashcan or always hold on pear,take_to_trashcan|G(hold_on_pear)
2365,"['come_home', 'drop_apple']",whenever come home and never drop apple,F(come_home)&G(~(drop_apple))
1034,"['go_by_waste_basket', 'reach_flag']",at any time go by waste basket or when possible reach flag,F(go_by_waste_basket)|F(reach_flag)
2632,"['getting_pear', 'go_past_house']",at any time getting pear or when possible go past house,F(getting_pear)|F(go_past_house)
2089,"['be_in_houses_vicinity', 'visit_trash_bin']",at some time be in house's vicinity or when possible visit trash bin,F(be_in_houses_vicinity)|F(visit_trash_bin)
4302,"['get_hold_apple', 'venture_house']",whenever get hold apple or at any time venture house,F(get_hold_apple)|F(venture_house)
1369,"['snag_orange', 'approach_trash_can']",at any time snag orange or approach trash can,F(snag_orange)|approach_trash_can
1510,"['drop_apple', 'secure_apple']","when never drop apple , secure apple",G(~(drop_apple))->secure_apple
1534,"['present_at_flag', 'bring_pear']",when possible present at flag until at some time bring pear,F(present_at_flag)UF(bring_pear)
5913,"['proceed_to_tree', 'make_way_to_house']",whenever proceed to tree and repeatedly make way to house,F(proceed_to_tree)&G(F(make_way_to_house))
5726,"['going_to_house', 'touch_flag']",whenever going to house or forever touch flag,F(going_to_house)|G(touch_flag)
1716,"['withdraw_pear', 'clutch_orange']",when possible withdraw pear and at some time clutch orange,F(withdraw_pear)&F(clutch_orange)
2576,"['move_to_house', 'get_orange']",move to house or at any time get orange,move_to_house|F(get_orange)
2260,"['go_to_orange_bin', 'clutch_orange']",go to orange bin or at any time clutch orange,go_to_orange_bin|F(clutch_orange)
2308,"['going_to_flag', 'scoop_up_pear']",at any time going to flag or at some time scoop up pear,F(going_to_flag)|F(scoop_up_pear)
1849,"['make_way_to_house', 'go_to_home']",repeatedly make way to house and at some time go to home,G(F(make_way_to_house))&F(go_to_home)
4401,"['get_hold_orange', 'move_to_tree']",at some time get hold orange and move to tree,F(get_hold_orange)&move_to_tree
5720,"['go_to_peach', 'be_at_house']",whenever go to peach or at any time be at house,F(go_to_peach)|F(be_at_house)
3377,"['haul_pear', 'journey_by_house']",at some time haul pear and when possible journey by house,F(haul_pear)&F(journey_by_house)
3098,"['be_at_house', 'drop_apple']",when possible be at house and never drop apple,F(be_at_house)&G(~(drop_apple))
3415,"['come_home', 'go_by_trash_can']",whenever come home and forever go by trash can,F(come_home)&G(go_by_trash_can)
4113,"['walk_near_flag', 'move_forward_trash_can']",at some time walk near flag or at any time move forward trash can,F(walk_near_flag)|F(move_forward_trash_can)
1730,"['withhold_apple', 'go_by_waste_basket']",at any time withhold apple until at any time go by waste basket,F(withhold_apple)UF(go_by_waste_basket)
1410,"['make_way_waste_basket', 'grab_tree']",at some time make way waste basket and repeatedly grab tree,F(make_way_waste_basket)&G(F(grab_tree))
1358,"['moving', 'drop_pear']",always moving and drop pear,G(moving)&drop_pear
1115,"['obtain_apple', 'let_go_apple']",when possible obtain apple and never let go apple,F(obtain_apple)&G(~(let_go_apple))
2912,"['set_out_to_house', 'gather_orange']",at any time set out to house or gather orange,F(set_out_to_house)|gather_orange
1875,"['drop_apple', 'drop_apple']",never drop apple until never drop apple,G(~(drop_apple))UG(~(drop_apple))
4669,"['go_near_pear', 'seize_pear']",at any time go near pear or whenever seize pear,F(go_near_pear)|F(seize_pear)
2562,"['put_in_bin', 'seize_apple']",put in bin or seize apple,put_in_bin|seize_apple
4477,"['pick_up_fruit', 'travel_to_waste_bin']",pick up fruit or travel to waste bin,pick_up_fruit|travel_to_waste_bin
4691,"['go_to_orange', 'procure_orange']",go to orange can infer that at any time procure orange,go_to_orange->F(procure_orange)
4613,"['go_to_waste_basket', 'come_home']",repeatedly go to waste basket or at some time come home,G(F(go_to_waste_basket))|F(come_home)
4360,"['travel_to_flag', 'walk_near_flag']",at some time travel to flag and at any time walk near flag,F(travel_to_flag)&F(walk_near_flag)
3782,"['pick_up_orange', 'put_in_apple_bucket']",pick up orange or put in apple bucket,pick_up_orange|put_in_apple_bucket
2866,"['procure_apple', 'procure_orange']",procure apple or whenever procure orange,procure_apple|F(procure_orange)
1787,"['get_near_flag', 'advance_to_tree']",whenever get near flag and advance to tree,F(get_near_flag)&advance_to_tree
2088,"['withold_apple', 'collect_apple']",at any time withold apple means that at any time collect apple,F(withold_apple)->F(collect_apple)
2099,"['reach_tree', 'move_to_flag']",whenever reach tree or when possible move to flag,F(reach_tree)|F(move_to_flag)
1564,"['approach_flag', 'collect_pear']",at some time approach flag or collect pear,F(approach_flag)|collect_pear
1180,"['reach_flag', 'withhold_apple']",when possible reach flag and at some time withhold apple,F(reach_flag)&F(withhold_apple)
1888,"['venture_to_house', 'venture_to_house']",when possible venture to house or at some time venture to house,F(venture_to_house)|F(venture_to_house)
1499,"['visit_waste_basket', 'let_go_apple']",at some time visit waste basket and at some time let go apple,F(visit_waste_basket)&F(let_go_apple)
1586,"['have_in_orange', 'reach_house']",forever have in orange can infer that reach house,G(have_in_orange)->reach_house
5775,"['walk_near_flag', 'going_to_flag']",whenever walk near flag or whenever going to flag,F(walk_near_flag)|F(going_to_flag)
3035,"['pick_up_flag', 'get_hold_of_pear']",pick up flag or get hold of pear,pick_up_flag|get_hold_of_pear
5482,"['pick_up_fruit', 'seize_pear']",pick up fruit and at some time seize pear,pick_up_fruit&F(seize_pear)
1665,"['secure_pear', 'pick_up_orange']",at some time secure pear or pick up orange,F(secure_pear)|pick_up_orange
1440,"['present_at_flag', 'venture_to_house']",whenever present at flag or at some time venture to house,F(present_at_flag)|F(venture_to_house)
2118,"['let_go', 'go_by_trash_can']",never let go and always go by trash can,G(~(let_go))&G(go_by_trash_can)
2933,"['take_possession_of_bear', 'scoop_up_apple']",when possible take possession of bear or whenever scoop up apple,F(take_possession_of_bear)|F(scoop_up_apple)
1053,"['approach_house', 'pick_up_flag']",when possible approach house and pick up flag,F(approach_house)&pick_up_flag
2024,"['moving', 'advance_to_tree']",forever moving or advance to tree,G(moving)|advance_to_tree
1944,"['seize_apple', 'approach_house']",seize apple or when possible approach house,seize_apple|F(approach_house)
3560,"['go_to_trash_can', 'contact_house']",at some time go to trash can and whenever contact house,F(go_to_trash_can)&F(contact_house)
1563,"['proceed_to_flag', 'pick_up_apple']",at any time proceed to flag or at some time pick up apple,F(proceed_to_flag)|F(pick_up_apple)
2209,"['take_orange', 'contact_flag']",take orange until at some time contact flag,take_orangeUF(contact_flag)
4508,"['let_go', 'take_to_tree']",never let go or take to tree,G(~(let_go))|take_to_tree
1084,"['go_to_apple_trashcan', 'spend_time_at_tree']",repeatedly go to apple trashcan or at some time spend time at tree,G(F(go_to_apple_trashcan))|F(spend_time_at_tree)
1558,"['venture_towards_house', 'present_at_flag']",venture towards house and when possible present at flag,venture_towards_house&F(present_at_flag)
1457,"['withdraw_pear', 'grip_apple']",whenever withdraw pear or grip apple,F(withdraw_pear)|grip_apple
3526,"['collect_orange', 'go_to_tree']",when possible collect orange or whenever go to tree,F(collect_orange)|F(go_to_tree)
2899,"['let_go_apple', 'get_apple']",when possible let go apple or at any time get apple,F(let_go_apple)|F(get_apple)
1357,"['journey_by_house', 'contact_house']",at some time journey by house and at some time contact house,F(journey_by_house)&F(contact_house)
5170,"['let_go_orange', 'show_yourself_near_house']",never let go orange and at any time show yourself near house,G(~(let_go_orange))&F(show_yourself_near_house)
5938,"['reach_trash_can', 'go_home']",reach trash can and at any time go home,reach_trash_can&F(go_home)
2434,"['track_towards_tree', 'get_near_flag']",whenever track towards tree and at some time get near flag,F(track_towards_tree)&F(get_near_flag)
4100,"['visit_waste_basket', 'pass_by_waste_receptacle']",when possible visit waste basket or at some time pass by waste receptacle,F(visit_waste_basket)|F(pass_by_waste_receptacle)
3101,"['gather_orange', 'journey_to_tree']",gather orange or at some time journey to tree,gather_orange|F(journey_to_tree)
2587,"['reach_trash_can', 'hold_on_to_pear']",reach trash can and hold on to pear,reach_trash_can&hold_on_to_pear
1598,"['venture_towards_house', 'withhold_apple']",venture towards house and at some time withhold apple,venture_towards_house&F(withhold_apple)
1896,"['let_go_orange', 'move_near_tree']",do not let go orange and whenever move near tree,~(let_go_orange)&F(move_near_tree)
4386,"['be_at_house', 'go_to_tree']",whenever be at house or whenever go to tree,F(be_at_house)|F(go_to_tree)
3732,"['move_to_house', 'go_to_trash_receptacle']","when move to house , at some time go to trash receptacle",move_to_house->F(go_to_trash_receptacle)
5513,"['go_near_flag', 'go_near_pear']",whenever go near flag and whenever go near pear,F(go_near_flag)&F(go_near_pear)
2016,"['venture_to_flag', 'procure_orange']","if whenever venture to flag , whenever procure orange",F(venture_to_flag)->F(procure_orange)
1560,"['be_in_houses_vicinity', 'reach_house']",at some time be in house's vicinity or reach house,F(be_in_houses_vicinity)|reach_house
5608,"['approach_tree', 'hold_on_to_pear']",approach tree until hold on to pear,approach_treeUhold_on_to_pear
2886,"['pass_by_house', 'gather_apple']",when possible pass by house or gather apple,F(pass_by_house)|gather_apple
4257,"['seize_pear', 'move_forward_trash_can']","if at some time seize pear , whenever move forward trash can",F(seize_pear)->F(move_forward_trash_can)
1759,"['move_to_trash_can', 'seize_pear']",move to trash can or at some time seize pear,move_to_trash_can|F(seize_pear)
1416,"['present_at_flag', 'bring_pear']",at some time present at flag or whenever bring pear,F(present_at_flag)|F(bring_pear)
1987,"['reach_house', 'spend_time_at_tree']",reach house and when possible spend time at tree,reach_house&F(spend_time_at_tree)
3468,"['put_in_bin', 'travel_to_trash_can']",put in bin and whenever travel to trash can,put_in_bin&F(travel_to_trash_can)
4607,"['pick_up_apple', 'arrive_at_tree']",whenever pick up apple or when possible arrive at tree,F(pick_up_apple)|F(arrive_at_tree)
3303,"['hold_on_to_pear', 'collect_pear']",hold on to pear until collect pear,hold_on_to_pearUcollect_pear
1757,"['make_way_waste_basket', 'snag_orange']",at some time make way waste basket or at some time snag orange,F(make_way_waste_basket)|F(snag_orange)
3389,"['make_contact_with_house', 'move_to_tree']",at any time make contact with house or move to tree,F(make_contact_with_house)|move_to_tree
1531,"['put_in_apple_bucket', 'approach_flag']",put in apple bucket or when possible approach flag,put_in_apple_bucket|F(approach_flag)
1542,"['venture_flag', 'snatch_up_pear']",at some time venture flag or snatch up pear,F(venture_flag)|snatch_up_pear
2450,"['go_by_flag', 'acquire_pear']",at some time go by flag and at some time acquire pear,F(go_by_flag)&F(acquire_pear)
5017,"['travel_to_house', 'go_past_house']",at some time travel to house or at any time go past house,F(travel_to_house)|F(go_past_house)
2033,"['shift_to_flag', 'scoop_up_apple']",when possible shift to flag or at any time scoop up apple,F(shift_to_flag)|F(scoop_up_apple)
1424,"['withhold_apple', 'secure_apple']",when possible withhold apple or secure apple,F(withhold_apple)|secure_apple
2810,"['touch_house', 'acquire_orange']",at some time touch house or acquire orange,F(touch_house)|acquire_orange
3192,"['approach_tree', 'put_in_bucket']",approach tree and put in bucket,approach_tree&put_in_bucket
2295,"['haul_pear', 'snatch_pear']",at any time haul pear or whenever snatch pear,F(haul_pear)|F(snatch_pear)
2068,"['hold_on_pear', 'go_to_apple_trashcan']",forever hold on pear and repeatedly go to apple trashcan,G(hold_on_pear)&G(F(go_to_apple_trashcan))
4870,"['pick_up_pear', 'travel_to_waste_bin']",pick up pear and travel to waste bin,pick_up_pear&travel_to_waste_bin
2356,"['venture_to_flag', 'put_in_bin']",at any time venture to flag or put in bin,F(venture_to_flag)|put_in_bin
1435,"['travel_to_waste_bin', 'approach_house']",travel to waste bin or at some time approach house,travel_to_waste_bin|F(approach_house)
4166,"['be_near_tree', 'get_hold_apple']",at any time be near tree and when possible get hold apple,F(be_near_tree)&F(get_hold_apple)
2125,"['go_to_orange_bin', 'approach_trash_can']",go to orange bin and approach trash can,go_to_orange_bin&approach_trash_can
1886,"['move_to_house', 'go_to_trash_receptacle']",move to house or whenever go to trash receptacle,move_to_house|F(go_to_trash_receptacle)
4517,"['travel_house', 'proceed_to_house']",whenever travel house or at any time proceed to house,F(travel_house)|F(proceed_to_house)
1277,"['withhold_apple', 'go_by_waste_bin']",when possible withhold apple or go by waste bin,F(withhold_apple)|go_by_waste_bin
5258,"['go_to_orange', 'pick_up_anything']",go to orange and don't pick up anything,go_to_orange&~(F(pick_up_anything))
5342,"['proceed_to_house', 'show_yourself_near_house']",when possible proceed to house or when possible show yourself near house,F(proceed_to_house)|F(show_yourself_near_house)
3340,"['journey_to_tree', 'come_home']",when possible journey to tree or when possible come home,F(journey_to_tree)|F(come_home)
4173,"['reach_trash_can', 'go_to_house']",reach trash can or at any time go to house,reach_trash_can|F(go_to_house)
1905,"['go_by_waste_basket', 'withhold_apple']",when possible go by waste basket or whenever withhold apple,F(go_by_waste_basket)|F(withhold_apple)
1983,"['bring_pear', 'go_by_waste_bin']","if at some time bring pear , go by waste bin",F(bring_pear)->go_by_waste_bin
1263,"['reach_flag', 'venture_to_house']",at any time reach flag and at any time venture to house,F(reach_flag)&F(venture_to_house)
2999,"['drop_orange', 'visit_waste_basket']",drop orange and whenever visit waste basket,drop_orange&F(visit_waste_basket)
1083,"['secure_apple', 'bring_pear']",secure apple until whenever bring pear,secure_appleUF(bring_pear)
2441,"['journey_to_flag', 'reach_trash_can']",when possible journey to flag and reach trash can,F(journey_to_flag)&reach_trash_can
4867,"['journey_to_house', 'obtain_apple']",at any time journey to house until at some time obtain apple,F(journey_to_house)UF(obtain_apple)
1388,"['let_go_orange', 'move_towards_trash_can']",never let go orange or move towards trash can,G(~(let_go_orange))|move_towards_trash_can
1942,"['get_hold_orange', 'go_to_bucket']","when whenever get hold orange , go to bucket",F(get_hold_orange)->go_to_bucket
2198,"['start_going_to_tree', 'gather_pear']","if at some time start going to tree , at some time gather pear",F(start_going_to_tree)->F(gather_pear)
1161,"['drop_apple', 'drop_apple']",never drop apple or never drop apple,G(~(drop_apple))|G(~(drop_apple))
1677,"['venture_towards_house', 'go_by_waste_bin']",venture towards house or go by waste bin,venture_towards_house|go_by_waste_bin
1211,"['make_way_to_house', 'advance_to_house']",repeatedly make way to house or at some time advance to house,G(F(make_way_to_house))|F(advance_to_house)
1973,"['drop_apple', 'reach_flag']",never drop apple or whenever reach flag,G(~(drop_apple))|F(reach_flag)
2948,"['reach_tree', 'make_contact_with_house']",at any time reach tree or at any time make contact with house,F(reach_tree)|F(make_contact_with_house)
1150,"['drop_apple', 'present_at_flag']",never drop apple or when possible present at flag,G(~(drop_apple))|F(present_at_flag)
1751,"['get_close_tree', 'put_in_bucket']",when possible get close tree or put in bucket,F(get_close_tree)|put_in_bucket
5985,"['make_contact_with_house', 'approach_tree']",whenever make contact with house and approach tree,F(make_contact_with_house)&approach_tree
4242,"['advance_to_house', 'take_possession_of_bear']",when possible advance to house or at any time take possession of bear,F(advance_to_house)|F(take_possession_of_bear)
2701,"['walk_to_flag', 'go_to_pear']","if at some time walk to flag , repeatedly go to pear",F(walk_to_flag)->G(F(go_to_pear))
5367,"['walk_to_flag', 'pick_up_pear']",when possible walk to flag until pick up pear,F(walk_to_flag)Upick_up_pear
1662,"['go_to_trash_bin', 'procure_pear']","when at any time go to trash bin , at some time procure pear",F(go_to_trash_bin)->F(procure_pear)
5540,"['approach_tree', 'make_your_way_flag']",approach tree can infer that when possible make your way flag,approach_tree->F(make_your_way_flag)
1811,"['withdraw_pear', 'get_near_flag']",at any time withdraw pear and when possible get near flag,F(withdraw_pear)&F(get_near_flag)
1545,"['grab_tree', 'track_towards_tree']",repeatedly grab tree or at any time track towards tree,G(F(grab_tree))|F(track_towards_tree)
1855,"['have_possession_of_apple', 'withold_apple']",when possible have possession of apple or at some time withold apple,F(have_possession_of_apple)|F(withold_apple)
3905,"['go_near_flag', 'acquire_apple']",whenever go near flag or acquire apple,F(go_near_flag)|acquire_apple
1962,"['approach_trash_can', 'snatch_up_pear']",approach trash can and snatch up pear,approach_trash_can&snatch_up_pear
4712,"['journey_to_tree', 'travel_to_waste_bin']",whenever journey to tree or travel to waste bin,F(journey_to_tree)|travel_to_waste_bin
2952,"['get_pear', 'hold_onto_orange']",when possible get pear or always hold onto orange,F(get_pear)|G(hold_onto_orange)
1760,"['obtain_apple', 'pass_by_waste_receptacle']",at some time obtain apple or whenever pass by waste receptacle,F(obtain_apple)|F(pass_by_waste_receptacle)
5512,"['venture_to_waste_basket', 'touch_tree']",at any time venture to waste basket until at some time touch tree,F(venture_to_waste_basket)UF(touch_tree)
4927,"['go_to_apple', 'pick_up_fruit']",whenever go to apple or pick up fruit,F(go_to_apple)|pick_up_fruit
1169,"['go_by_waste_basket', 'go_by_waste_basket']",when possible go by waste basket means that when possible go by waste basket,F(go_by_waste_basket)->F(go_by_waste_basket)
1865,"['grab_hold_pear', 'start_going_to_house']",grab hold pear and when possible start going to house,grab_hold_pear&F(start_going_to_house)
2410,"['drop_pear', 'arrive_at_tree']","if never drop pear , at any time arrive at tree",G(~(drop_pear))->F(arrive_at_tree)
5134,"['move_past_trash_can', 'show_yourself_near_house']",at some time move past trash can or at some time show yourself near house,F(move_past_trash_can)|F(show_yourself_near_house)
1430,"['drop_apple', 'bring_pear']",never drop apple or at some time bring pear,G(~(drop_apple))|F(bring_pear)
1130,"['travel_to_apple', 'let_go_pear']",travel to apple and do not let go pear,travel_to_apple&~(let_go_pear)
1515,"['come_to_tree', 'go_to_orange_bin']",come to tree or go to orange bin,come_to_tree|go_to_orange_bin
1778,"['go_to_trash_receptacle', 'contact_house']",when possible go to trash receptacle or at some time contact house,F(go_to_trash_receptacle)|F(contact_house)
2238,"['be_at_flag', 'contact_house']",whenever be at flag or when possible contact house,F(be_at_flag)|F(contact_house)
5193,"['move_forward_trash_can', 'contact_house']",when possible move forward trash can or at some time contact house,F(move_forward_trash_can)|F(contact_house)
3842,"['set_out_to_house', 'obtain_apple']",when possible set out to house or at any time obtain apple,F(set_out_to_house)|F(obtain_apple)
1610,"['proceed_to_tree', 'go_to_trash_receptacle']",whenever proceed to tree or at any time go to trash receptacle,F(proceed_to_tree)|F(go_to_trash_receptacle)
4536,"['collect_orange', 'show_yourself_near_house']",whenever collect orange and at any time show yourself near house,F(collect_orange)&F(show_yourself_near_house)
4557,"['scoop_up_apple', 'go_to_trash_receptacle']",when possible scoop up apple or at some time go to trash receptacle,F(scoop_up_apple)|F(go_to_trash_receptacle)
5618,"['going_to_flag', 'capture_pear']",at some time going to flag and when possible capture pear,F(going_to_flag)&F(capture_pear)
1956,"['reach_flag', 'venture_towards_house']",when possible reach flag or venture towards house,F(reach_flag)|venture_towards_house
3270,"['secure_pear', 'be_near_tree']",at some time secure pear and whenever be near tree,F(secure_pear)&F(be_near_tree)
2007,"['take_to_tree', 'drop_apple']",take to tree and never drop apple,take_to_tree&G(~(drop_apple))
2346,"['walk', 'going_to_tree']",walk means that going to tree,walk->going_to_tree
4666,"['go_past_flag', 'travel_to_house']",when possible go past flag or at any time travel to house,F(go_past_flag)|F(travel_to_house)
1578,"['start_going_to_house', 'approach_trash_can']",at any time start going to house or approach trash can,F(start_going_to_house)|approach_trash_can
1836,"['get_to_tree', 'hold_on_pear']",get to tree or forever hold on pear,get_to_tree|G(hold_on_pear)
5291,"['go_to_peach', 'gather_pear']",at some time go to peach or at some time gather pear,F(go_to_peach)|F(gather_pear)
3794,"['pick_up_pear', 'have_apple']",pick up pear or always have apple,pick_up_pear|G(have_apple)
4223,"['go_home', 'obtain_orange']",whenever go home until when possible obtain orange,F(go_home)UF(obtain_orange)
2250,"['go_near_house', 'stop_by_house']",when possible go near house and at some time stop by house,F(go_near_house)&F(stop_by_house)
1415,"['withhold_apple', 'drop_apple']",when possible withhold apple or never drop apple,F(withhold_apple)|G(~(drop_apple))
2321,"['drop_pear', 'drop_pear']",drop pear until drop pear,drop_pearUdrop_pear
1418,"['seize_pear', 'have_apple']",at some time seize pear or always have apple,F(seize_pear)|G(have_apple)
2395,"['visit_trash_bin', 'reach_house']",when possible visit trash bin means that reach house,F(visit_trash_bin)->reach_house
1270,"['snag_orange', 'have_pear']",at some time snag orange or whenever have pear,F(snag_orange)|F(have_pear)
1996,"['go_by_waste_basket', 'bring_pear']",at some time go by waste basket until when possible bring pear,F(go_by_waste_basket)UF(bring_pear)
2085,"['snag_orange', 'keep_apple']","when at any time snag orange , keep apple",F(snag_orange)->keep_apple
5149,"['proceed_to_flag', 'make_contact_with_house']",when possible proceed to flag and at some time make contact with house,F(proceed_to_flag)&F(make_contact_with_house)
1684,"['secure_apple', 'bring_pear']",secure apple or when possible bring pear,secure_apple|F(bring_pear)
1327,"['get_close_tree', 'travel_to_flag']",whenever get close tree or when possible travel to flag,F(get_close_tree)|F(travel_to_flag)
4049,"['drop_apple', 'journey_to_tree']",never drop apple or whenever journey to tree,G(~(drop_apple))|F(journey_to_tree)
1129,"['get_to_flag', 'withdraw_pear']",at some time get to flag or at some time withdraw pear,F(get_to_flag)|F(withdraw_pear)
1993,"['obtain_apple', 'going_to_flag']",whenever obtain apple and when possible going to flag,F(obtain_apple)&F(going_to_flag)
3989,"['go_to_waste_basket', 'move_to_trash_can']",repeatedly go to waste basket and move to trash can,G(F(go_to_waste_basket))&move_to_trash_can
1741,"['make_contact_flag', 'pick_up_pear']",when possible make contact flag or pick up pear,F(make_contact_flag)|pick_up_pear
2057,"['grab_hold_pear', 'move_near_tree']",grab hold pear and when possible move near tree,grab_hold_pear&F(move_near_tree)
1726,"['grab_tree', 'go_to_transh_can']",repeatedly grab tree and at some time go to transh can,G(F(grab_tree))&F(go_to_transh_can)
1062,"['go_to_tree', 'steal_apple']",whenever go to tree and whenever steal apple,F(go_to_tree)&F(steal_apple)
2394,"['go_past_house', 'get_hold_of_orange']",at any time go past house and at some time get hold of orange,F(go_past_house)&F(get_hold_of_orange)
1277,"['make_contact_with_house', 'pick_up_fruit']",at any time make contact with house or pick up fruit,F(make_contact_with_house)|pick_up_fruit
1330,"['venture_to_house', 'secure_apple']",whenever venture to house or secure apple,F(venture_to_house)|secure_apple
5133,"['getting_pear', 'put_in_bin']",whenever getting pear or put in bin,F(getting_pear)|put_in_bin
2320,"['put_in_bucket', 'move_to_tree']",put in bucket and move to tree,put_in_bucket&move_to_tree
4253,"['go_by_tree', 'move_forward_trash_can']",at some time go by tree and at some time move forward trash can,F(go_by_tree)&F(move_forward_trash_can)
5087,"['pass_by_waste_receptacle', 'go_to_waste_basket']",at any time pass by waste receptacle and repeatedly go to waste basket,F(pass_by_waste_receptacle)&G(F(go_to_waste_basket))
3726,"['go_to_pear', 'take_pear']",repeatedly go to pear or take pear,G(F(go_to_pear))|take_pear
3137,"['obtain_pear', 'go_past_flag']",when possible obtain pear means that when possible go past flag,F(obtain_pear)->F(go_past_flag)
3543,"['drop_orange', 'obtain_orange']",drop orange or when possible obtain orange,drop_orange|F(obtain_orange)
2228,"['go_near_pear', 'collect_pear']",whenever go near pear and collect pear,F(go_near_pear)&collect_pear
1823,"['present_at_flag', 'withhold_apple']",when possible present at flag and at some time withhold apple,F(present_at_flag)&F(withhold_apple)
2077,"['clutch_orange', 'lay_hold_of_apple']",at some time clutch orange or when possible lay hold of apple,F(clutch_orange)|F(lay_hold_of_apple)
3404,"['acquire_orange', 'obtain_orange']",acquire orange or whenever obtain orange,acquire_orange|F(obtain_orange)
1367,"['seize_orange', 'scoop_up_pear']","when at any time seize orange , at any time scoop up pear",F(seize_orange)->F(scoop_up_pear)
3302,"['drop_pear', 'obtain_orange']",never drop pear and whenever obtain orange,G(~(drop_pear))&F(obtain_orange)
4710,"['going_to_tree', 'set_out_to_house']",going to tree until whenever set out to house,going_to_treeUF(set_out_to_house)
2486,"['advance_to_tree', 'drop_pear']",advance to tree or drop pear,advance_to_tree|drop_pear
1677,"['travel_to_house', 'go_by_house']",at any time travel to house means that whenever go by house,F(travel_to_house)->F(go_by_house)
5260,"['visit_waste_basket', 'stand_by_tree']",when possible visit waste basket and at some time stand by tree,F(visit_waste_basket)&F(stand_by_tree)
3785,"['go_to_waste_basket', 'proceed_to_flag']",repeatedly go to waste basket or at any time proceed to flag,G(F(go_to_waste_basket))|F(proceed_to_flag)
2188,"['go_to_apple_trashcan', 'make_to_flag']",repeatedly go to apple trashcan means that whenever make to flag,G(F(go_to_apple_trashcan))->F(make_to_flag)
4806,"['put_in_apple_bucket', 'venture_to_waste_basket']",put in apple bucket or at some time venture to waste basket,put_in_apple_bucket|F(venture_to_waste_basket)
1638,"['bring_pear', 'reach_flag']","if when possible bring pear , whenever reach flag",F(bring_pear)->F(reach_flag)
2097,"['go_to_bucket', 'stand_by_tree']",go to bucket or whenever stand by tree,go_to_bucket|F(stand_by_tree)
4448,"['touch_house', 'procure_orange']",whenever touch house until at some time procure orange,F(touch_house)UF(procure_orange)
5012,"['get_close_flag', 'go_visit_flag']",when possible get close flag and go visit flag,F(get_close_flag)&go_visit_flag
1723,"['venture_towards_house', 'secure_apple']",venture towards house until secure apple,venture_towards_houseUsecure_apple
2103,"['steal_apple', 'scoop_up_pear']",when possible steal apple or whenever scoop up pear,F(steal_apple)|F(scoop_up_pear)
2382,"['go_home', 'let_go_pear']",whenever go home until don't let go pear,F(go_home)U~(let_go_pear)
1419,"['got_to_house', 'take_to_trashcan']",whenever got to house until take to trashcan,F(got_to_house)Utake_to_trashcan
2177,"['drop_pear', 'going_to_house']",never drop pear and whenever going to house,G(~(drop_pear))&F(going_to_house)
1411,"['pick_up_flag', 'obtain_orange']","if pick up flag , at any time obtain orange",pick_up_flag->F(obtain_orange)
2098,"['come_to_tree', 'make_way_waste_basket']",come to tree means that when possible make way waste basket,come_to_tree->F(make_way_waste_basket)
1442,"['go_by_waste_bin', 'withhold_apple']",go by waste bin or at any time withhold apple,go_by_waste_bin|F(withhold_apple)
5162,"['go_by_trash_can', 'go_to_orange']",forever go by trash can until go to orange,G(go_by_trash_can)Ugo_to_orange
4375,"['contact_house', 'move_to_tree']",at any time contact house can infer that move to tree,F(contact_house)->move_to_tree
2233,"['keep_apple', 'get_to_flag']",keep apple can infer that at any time get to flag,keep_apple->F(get_to_flag)
4868,"['steal_apple', 'contact_flag']",at any time steal apple or when possible contact flag,F(steal_apple)|F(contact_flag)
1307,"['present_at_flag', 'secure_apple']",at some time present at flag or secure apple,F(present_at_flag)|secure_apple
2546,"['pick_up_orange', 'take_pear']",pick up orange or take pear,pick_up_orange|take_pear
4273,"['hold_apple', 'walk_to_flag']",hold apple and when possible walk to flag,hold_apple&F(walk_to_flag)
1489,"['drop_apple', 'secure_apple']",never drop apple and secure apple,G(~(drop_apple))&secure_apple
3507,"['move_to_flag', 'pick_up_orange']",when possible move to flag or pick up orange,F(move_to_flag)|pick_up_orange
3408,"['venture_to_waste_basket', 'travel_to_tree']",whenever venture to waste basket or travel to tree,F(venture_to_waste_basket)|travel_to_tree
1648,"['bring_pear', 'present_at_flag']",at some time bring pear or at some time present at flag,F(bring_pear)|F(present_at_flag)
1549,"['secure_apple', 'withhold_apple']",secure apple or at some time withhold apple,secure_apple|F(withhold_apple)
2658,"['travel_to_trash_can', 'collect_orange']",at some time travel to trash can or when possible collect orange,F(travel_to_trash_can)|F(collect_orange)
2702,"['take_possession_of_bear', 'go_by_house']",when possible take possession of bear or whenever go by house,F(take_possession_of_bear)|F(go_by_house)
1285,"['go_near_flag', 'stop_by_trash_can']",when possible go near flag or at any time stop by trash can,F(go_near_flag)|F(stop_by_trash_can)
4500,"['hold_onto_orange', 'get_close_flag']",forever hold onto orange and whenever get close flag,G(hold_onto_orange)&F(get_close_flag)
3162,"['gather_orange', 'grasp_orange']",gather orange or grasp orange,gather_orange|grasp_orange
1700,"['start_going_to_tree', 'pick_up_anything']",at any time start going to tree and don't pick up anything,F(start_going_to_tree)&~(F(pick_up_anything))
3551,"['going_to_tree', 'let_go_apple']",going to tree or at some time let go apple,going_to_tree|F(let_go_apple)
5457,"['hold_orange', 'drop_orange']",hold orange or never drop orange,hold_orange|G(~(drop_orange))
1824,"['venture_towards_house', 'bring_pear']",venture towards house or at some time bring pear,venture_towards_house|F(bring_pear)
1578,"['go_to_bucket', 'pass_by_trash_bin']",go to bucket or whenever pass by trash bin,go_to_bucket|F(pass_by_trash_bin)
1557,"['get_hold_of_orange', 'proceed_to_tree']",at some time get hold of orange or at any time proceed to tree,F(get_hold_of_orange)|F(proceed_to_tree)
5731,"['gather_apple', 'hold_pear']",gather apple until hold pear,gather_appleUhold_pear
3559,"['acquire_pear', 'pass_by_trash_bin']",at some time acquire pear or at some time pass by trash bin,F(acquire_pear)|F(pass_by_trash_bin)
1712,"['grip_apple', 'keep_apple']",grip apple and keep apple,grip_apple&keep_apple
2789,"['drop_pear', 'hold_onto_orange']",never drop pear or forever hold onto orange,G(~(drop_pear))|G(hold_onto_orange)
1753,"['venture_to_house', 'drop_apple']",at any time venture to house or never drop apple,F(venture_to_house)|G(~(drop_apple))
1641,"['venture_towards_house', 'bring_pear']","if venture towards house , whenever bring pear",venture_towards_house->F(bring_pear)
5050,"['procure_pear', 'have_possession_of_apple']",whenever procure pear and whenever have possession of apple,F(procure_pear)&F(have_possession_of_apple)
2829,"['pass_by_waste_receptacle', 'grab_orange']","if whenever pass by waste receptacle , when possible grab orange",F(pass_by_waste_receptacle)->F(grab_orange)
1008,"['be_in_houses_vicinity', 'go_to_trashcan']",whenever be in house's vicinity or when possible go to trashcan,F(be_in_houses_vicinity)|F(go_to_trashcan)
1774,"['visit_trash_bin', 'migrate_to_tree']",at some time visit trash bin and when possible migrate to tree,F(visit_trash_bin)&F(migrate_to_tree)
5725,"['grab_pear', 'make_contact_with_house']",at some time grab pear or at any time make contact with house,F(grab_pear)|F(make_contact_with_house)
1478,"['go_to_trashcan', 'track_towards_tree']",whenever go to trashcan and at some time track towards tree,F(go_to_trashcan)&F(track_towards_tree)
1395,"['go_to_pear', 'touch_flag']",repeatedly go to pear and forever touch flag,G(F(go_to_pear))&G(touch_flag)
1193,"['moving', 'be_in_houses_vicinity']",forever moving or whenever be in house's vicinity,G(moving)|F(be_in_houses_vicinity)
1041,"['get_near_flag', 'got_to_house']",whenever get near flag or whenever got to house,F(get_near_flag)|F(got_to_house)
3553,"['obtain_orange', 'capture_pear']",at any time obtain orange or at any time capture pear,F(obtain_orange)|F(capture_pear)
1879,"['drop_apple', 'go_by_waste_basket']",never drop apple and whenever go by waste basket,G(~(drop_apple))&F(go_by_waste_basket)
2387,"['start_going_to_house', 'stop_by_house']",at some time start going to house and at some time stop by house,F(start_going_to_house)&F(stop_by_house)
1642,"['get_close_flag', 'grab_apple']",at some time get close flag and at any time grab apple,F(get_close_flag)&F(grab_apple)
1032,"['venture_towards_house', 'go_by_waste_basket']",venture towards house and at any time go by waste basket,venture_towards_house&F(go_by_waste_basket)
4045,"['travel_by_tree', 'let_go_apple']",at any time travel by tree or at any time let go apple,F(travel_by_tree)|F(let_go_apple)
3395,"['procure_apple', 'go_to_orange']",procure apple or go to orange,procure_apple|go_to_orange
1414,"['touch_tree', 'approach_house']",at any time touch tree or at any time approach house,F(touch_tree)|F(approach_house)
5538,"['make_way_to_house', 'go_to_waste_basket']","when repeatedly make way to house , repeatedly go to waste basket",G(F(make_way_to_house))->G(F(go_to_waste_basket))
2117,"['let_go_pear', 'let_go_pear']",do not let go pear or do not let go pear,~(let_go_pear)|~(let_go_pear)
1729,"['take_pear', 'move_forward_trash_can']",take pear or at any time move forward trash can,take_pear|F(move_forward_trash_can)
5961,"['take_to_tree', 'seize_orange']",take to tree until whenever seize orange,take_to_treeUF(seize_orange)
4714,"['let_go_apple', 'reach_tree']",never let go apple can infer that at some time reach tree,G(~(let_go_apple))->F(reach_tree)
3099,"['pass_by_trash_bin', 'pick_up_flag']",at any time pass by trash bin and pick up flag,F(pass_by_trash_bin)&pick_up_flag
2444,"['venture_to_waste_basket', 'go_to_peach']",when possible venture to waste basket or whenever go to peach,F(venture_to_waste_basket)|F(go_to_peach)
5664,"['go_to_orange', 'proceed_to_flag']",go to orange until whenever proceed to flag,go_to_orangeUF(proceed_to_flag)
3533,"['obtain_apple', 'obtain_orange']","if whenever obtain apple , when possible obtain orange",F(obtain_apple)->F(obtain_orange)
2299,"['take_possession_of_bear', 'pick_up_pear']",whenever take possession of bear means that pick up pear,F(take_possession_of_bear)->pick_up_pear
1845,"['take_possession_of_bear', 'gather_pear']",when possible take possession of bear or when possible gather pear,F(take_possession_of_bear)|F(gather_pear)
1226,"['venture_towards_house', 'venture_to_house']","when venture towards house , at some time venture to house",venture_towards_house->F(venture_to_house)
1639,"['grab_tree', 'take_to_trashcan']",repeatedly grab tree and take to trashcan,G(F(grab_tree))&take_to_trashcan
5142,"['pick_up_peach', 'gather_pear']",at any time pick up peach or at any time gather pear,F(pick_up_peach)|F(gather_pear)
1751,"['withhold_apple', 'venture_to_house']",at some time withhold apple or whenever venture to house,F(withhold_apple)|F(venture_to_house)
1639,"['reach_flag', 'go_by_waste_bin']",at any time reach flag until go by waste bin,F(reach_flag)Ugo_by_waste_bin
4529,"['seize_pear', 'gather_apple']",at any time seize pear and gather apple,F(seize_pear)&gather_apple
2487,"['seize_orange', 'grasp_pear']",at some time seize orange or whenever grasp pear,F(seize_orange)|F(grasp_pear)
2132,"['make_way_waste_basket', 'spend_time_at_tree']",at any time make way waste basket until at some time spend time at tree,F(make_way_waste_basket)UF(spend_time_at_tree)
1257,"['grab_flag', 'reach_house']",when possible grab flag or reach house,F(grab_flag)|reach_house
5603,"['gather_pear', 'take_possession_of_bear']",when possible gather pear and at any time take possession of bear,F(gather_pear)&F(take_possession_of_bear)
1160,"['get_to_flag', 'move_near_tree']",whenever get to flag and whenever move near tree,F(get_to_flag)&F(move_near_tree)
1267,"['pick_up_peach', 'move_forward_trash_can']",at some time pick up peach and at any time move forward trash can,F(pick_up_peach)&F(move_forward_trash_can)
1208,"['drop_apple', 'secure_apple']",never drop apple or secure apple,G(~(drop_apple))|secure_apple
3463,"['acquire_apple', 'come_home']",acquire apple and when possible come home,acquire_apple&F(come_home)
5266,"['going_to_tree', 'go_by_tree']",going to tree and when possible go by tree,going_to_tree&F(go_by_tree)
2018,"['grip_apple', 'go_to_orange_bin']",grip apple or go to orange bin,grip_apple|go_to_orange_bin
4686,"['acquire_pear', 'go_by_flag']",at some time acquire pear or at any time go by flag,F(acquire_pear)|F(go_by_flag)
2238,"['let_go_pear', 'let_go_pear']",don't let go pear or don't let go pear,~(let_go_pear)|~(let_go_pear)
1043,"['go_near_house', 'withdraw_pear']",at any time go near house or when possible withdraw pear,F(go_near_house)|F(withdraw_pear)
1023,"['venture_towards_house', 'secure_apple']",venture towards house or secure apple,venture_towards_house|secure_apple
1767,"['secure_apple', 'venture_towards_house']",secure apple or venture towards house,secure_apple|venture_towards_house
2200,"['collect_apple', 'go_to_waste_basket']",at any time collect apple and repeatedly go to waste basket,F(collect_apple)&G(F(go_to_waste_basket))
2625,"['go_to_apple', 'approach_house']",when possible go to apple and at any time approach house,F(go_to_apple)&F(approach_house)
5449,"['get_pear', 'collect_orange']",at some time get pear or at any time collect orange,F(get_pear)|F(collect_orange)
5638,"['contact_flag', 'procure_apple']",at some time contact flag and procure apple,F(contact_flag)&procure_apple
4379,"['go_to_trash_receptacle', 'let_go_orange']",whenever go to trash receptacle or never let go orange,F(go_to_trash_receptacle)|G(~(let_go_orange))
2024,"['collect_pear', 'drop_orange']",collect pear or never drop orange,collect_pear|G(~(drop_orange))
3681,"['make_contact_with_house', 'go_to_apple']",whenever make contact with house until at any time go to apple,F(make_contact_with_house)UF(go_to_apple)
1965,"['stop_by_house', 'move_near_tree']",whenever stop by house and at some time move near tree,F(stop_by_house)&F(move_near_tree)
4034,"['pass_by_trash_bin', 'travel_by_tree']",at any time pass by trash bin until at some time travel by tree,F(pass_by_trash_bin)UF(travel_by_tree)
3736,"['snatch_pear', 'be_at_house']",at some time snatch pear or when possible be at house,F(snatch_pear)|F(be_at_house)
2128,"['go_to_bucket', 'touch_house']",go to bucket until when possible touch house,go_to_bucketUF(touch_house)
3684,"['put_in_bin', 'hold_on_to_pear']",put in bin and hold on to pear,put_in_bin&hold_on_to_pear
1747,"['go_by_waste_bin', 'present_at_flag']",go by waste bin or at some time present at flag,go_by_waste_bin|F(present_at_flag)
2792,"['hold_on_to_pear', 'move_to_house']",hold on to pear or move to house,hold_on_to_pear|move_to_house
1313,"['seize_pear', 'show_yourself_near_house']",at any time seize pear and at some time show yourself near house,F(seize_pear)&F(show_yourself_near_house)
1043,"['move_towards_trash_can', 'reach_tree']",move towards trash can or when possible reach tree,move_towards_trash_can|F(reach_tree)
4178,"['put_in_bucket', 'stop_by_flag']","if put in bucket , stop by flag",put_in_bucket->stop_by_flag
1074,"['bring_pear', 'secure_apple']",when possible bring pear until secure apple,F(bring_pear)Usecure_apple
2428,"['go_near_house', 'let_go_pear']",at some time go near house and do not let go pear,F(go_near_house)&~(let_go_pear)
1196,"['go_by_waste_bin', 'secure_apple']",go by waste bin or secure apple,go_by_waste_bin|secure_apple
5721,"['obtain_orange', 'be_at_flag']",at any time obtain orange can infer that at any time be at flag,F(obtain_orange)->F(be_at_flag)
1682,"['grab_hold_pear', 'grab_hold_pear']",grab hold pear or grab hold pear,grab_hold_pear|grab_hold_pear
4080,"['yield_pear', 'go_to_orange']",whenever yield pear can infer that go to orange,F(yield_pear)->go_to_orange
1515,"['proceed_to_flag', 'grasp_pear']",at any time proceed to flag and when possible grasp pear,F(proceed_to_flag)&F(grasp_pear)
2478,"['advance_to_tree', 'journey_by_flag']","when advance to tree , when possible journey by flag",advance_to_tree->F(journey_by_flag)
2389,"['let_go_apple', 'contact_house']",at some time let go apple and at any time contact house,F(let_go_apple)&F(contact_house)
5384,"['go_near_pear', 'pass_by_waste_receptacle']",when possible go near pear and at any time pass by waste receptacle,F(go_near_pear)&F(pass_by_waste_receptacle)
5778,"['acquire_pear', 'take_apple']",at any time acquire pear or take apple,F(acquire_pear)|take_apple
3586,"['stand_by_tree', 'go_by_tree']",at some time stand by tree and when possible go by tree,F(stand_by_tree)&F(go_by_tree)
1851,"['reach_flag', 'present_at_flag']",whenever reach flag or at some time present at flag,F(reach_flag)|F(present_at_flag)
1615,"['drop_apple', 'secure_apple']",never drop apple or secure apple,G(~(drop_apple))|secure_apple
2529,"['visit_waste_basket', 'let_go_orange']",when possible visit waste basket and never let go orange,F(visit_waste_basket)&G(~(let_go_orange))
1885,"['venture_towards_house', 'drop_apple']",venture towards house and never drop apple,venture_towards_house&G(~(drop_apple))
4908,"['visit_tree', 'procure_apple']",visit tree or procure apple,visit_tree|procure_apple
1206,"['go_by_waste_basket', 'drop_apple']",at some time go by waste basket until never drop apple,F(go_by_waste_basket)UG(~(drop_apple))
1596,"['have_in_orange', 'go_to_trashcan']",forever have in orange and at any time go to trashcan,G(have_in_orange)&F(go_to_trashcan)
5869,"['touch_tree', 'collect_orange']",at any time touch tree until whenever collect orange,F(touch_tree)UF(collect_orange)
1684,"['travel_to_trash_can', 'get_to_cup']",at any time travel to trash can and when possible get to cup,F(travel_to_trash_can)&F(get_to_cup)
2194,"['proceed_to_flag', 'go_to_pear']",at any time proceed to flag or repeatedly go to pear,F(proceed_to_flag)|G(F(go_to_pear))
1195,"['visit_trash_bin', 'lay_hold_of_apple']",at any time visit trash bin means that at some time lay hold of apple,F(visit_trash_bin)->F(lay_hold_of_apple)
1028,"['go_by_waste_bin', 'go_by_waste_basket']",go by waste bin and when possible go by waste basket,go_by_waste_bin&F(go_by_waste_basket)
3292,"['move_to_tree', 'gather_orange']",move to tree or gather orange,move_to_tree|gather_orange
1682,"['present_at_flag', 'drop_apple']",at some time present at flag and never drop apple,F(present_at_flag)&G(~(drop_apple))
4053,"['acquire_orange', 'acquire_pear']",acquire orange or at any time acquire pear,acquire_orange|F(acquire_pear)
4488,"['withold_apple', 'grab_pear']",at some time withold apple or whenever grab pear,F(withold_apple)|F(grab_pear)
3798,"['seize_pear', 'acquire_pear']",whenever seize pear or at some time acquire pear,F(seize_pear)|F(acquire_pear)
3621,"['venture_to_waste_basket', 'procure_orange']",whenever venture to waste basket or when possible procure orange,F(venture_to_waste_basket)|F(procure_orange)
1835,"['pass_by_trash_bin', 'take_possession_of_bear']",when possible pass by trash bin and at any time take possession of bear,F(pass_by_trash_bin)&F(take_possession_of_bear)
1499,"['stay', 'spend_time_at_tree']",forever stay or at any time spend time at tree,G(stay)|F(spend_time_at_tree)
4763,"['drop_by', 'obtain_orange']",drop by and whenever obtain orange,drop_by&F(obtain_orange)
3924,"['scoop_up_apple', 'move_past_trash_can']",at any time scoop up apple until when possible move past trash can,F(scoop_up_apple)UF(move_past_trash_can)
1700,"['drop_apple', 'bring_pear']",never drop apple means that whenever bring pear,G(~(drop_apple))->F(bring_pear)
1771,"['reach_flag', 'present_at_flag']",when possible reach flag and at any time present at flag,F(reach_flag)&F(present_at_flag)
3708,"['pick_up_pear', 'seize_orange']","when pick up pear , at some time seize orange",pick_up_pear->F(seize_orange)
4628,"['take_orange', 'travel_house']",take orange and whenever travel house,take_orange&F(travel_house)
1344,"['advance_to_tree', 'got_to_house']",advance to tree until whenever got to house,advance_to_treeUF(got_to_house)
4350,"['go_past_flag', 'make_your_way_flag']",at some time go past flag or at some time make your way flag,F(go_past_flag)|F(make_your_way_flag)
3734,"['go_to_trash_receptacle', 'steal_apple']",whenever go to trash receptacle or at any time steal apple,F(go_to_trash_receptacle)|F(steal_apple)
1288,"['capture_pear', 'move_to_house']",at some time capture pear and move to house,F(capture_pear)&move_to_house
2834,"['withold_apple', 'visit_waste_basket']",at any time withold apple and whenever visit waste basket,F(withold_apple)&F(visit_waste_basket)
2961,"['grab_orange', 'touch_flag']",when possible grab orange and always touch flag,F(grab_orange)&G(touch_flag)
5510,"['acquire_orange', 'go_to_peach']",acquire orange until at any time go to peach,acquire_orangeUF(go_to_peach)
1816,"['withhold_apple', 'withhold_apple']",whenever withhold apple or at some time withhold apple,F(withhold_apple)|F(withhold_apple)
2752,"['pick_up_peach', 'drop_orange']",at some time pick up peach and never drop orange,F(pick_up_peach)&G(~(drop_orange))
2428,"['let_go_pear', 'venture_to_flag']",don't let go pear or when possible venture to flag,~(let_go_pear)|F(venture_to_flag)
1656,"['journey_by_flag', 'snag_orange']",at any time journey by flag and when possible snag orange,F(journey_by_flag)&F(snag_orange)
3321,"['steal_apple', 'approach_tree']",when possible steal apple or approach tree,F(steal_apple)|approach_tree
1585,"['bring_pear', 'venture_towards_house']",when possible bring pear or venture towards house,F(bring_pear)|venture_towards_house
5048,"['drop_apple', 'have_apple']",never drop apple and forever have apple,G(~(drop_apple))&G(have_apple)
1090,"['go_by_waste_basket', 'go_by_waste_basket']",at any time go by waste basket and at some time go by waste basket,F(go_by_waste_basket)&F(go_by_waste_basket)
2276,"['drop_orange', 'approach_trash_can']","if never drop orange , approach trash can",G(~(drop_orange))->approach_trash_can
1125,"['get_hold_apple', 'be_near_tree']",whenever get hold apple and at some time be near tree,F(get_hold_apple)&F(be_near_tree)
1532,"['withdraw_pear', 'journey_by_flag']",at some time withdraw pear or at some time journey by flag,F(withdraw_pear)|F(journey_by_flag)
1956,"['grab_apple', 'travel_to_tree']",whenever grab apple or travel to tree,F(grab_apple)|travel_to_tree
4434,"['scoop_up_apple', 'go_visit_house']",whenever scoop up apple until at any time go visit house,F(scoop_up_apple)UF(go_visit_house)
2417,"['snatch_up_pear', 'make_way_waste_basket']",snatch up pear until at any time make way waste basket,snatch_up_pearUF(make_way_waste_basket)
4555,"['contact_flag', 'touch_tree']",at some time contact flag or when possible touch tree,F(contact_flag)|F(touch_tree)
1340,"['bring_pear', 'drop_apple']",when possible bring pear or never drop apple,F(bring_pear)|G(~(drop_apple))
2011,"['visit_flag', 'get_hold_of_orange']",at any time visit flag or whenever get hold of orange,F(visit_flag)|F(get_hold_of_orange)
2449,"['withdraw_pear', 'journey_by_flag']",when possible withdraw pear and at some time journey by flag,F(withdraw_pear)&F(journey_by_flag)
3545,"['travel_house', 'make_way_to_house']",whenever travel house or repeatedly make way to house,F(travel_house)|G(F(make_way_to_house))
5256,"['venture_to_waste_basket', 'take_to_tree']",at some time venture to waste basket and take to tree,F(venture_to_waste_basket)&take_to_tree
2169,"['stand_by_tree', 'travel_to_tree']",at any time stand by tree can infer that travel to tree,F(stand_by_tree)->travel_to_tree
1545,"['go_by_waste_basket', 'drop_apple']",whenever go by waste basket or never drop apple,F(go_by_waste_basket)|G(~(drop_apple))
1630,"['go_to_trashcan', 'visit_trash_bin']",when possible go to trashcan and at any time visit trash bin,F(go_to_trashcan)&F(visit_trash_bin)
5218,"['advance_to_house', 'go_to_trash_receptacle']",when possible advance to house or when possible go to trash receptacle,F(advance_to_house)|F(go_to_trash_receptacle)
4776,"['capture_pear', 'get_close_flag']",at any time capture pear and whenever get close flag,F(capture_pear)&F(get_close_flag)
1692,"['bring_pear', 'venture_to_house']",whenever bring pear or at some time venture to house,F(bring_pear)|F(venture_to_house)
4060,"['capture_pear', 'drop_apple']",at some time capture pear or never drop apple,F(capture_pear)|G(~(drop_apple))
3218,"['go_home', 'journey_by_house']",when possible go home or at any time journey by house,F(go_home)|F(journey_by_house)
1725,"['go_by_waste_bin', 'go_by_waste_bin']",go by waste bin until go by waste bin,go_by_waste_binUgo_by_waste_bin
5211,"['snatch_pear', 'go_visit_flag']",at some time snatch pear until go visit flag,F(snatch_pear)Ugo_visit_flag
2386,"['get_close_flag', 'pick_up_flag']",when possible get close flag until pick up flag,F(get_close_flag)Upick_up_flag
5859,"['get_orange', 'visit_flag']",at any time get orange or whenever visit flag,F(get_orange)|F(visit_flag)
5969,"['go_by_tree', 'collect_pear']",whenever go by tree or collect pear,F(go_by_tree)|collect_pear
1333,"['venture_to_house', 'secure_apple']",when possible venture to house or secure apple,F(venture_to_house)|secure_apple
3839,"['go_to_pear', 'obtain_apple']",repeatedly go to pear or at some time obtain apple,G(F(go_to_pear))|F(obtain_apple)
4399,"['drop_by', 'let_go_orange']",drop by and never let go orange,drop_by&G(~(let_go_orange))
5274,"['move_around', 'approach_tree']",forever move around until approach tree,G(move_around)Uapproach_tree
1646,"['present_at_flag', 'venture_towards_house']",when possible present at flag or venture towards house,F(present_at_flag)|venture_towards_house
2370,"['reach_trash_can', 'be_near_tree']",reach trash can or at any time be near tree,reach_trash_can|F(be_near_tree)
1837,"['go_by_waste_basket', 'secure_apple']",when possible go by waste basket and secure apple,F(go_by_waste_basket)&secure_apple
1357,"['secure_apple', 'venture_towards_house']",secure apple or venture towards house,secure_apple|venture_towards_house
5145,"['contact_house', 'put_in_bin']",at any time contact house or put in bin,F(contact_house)|put_in_bin
1311,"['withhold_apple', 'go_by_waste_basket']",when possible withhold apple or whenever go by waste basket,F(withhold_apple)|F(go_by_waste_basket)
2942,"['go_near_pear', 'move_to_tree']",whenever go near pear and move to tree,F(go_near_pear)&move_to_tree
1429,"['venture_to_waste_basket', 'secure_pear']",at any time venture to waste basket and at any time secure pear,F(venture_to_waste_basket)&F(secure_pear)
1278,"['drop_by', 'be_at_flag']",drop by and whenever be at flag,drop_by&F(be_at_flag)
2779,"['reach_tree', 'drop_apple']",at some time reach tree and never drop apple,F(reach_tree)&G(~(drop_apple))
3870,"['contact_house', 'drop_orange']",at any time contact house or never drop orange,F(contact_house)|G(~(drop_orange))
2195,"['put_in_bin', 'drop_apple']",put in bin until never drop apple,put_in_binUG(~(drop_apple))
2878,"['acquire_pear', 'go_to_trash_can']",at any time acquire pear or at some time go to trash can,F(acquire_pear)|F(go_to_trash_can)
2258,"['approach_trash_can', 'get_near_flag']",approach trash can or when possible get near flag,approach_trash_can|F(get_near_flag)
1679,"['journey_by_flag', 'be_in_houses_vicinity']",when possible journey by flag or when possible be in house's vicinity,F(journey_by_flag)|F(be_in_houses_vicinity)
2149,"['pick_up_flag', 'yield_pear']",pick up flag until at some time yield pear,pick_up_flagUF(yield_pear)
1515,"['venture_towards_house', 'venture_towards_house']",venture towards house until venture towards house,venture_towards_houseUventure_towards_house
1738,"['approach_trash_can', 'journey_by_flag']",approach trash can or when possible journey by flag,approach_trash_can|F(journey_by_flag)
2042,"['move_near_tree', 'lay_hold_of_apple']",at some time move near tree or at any time lay hold of apple,F(move_near_tree)|F(lay_hold_of_apple)
2464,"['grab_tree', 'grab_tree']",repeatedly grab tree and repeatedly grab tree,G(F(grab_tree))&G(F(grab_tree))
2719,"['tax_apple', 'acquire_apple']",when possible tax apple and acquire apple,F(tax_apple)&acquire_apple
3524,"['go_to_trash_can', 'venture_to_flag']",whenever go to trash can and whenever venture to flag,F(go_to_trash_can)&F(venture_to_flag)
2090,"['clutch_orange', 'migrate_to_tree']",when possible clutch orange and at some time migrate to tree,F(clutch_orange)&F(migrate_to_tree)
4904,"['come_home', 'go_to_tree']",at some time come home or at any time go to tree,F(come_home)|F(go_to_tree)
2119,"['show_yourself_near_house', 'make_way_to_house']",whenever show yourself near house or repeatedly make way to house,F(show_yourself_near_house)|G(F(make_way_to_house))
1980,"['withhold_apple', 'venture_to_house']",when possible withhold apple or when possible venture to house,F(withhold_apple)|F(venture_to_house)
1284,"['be_in_houses_vicinity', 'track_towards_tree']",at any time be in house's vicinity or whenever track towards tree,F(be_in_houses_vicinity)|F(track_towards_tree)
5995,"['tax_apple', 'visit_house']",when possible tax apple and when possible visit house,F(tax_apple)&F(visit_house)
4468,"['move_to_house', 'seize_orange']",move to house until at some time seize orange,move_to_houseUF(seize_orange)
3614,"['go_to_pear', 'venture_to_trash_can']",repeatedly go to pear until venture to trash can,G(F(go_to_pear))Uventure_to_trash_can
4129,"['drop_orange', 'move_to_tree']",never drop orange and move to tree,G(~(drop_orange))&move_to_tree
5104,"['set_out_to_house', 'let_go_apple']",whenever set out to house until when possible let go apple,F(set_out_to_house)UF(let_go_apple)
2241,"['procure_orange', 'get_to_cup']",at any time procure orange or whenever get to cup,F(procure_orange)|F(get_to_cup)
1018,"['venture_to_house', 'venture_towards_house']",whenever venture to house or venture towards house,F(venture_to_house)|venture_towards_house
1202,"['get_apple', 'take_orange']",at some time get apple or take orange,F(get_apple)|take_orange
1961,"['procure_apple', 'touch_tree']",procure apple and whenever touch tree,procure_apple&F(touch_tree)
2076,"['steal_apple', 'hold_onto_orange']",at some time steal apple until always hold onto orange,F(steal_apple)UG(hold_onto_orange)
1831,"['withhold_apple', 'venture_towards_house']",at any time withhold apple or venture towards house,F(withhold_apple)|venture_towards_house
1279,"['stop_by_flag', 'grasp_pear']",stop by flag and whenever grasp pear,stop_by_flag&F(grasp_pear)
3704,"['scoop_up_apple', 'collect_apple']",at some time scoop up apple until at some time collect apple,F(scoop_up_apple)UF(collect_apple)
3240,"['drop_apple', 'drop_apple']",never drop apple and never drop apple,G(~(drop_apple))&G(~(drop_apple))
1637,"['go_by_waste_basket', 'venture_to_house']",at some time go by waste basket and when possible venture to house,F(go_by_waste_basket)&F(venture_to_house)
4295,"['let_go_apple', 'grab_pear']","when never let go apple , whenever grab pear",G(~(let_go_apple))->F(grab_pear)
3744,"['go_to_trash_bin', 'hold_pear']",whenever go to trash bin and hold pear,F(go_to_trash_bin)&hold_pear
2764,"['going_to_flag', 'pass_by_waste_receptacle']",at any time going to flag until whenever pass by waste receptacle,F(going_to_flag)UF(pass_by_waste_receptacle)
5447,"['pass_by_trash_bin', 'drop_apple']",whenever pass by trash bin and never drop apple,F(pass_by_trash_bin)&G(~(drop_apple))
2466,"['withdraw_pear', 'hold_on_pear']",when possible withdraw pear or always hold on pear,F(withdraw_pear)|G(hold_on_pear)
2128,"['hold_on_pear', 'migrate_to_tree']",forever hold on pear or at any time migrate to tree,G(hold_on_pear)|F(migrate_to_tree)
5004,"['seize_orange', 'move_to_house']",when possible seize orange or move to house,F(seize_orange)|move_to_house
4611,"['go_past_flag', 'go_home']",when possible go past flag or when possible go home,F(go_past_flag)|F(go_home)
5220,"['advance_to_house', 'journey_to_tree']",when possible advance to house and when possible journey to tree,F(advance_to_house)&F(journey_to_tree)
4783,"['grasp_orange', 'travel_to_waste_bin']",grasp orange and travel to waste bin,grasp_orange&travel_to_waste_bin
2934,"['reach_tree', 'going_to_house']",when possible reach tree and when possible going to house,F(reach_tree)&F(going_to_house)
3016,"['let_go_pear', 'stop_by_trash_can']",don't let go pear or at some time stop by trash can,~(let_go_pear)|F(stop_by_trash_can)
1539,"['grab_flag', 'approach_trash_can']",whenever grab flag or approach trash can,F(grab_flag)|approach_trash_can
5987,"['move_towards_trash_can', 'go_to_trash_bin']",move towards trash can or when possible go to trash bin,move_towards_trash_can|F(go_to_trash_bin)
1729,"['go_by_waste_bin', 'go_by_waste_bin']",go by waste bin and go by waste bin,go_by_waste_bin&go_by_waste_bin
1339,"['drop_orange', 'go_visit_house']",never drop orange until at any time go visit house,G(~(drop_orange))UF(go_visit_house)
2071,"['journey_by_flag', 'visit_trash_bin']",at any time journey by flag or at any time visit trash bin,F(journey_by_flag)|F(visit_trash_bin)
2586,"['going_to_tree', 'capture_pear']",going to tree until at some time capture pear,going_to_treeUF(capture_pear)
3483,"['go_to_home', 'procure_orange']",when possible go to home or when possible procure orange,F(go_to_home)|F(procure_orange)
3561,"['travel_to_trash_can', 'venture_to_trash_can']",when possible travel to trash can and venture to trash can,F(travel_to_trash_can)&venture_to_trash_can
3925,"['travel_to_house', 'be_near_tree']",at some time travel to house or when possible be near tree,F(travel_to_house)|F(be_near_tree)
1834,"['venture_to_house', 'reach_flag']",whenever venture to house or whenever reach flag,F(venture_to_house)|F(reach_flag)
5255,"['journey_by_house', 'get_hold_of_pear']",when possible journey by house until get hold of pear,F(journey_by_house)Uget_hold_of_pear
1851,"['let_go_orange', 'go_to_orange_bin']",do not let go orange and go to orange bin,~(let_go_orange)&go_to_orange_bin
1424,"['drop_orange', 'take_to_trashcan']",never drop orange or take to trashcan,G(~(drop_orange))|take_to_trashcan
2131,"['get_apple', 'reach_tree']",whenever get apple or at any time reach tree,F(get_apple)|F(reach_tree)
1841,"['withhold_apple', 'present_at_flag']",at some time withhold apple and at any time present at flag,F(withhold_apple)&F(present_at_flag)
4339,"['gather_apple', 'get_hold_of_pear']",gather apple or get hold of pear,gather_apple|get_hold_of_pear
2598,"['obtain_apple', 'acquire_pear']",at some time obtain apple and whenever acquire pear,F(obtain_apple)&F(acquire_pear)
3217,"['take_to_tree', 'go_to_apple']",take to tree and whenever go to apple,take_to_tree&F(go_to_apple)
1972,"['withhold_apple', 'venture_to_house']",whenever withhold apple or at any time venture to house,F(withhold_apple)|F(venture_to_house)
3651,"['gather_apple', 'move_past_trash_can']",gather apple until when possible move past trash can,gather_appleUF(move_past_trash_can)
4816,"['visit_flag', 'shift_to_flag']",whenever visit flag or at any time shift to flag,F(visit_flag)|F(shift_to_flag)
3026,"['capture_orange', 'go_near_flag']",capture orange and at some time go near flag,capture_orange&F(go_near_flag)
4909,"['walk_to_flag', 'seize_apple']",whenever walk to flag or seize apple,F(walk_to_flag)|seize_apple
5178,"['visit_house', 'go_to_orange']",when possible visit house or go to orange,F(visit_house)|go_to_orange
5084,"['collect_orange', 'get_hold_of_pear']","when at any time collect orange , get hold of pear",F(collect_orange)->get_hold_of_pear
1290,"['secure_apple', 'go_by_waste_bin']",secure apple or go by waste bin,secure_apple|go_by_waste_bin
1443,"['secure_apple', 'bring_pear']",secure apple or at any time bring pear,secure_apple|F(bring_pear)
1607,"['withhold_apple', 'venture_to_house']",at some time withhold apple until at some time venture to house,F(withhold_apple)UF(venture_to_house)
3902,"['gather_apple', 'seize_orange']",gather apple or at some time seize orange,gather_apple|F(seize_orange)
5302,"['go_to_waste_basket', 'touch_flag']",repeatedly go to waste basket until always touch flag,G(F(go_to_waste_basket))UG(touch_flag)
4142,"['go_to_flag', 'go_to_trash_bin']",when possible go to flag or at any time go to trash bin,F(go_to_flag)|F(go_to_trash_bin)
1525,"['secure_apple', 'bring_pear']",secure apple and whenever bring pear,secure_apple&F(bring_pear)
3901,"['move_towards_trash_can', 'go_to_tree']",move towards trash can or when possible go to tree,move_towards_trash_can|F(go_to_tree)
1746,"['make_to_flag', 'got_to_house']",when possible make to flag and at any time got to house,F(make_to_flag)&F(got_to_house)
4977,"['go_to_apple', 'get_hold_orange']",at some time go to apple and whenever get hold orange,F(go_to_apple)&F(get_hold_orange)
2894,"['advance_to_house', 'gather_pear']",whenever advance to house or when possible gather pear,F(advance_to_house)|F(gather_pear)
2004,"['stop_by_trash_can', 'get_apple']",when possible stop by trash can or whenever get apple,F(stop_by_trash_can)|F(get_apple)
1893,"['collect_orange', 'pass_by_house']",whenever collect orange or at any time pass by house,F(collect_orange)|F(pass_by_house)
1897,"['reach_tree', 'get_hold_apple']",at some time reach tree or at some time get hold apple,F(reach_tree)|F(get_hold_apple)
3213,"['go_to_home', 'obtain_apple']",when possible go to home and at any time obtain apple,F(go_to_home)&F(obtain_apple)
4126,"['get_pear', 'take_pear']",at some time get pear until take pear,F(get_pear)Utake_pear
1608,"['withhold_apple', 'drop_apple']",when possible withhold apple or never drop apple,F(withhold_apple)|G(~(drop_apple))
1866,"['venture_flag', 'go_to_orange_bin']",at any time venture flag or go to orange bin,F(venture_flag)|go_to_orange_bin
2190,"['go_to_orange', 'journey_to_house']",go to orange or at some time journey to house,go_to_orange|F(journey_to_house)
4973,"['be_at_flag', 'approach_tree']",at some time be at flag or approach tree,F(be_at_flag)|approach_tree
2921,"['visit_flag', 'go_near_flag']",at any time visit flag or when possible go near flag,F(visit_flag)|F(go_near_flag)
3373,"['grab_pear', 'get_hold_of_pear']",at some time grab pear or get hold of pear,F(grab_pear)|get_hold_of_pear
3699,"['go_by_flag', 'collect_apple']",at some time go by flag can infer that when possible collect apple,F(go_by_flag)->F(collect_apple)
3297,"['get_apple', 'go_by_house']",whenever get apple and at some time go by house,F(get_apple)&F(go_by_house)
4924,"['go_past_house', 'proceed_to_house']",when possible go past house and at some time proceed to house,F(go_past_house)&F(proceed_to_house)
1678,"['go_to_orange_bin', 'come_to_tree']",go to orange bin or come to tree,go_to_orange_bin|come_to_tree
1217,"['get_near_flag', 'move_to_trashcan']",at any time get near flag or move to trashcan,F(get_near_flag)|move_to_trashcan
2189,"['secure_pear', 'gather_pear']","if whenever secure pear , when possible gather pear",F(secure_pear)->F(gather_pear)
1926,"['grasp_apple', 'tax_apple']",at some time grasp apple or when possible tax apple,F(grasp_apple)|F(tax_apple)
2324,"['get_apple', 'set_out_to_house']",whenever get apple and when possible set out to house,F(get_apple)&F(set_out_to_house)
5530,"['move_towards_trash_can', 'shift_to_flag']",move towards trash can or when possible shift to flag,move_towards_trash_can|F(shift_to_flag)
4431,"['obtain_pear', 'take_possession_of_bear']",whenever obtain pear or at any time take possession of bear,F(obtain_pear)|F(take_possession_of_bear)
5659,"['collect_orange', 'going_to_house']",at some time collect orange or whenever going to house,F(collect_orange)|F(going_to_house)
5074,"['grab_apple', 'put_in_apple_bucket']",when possible grab apple or put in apple bucket,F(grab_apple)|put_in_apple_bucket
2243,"['start_going_to_tree', 'be_at_house']",at some time start going to tree or at some time be at house,F(start_going_to_tree)|F(be_at_house)
1607,"['pick_up_anything', 'proceed_to_tree']",don't pick up anything or at any time proceed to tree,~(F(pick_up_anything))|F(proceed_to_tree)
1207,"['approach_trash_can', 'go_to_trashcan']",approach trash can or at any time go to trashcan,approach_trash_can|F(go_to_trashcan)
1932,"['venture_to_house', 'present_at_flag']",whenever venture to house or when possible present at flag,F(venture_to_house)|F(present_at_flag)
3517,"['grab_apple', 'walk_near_flag']",at some time grab apple and at any time walk near flag,F(grab_apple)&F(walk_near_flag)
3973,"['grasp_orange', 'take_to_trash_can']",grasp orange and take to trash can,grasp_orange&take_to_trash_can
3245,"['travel_to_waste_bin', 'be_at_flag']",travel to waste bin and when possible be at flag,travel_to_waste_bin&F(be_at_flag)
2380,"['be_in_houses_vicinity', 'journey_by_flag']",when possible be in house's vicinity and at any time journey by flag,F(be_in_houses_vicinity)&F(journey_by_flag)
1441,"['get_to_flag', 'have_pear']",whenever get to flag and at some time have pear,F(get_to_flag)&F(have_pear)
1475,"['keep_apple', 'grab_tree']",keep apple and repeatedly grab tree,keep_apple&G(F(grab_tree))
1115,"['present_at_flag', 'go_by_waste_bin']",at some time present at flag or go by waste bin,F(present_at_flag)|go_by_waste_bin
2573,"['make_contact_with_house', 'travel_to_flag']",whenever make contact with house and at some time travel to flag,F(make_contact_with_house)&F(travel_to_flag)
5918,"['get_hold_apple', 'go_to_bucket']","when at some time get hold apple , go to bucket",F(get_hold_apple)->go_to_bucket
1720,"['have_apple', 'travel_to_flag']",forever have apple or at any time travel to flag,G(have_apple)|F(travel_to_flag)
2360,"['get_near_flag', 'keep_apple']",when possible get near flag or keep apple,F(get_near_flag)|keep_apple
1598,"['go_to_pear', 'make_contact_flag']",repeatedly go to pear can infer that whenever make contact flag,G(F(go_to_pear))->F(make_contact_flag)
4398,"['stop_by_trash_can', 'get_apple']",whenever stop by trash can and at some time get apple,F(stop_by_trash_can)&F(get_apple)
1724,"['walk_near_flag', 'get_apple']",at any time walk near flag and at some time get apple,F(walk_near_flag)&F(get_apple)
4598,"['pick_up_fruit', 'proceed_to_tree']",pick up fruit and at some time proceed to tree,pick_up_fruit&F(proceed_to_tree)
2087,"['take_to_trash_can', 'pick_up_anything']",take to trash can or don't pick up anything,take_to_trash_can|~(F(pick_up_anything))
2026,"['get_to_flag', 'drop_orange']",at some time get to flag or never drop orange,F(get_to_flag)|G(~(drop_orange))
1852,"['advance_to_tree', 'start_going_to_house']",advance to tree or when possible start going to house,advance_to_tree|F(start_going_to_house)
2549,"['pass_by_trash_bin', 'grasp_pear']",at some time pass by trash bin and at any time grasp pear,F(pass_by_trash_bin)&F(grasp_pear)
3467,"['get_hold_of_pear', 'scoop_up_pear']",get hold of pear until at any time scoop up pear,get_hold_of_pearUF(scoop_up_pear)
5441,"['collect_pear', 'have_possession_of_apple']",collect pear or at any time have possession of apple,collect_pear|F(have_possession_of_apple)
3754,"['make_contact_with_house', 'journey_to_flag']",whenever make contact with house or when possible journey to flag,F(make_contact_with_house)|F(journey_to_flag)
1373,"['contact_flag', 'proceed_to_tree']",when possible contact flag and when possible proceed to tree,F(contact_flag)&F(proceed_to_tree)
1465,"['withhold_apple', 'present_at_flag']",at some time withhold apple and at some time present at flag,F(withhold_apple)&F(present_at_flag)
4865,"['get_orange', 'get_hold_of_pear']",when possible get orange and get hold of pear,F(get_orange)&get_hold_of_pear
1696,"['make_way_waste_basket', 'be_in_houses_vicinity']",whenever make way waste basket means that at some time be in house's vicinity,F(make_way_waste_basket)->F(be_in_houses_vicinity)
1152,"['move_to_tree', 'hold_onto_orange']",move to tree and always hold onto orange,move_to_tree&G(hold_onto_orange)
1474,"['venture_to_house', 'bring_pear']",whenever venture to house until whenever bring pear,F(venture_to_house)UF(bring_pear)
2006,"['tax_apple', 'get_hold_of_pear']",whenever tax apple or get hold of pear,F(tax_apple)|get_hold_of_pear
2946,"['obtain_apple', 'move_past_trash_can']",when possible obtain apple until at some time move past trash can,F(obtain_apple)UF(move_past_trash_can)
2604,"['snatch_pear', 'pick_up_flag']",when possible snatch pear or pick up flag,F(snatch_pear)|pick_up_flag
2225,"['grab_hold_pear', 'keep_apple']",grab hold pear or keep apple,grab_hold_pear|keep_apple
2285,"['pass_by_waste_receptacle', 'seize_orange']",when possible pass by waste receptacle or whenever seize orange,F(pass_by_waste_receptacle)|F(seize_orange)
1900,"['grasp_orange', 'getting_pear']",grasp orange or at some time getting pear,grasp_orange|F(getting_pear)
2022,"['put_in_bucket', 'make_way_to_house']",put in bucket or repeatedly make way to house,put_in_bucket|G(F(make_way_to_house))
1179,"['hold_orange', 'visit_waste_basket']",hold orange until at some time visit waste basket,hold_orangeUF(visit_waste_basket)
2410,"['withdraw_pear', 'make_way_waste_basket']",when possible withdraw pear or whenever make way waste basket,F(withdraw_pear)|F(make_way_waste_basket)
5049,"['journey_to_flag', 'take_possession_of_bear']",whenever journey to flag means that when possible take possession of bear,F(journey_to_flag)->F(take_possession_of_bear)
2470,"['make_contact_with_house', 'reach_tree']",at any time make contact with house means that at some time reach tree,F(make_contact_with_house)->F(reach_tree)
3249,"['obtain_orange', 'venture_to_flag']",when possible obtain orange or when possible venture to flag,F(obtain_orange)|F(venture_to_flag)
1792,"['have_in_orange', 'make_to_flag']",always have in orange or whenever make to flag,G(have_in_orange)|F(make_to_flag)
1498,"['have_in_orange', 'go_near_house']",always have in orange or when possible go near house,G(have_in_orange)|F(go_near_house)
1455,"['let_go_pear', 'grab_hold_pear']",don't let go pear or grab hold pear,~(let_go_pear)|grab_hold_pear
4240,"['hold_apple', 'approach_tree']",hold apple or approach tree,hold_apple|approach_tree
2813,"['drop_pear', 'travel_to_house']",never drop pear and at any time travel to house,G(~(drop_pear))&F(travel_to_house)
3005,"['move_to_trash_can', 'make_contact_with_house']",move to trash can can infer that at any time make contact with house,move_to_trash_can->F(make_contact_with_house)
1256,"['snag_orange', 'keep_apple']",when possible snag orange or keep apple,F(snag_orange)|keep_apple
1087,"['go_home', 'make_contact_with_house']",whenever go home or at some time make contact with house,F(go_home)|F(make_contact_with_house)
1345,"['secure_apple', 'secure_apple']",secure apple or secure apple,secure_apple|secure_apple
5362,"['pick_up_apple', 'venture_to_trash_can']",when possible pick up apple or venture to trash can,F(pick_up_apple)|venture_to_trash_can
1940,"['have_pear', 'get_to_flag']",at some time have pear and at any time get to flag,F(have_pear)&F(get_to_flag)
5606,"['grab_apple', 'gather_apple']",when possible grab apple or gather apple,F(grab_apple)|gather_apple
5751,"['visit_tree', 'show_yourself_near_house']",visit tree and at any time show yourself near house,visit_tree&F(show_yourself_near_house)
5414,"['move_to_trash_can', 'go_by_flag']",move to trash can and when possible go by flag,move_to_trash_can&F(go_by_flag)
1069,"['reach_flag', 'reach_flag']",at some time reach flag and at any time reach flag,F(reach_flag)&F(reach_flag)
1400,"['be_near_tree', 'procure_orange']",when possible be near tree and when possible procure orange,F(be_near_tree)&F(procure_orange)
1364,"['visit_trash_bin', 'journey_by_flag']",at any time visit trash bin or when possible journey by flag,F(visit_trash_bin)|F(journey_by_flag)
4188,"['drop_apple', 'pick_up_anything']",never drop apple or do not pick up anything,G(~(drop_apple))|~(F(pick_up_anything))
1162,"['migrate_to_tree', 'move_near_tree']",at some time migrate to tree and at any time move near tree,F(migrate_to_tree)&F(move_near_tree)
3157,"['gather_orange', 'obtain_orange']",gather orange or whenever obtain orange,gather_orange|F(obtain_orange)
2446,"['make_to_flag', 'migrate_to_tree']",at some time make to flag or whenever migrate to tree,F(make_to_flag)|F(migrate_to_tree)
4004,"['hold_apple', 'grasp_pear']",hold apple or whenever grasp pear,hold_apple|F(grasp_pear)
4456,"['pick_up_fruit', 'grab_orange']",pick up fruit or at some time grab orange,pick_up_fruit|F(grab_orange)
2262,"['go_to_pear', 'procure_pear']",repeatedly go to pear means that at some time procure pear,G(F(go_to_pear))->F(procure_pear)
1387,"['travel_to_waste_bin', 'acquire_orange']",travel to waste bin or acquire orange,travel_to_waste_bin|acquire_orange
1105,"['bring_pear', 'drop_apple']",at some time bring pear can infer that never drop apple,F(bring_pear)->G(~(drop_apple))
2876,"['get_hold_of_pear', 'collect_orange']",get hold of pear or when possible collect orange,get_hold_of_pear|F(collect_orange)
4778,"['make_way_to_house', 'take_to_trash_can']",repeatedly make way to house and take to trash can,G(F(make_way_to_house))&take_to_trash_can
4520,"['take_pear', 'be_at_house']",take pear until at any time be at house,take_pearUF(be_at_house)
5598,"['take_to_tree', 'go_by_trash_can']",take to tree and always go by trash can,take_to_tree&G(go_by_trash_can)
3169,"['contact_flag', 'approach_flag']",whenever contact flag and at any time approach flag,F(contact_flag)&F(approach_flag)
5408,"['acquire_orange', 'go_to_flag']",acquire orange or whenever go to flag,acquire_orange|F(go_to_flag)
5589,"['walk_to_flag', 'go_by_flag']",whenever walk to flag and at any time go by flag,F(walk_to_flag)&F(go_by_flag)
1182,"['walk', 'arrive_at_tree']",walk until at any time arrive at tree,walkUF(arrive_at_tree)
1171,"['bring_pear', 'present_at_flag']",when possible bring pear or at any time present at flag,F(bring_pear)|F(present_at_flag)
4706,"['go_past_flag', 'have_possession_of_apple']",at any time go past flag or at any time have possession of apple,F(go_past_flag)|F(have_possession_of_apple)
1481,"['get_to_cup', 'approach_house']",whenever get to cup and when possible approach house,F(get_to_cup)&F(approach_house)
5717,"['pick_up_pear', 'acquire_pear']",pick up pear or when possible acquire pear,pick_up_pear|F(acquire_pear)
1518,"['bring_pear', 'reach_flag']",at any time bring pear or at some time reach flag,F(bring_pear)|F(reach_flag)
1727,"['put_in_bucket', 'acquire_pear']",put in bucket until whenever acquire pear,put_in_bucketUF(acquire_pear)
3537,"['go_to_trash_bin', 'obtain_apple']",at some time go to trash bin or whenever obtain apple,F(go_to_trash_bin)|F(obtain_apple)
1893,"['advance_to_tree', 'advance_to_tree']",advance to tree or advance to tree,advance_to_tree|advance_to_tree
4925,"['drop_orange', 'put_in_bucket']",never drop orange or put in bucket,G(~(drop_orange))|put_in_bucket
1890,"['venture_towards_house', 'go_by_waste_basket']",venture towards house or at any time go by waste basket,venture_towards_house|F(go_by_waste_basket)
5803,"['pick_up_flag', 'approach_tree']",pick up flag or approach tree,pick_up_flag|approach_tree
4526,"['move_to_tree', 'going_to_house']",move to tree or at some time going to house,move_to_tree|F(going_to_house)
1138,"['venture_towards_house', 'venture_to_house']",venture towards house or when possible venture to house,venture_towards_house|F(venture_to_house)
3383,"['pick_up_flag', 'hold_onto_orange']",pick up flag or always hold onto orange,pick_up_flag|G(hold_onto_orange)
2203,"['hold_onto_orange', 'drop_orange']",always hold onto orange or drop orange,G(hold_onto_orange)|drop_orange
3670,"['pass_by_trash_bin', 'pick_up_flag']",whenever pass by trash bin or pick up flag,F(pass_by_trash_bin)|pick_up_flag
1066,"['let_go_orange', 'travel_to_house']",never let go orange or when possible travel to house,G(~(let_go_orange))|F(travel_to_house)
5158,"['be_near_tree', 'procure_orange']",when possible be near tree and at some time procure orange,F(be_near_tree)&F(procure_orange)
1673,"['get_near_flag', 'drop_pear']",at some time get near flag or drop pear,F(get_near_flag)|drop_pear
1636,"['withhold_apple', 'drop_apple']",when possible withhold apple or never drop apple,F(withhold_apple)|G(~(drop_apple))
1663,"['secure_apple', 'reach_flag']",secure apple and whenever reach flag,secure_apple&F(reach_flag)
5959,"['put_in_apple_bucket', 'go_to_waste_basket']",put in apple bucket until repeatedly go to waste basket,put_in_apple_bucketUG(F(go_to_waste_basket))
3332,"['be_near_tree', 'go_home']",at some time be near tree and at some time go home,F(be_near_tree)&F(go_home)
3189,"['grab_apple', 'put_in_apple_bucket']",whenever grab apple or put in apple bucket,F(grab_apple)|put_in_apple_bucket
1716,"['let_go_pear', 'make_contact_with_house']",do not let go pear or whenever make contact with house,~(let_go_pear)|F(make_contact_with_house)
1298,"['snatch_up_pear', 'venture_flag']",snatch up pear or when possible venture flag,snatch_up_pear|F(venture_flag)
1325,"['let_go_apple', 'make_your_way_flag']",at some time let go apple or whenever make your way flag,F(let_go_apple)|F(make_your_way_flag)
1324,"['visit_flag', 'get_to_cup']",whenever visit flag or at some time get to cup,F(visit_flag)|F(get_to_cup)
1070,"['let_go_orange', 'get_to_flag']",don't let go orange and at any time get to flag,~(let_go_orange)&F(get_to_flag)
5118,"['make_your_way_flag', 'steal_apple']",when possible make your way flag and at some time steal apple,F(make_your_way_flag)&F(steal_apple)
2409,"['reach_house', 'drop_orange']",reach house and never drop orange,reach_house&G(~(drop_orange))
1189,"['secure_apple', 'go_by_waste_basket']",secure apple means that at some time go by waste basket,secure_apple->F(go_by_waste_basket)
1570,"['go_to_trashcan', 'hold_on_pear']",when possible go to trashcan or forever hold on pear,F(go_to_trashcan)|G(hold_on_pear)
1278,"['lay_hold_of_apple', 'hold_on_pear']",whenever lay hold of apple or always hold on pear,F(lay_hold_of_apple)|G(hold_on_pear)
4189,"['make_way_for_tree', 'put_in_bucket']",at some time make way for tree until put in bucket,F(make_way_for_tree)Uput_in_bucket
4933,"['get_to_cup', 'going_to_house']",at some time get to cup can infer that when possible going to house,F(get_to_cup)->F(going_to_house)
1676,"['go_near_house', 'travel_to_apple']",whenever go near house and travel to apple,F(go_near_house)&travel_to_apple
2453,"['make_to_flag', 'make_way_waste_basket']",whenever make to flag or at some time make way waste basket,F(make_to_flag)|F(make_way_waste_basket)
1997,"['go_by_waste_basket', 'drop_apple']",whenever go by waste basket or never drop apple,F(go_by_waste_basket)|G(~(drop_apple))
1913,"['withhold_apple', 'withhold_apple']",at some time withhold apple until at any time withhold apple,F(withhold_apple)UF(withhold_apple)
2106,"['get_hold_apple', 'drop_orange']","if at some time get hold apple , never drop orange",F(get_hold_apple)->G(~(drop_orange))
1967,"['go_near_house', 'get_to_flag']",at some time go near house and at any time get to flag,F(go_near_house)&F(get_to_flag)
1496,"['withhold_apple', 'present_at_flag']",when possible withhold apple until when possible present at flag,F(withhold_apple)UF(present_at_flag)
3264,"['make_your_way_flag', 'hold_pear']",at some time make your way flag until hold pear,F(make_your_way_flag)Uhold_pear
1085,"['have_pear', 'snag_orange']",at some time have pear and whenever snag orange,F(have_pear)&F(snag_orange)
1220,"['grip_apple', 'travel_to_apple']",grip apple and travel to apple,grip_apple&travel_to_apple
2542,"['journey_to_flag', 'venture_to_waste_basket']",when possible journey to flag and whenever venture to waste basket,F(journey_to_flag)&F(venture_to_waste_basket)
2292,"['stop_by_trash_can', 'tax_apple']",at some time stop by trash can and whenever tax apple,F(stop_by_trash_can)&F(tax_apple)
5901,"['gather_apple', 'drop_apple']",gather apple or never drop apple,gather_apple|G(~(drop_apple))
1718,"['venture_to_house', 'secure_apple']",at some time venture to house and secure apple,F(venture_to_house)&secure_apple
1676,"['go_by_waste_basket', 'withhold_apple']",at any time go by waste basket or at some time withhold apple,F(go_by_waste_basket)|F(withhold_apple)
3382,"['visit_tree', 'get_hold_orange']",visit tree or at some time get hold orange,visit_tree|F(get_hold_orange)
1157,"['lay_hold_of_apple', 'go_to_transh_can']",at any time lay hold of apple and at some time go to transh can,F(lay_hold_of_apple)&F(go_to_transh_can)
3141,"['going_to_flag', 'put_in_bucket']",at some time going to flag and put in bucket,F(going_to_flag)&put_in_bucket
1115,"['venture_flag', 'stop_by_house']",when possible venture flag or at any time stop by house,F(venture_flag)|F(stop_by_house)
3781,"['put_in_bucket', 'go_to_tree']",put in bucket or at any time go to tree,put_in_bucket|F(go_to_tree)
4487,"['get_hold_orange', 'set_out_to_house']",when possible get hold orange and when possible set out to house,F(get_hold_orange)&F(set_out_to_house)
3411,"['capture_orange', 'obtain_orange']",capture orange or at any time obtain orange,capture_orange|F(obtain_orange)
1394,"['walk_to_flag', 'pass_by_trash_bin']",at some time walk to flag or at any time pass by trash bin,F(walk_to_flag)|F(pass_by_trash_bin)
5194,"['pass_by_waste_receptacle', 'get_to_cup']",when possible pass by waste receptacle or at any time get to cup,F(pass_by_waste_receptacle)|F(get_to_cup)
1207,"['scoop_up_pear', 'approach_tree']",at any time scoop up pear and approach tree,F(scoop_up_pear)&approach_tree
5954,"['pick_up_pear', 'get_apple']",pick up pear can infer that at some time get apple,pick_up_pear->F(get_apple)
2528,"['journey_to_tree', 'move_to_house']",at some time journey to tree and move to house,F(journey_to_tree)&move_to_house
3090,"['collect_orange', 'go_to_peach']",at any time collect orange or at some time go to peach,F(collect_orange)|F(go_to_peach)
1785,"['proceed_to_house', 'be_at_flag']",at some time proceed to house or at any time be at flag,F(proceed_to_house)|F(be_at_flag)
2391,"['make_contact_with_house', 'venture_to_flag']",at any time make contact with house and when possible venture to flag,F(make_contact_with_house)&F(venture_to_flag)
5543,"['pick_up_pear', 'gather_apple']",pick up pear until gather apple,pick_up_pearUgather_apple
3636,"['go_to_peach', 'move_to_trash_can']","when when possible go to peach , move to trash can",F(go_to_peach)->move_to_trash_can
1002,"['touch_flag', 'drop_orange']",forever touch flag and drop orange,G(touch_flag)&drop_orange
1317,"['go_by_waste_basket', 'secure_apple']",at some time go by waste basket or secure apple,F(go_by_waste_basket)|secure_apple
1701,"['snag_orange', 'lay_hold_of_apple']",when possible snag orange and when possible lay hold of apple,F(snag_orange)&F(lay_hold_of_apple)
3711,"['get_hold_orange', 'visit_flag']",at any time get hold orange or when possible visit flag,F(get_hold_orange)|F(visit_flag)
2473,"['reach_tree', 'procure_pear']",at some time reach tree or at any time procure pear,F(reach_tree)|F(procure_pear)
1192,"['go_by_waste_basket', 'reach_flag']",at some time go by waste basket or at any time reach flag,F(go_by_waste_basket)|F(reach_flag)
4179,"['capture_pear', 'take_orange']",at any time capture pear and take orange,F(capture_pear)&take_orange
2358,"['migrate_to_tree', 'go_to_transh_can']",at any time migrate to tree or at some time go to transh can,F(migrate_to_tree)|F(go_to_transh_can)
5504,"['travel_to_tree', 'capture_orange']",travel to tree and capture orange,travel_to_tree&capture_orange
3430,"['walk_near_flag', 'proceed_to_house']",at any time walk near flag and whenever proceed to house,F(walk_near_flag)&F(proceed_to_house)
4108,"['visit_house', 'venture_house']",whenever visit house and whenever venture house,F(visit_house)&F(venture_house)
3207,"['collect_orange', 'pick_up_flag']",at some time collect orange or pick up flag,F(collect_orange)|pick_up_flag
5549,"['acquire_pear', 'collect_pear']",when possible acquire pear means that collect pear,F(acquire_pear)->collect_pear
5072,"['take_to_tree', 'take_apple']",take to tree and take apple,take_to_tree&take_apple
5015,"['pick_up_anything', 'go_to_peach']",do not pick up anything or at any time go to peach,~(F(pick_up_anything))|F(go_to_peach)
1769,"['venture_towards_house', 'reach_flag']",venture towards house or at some time reach flag,venture_towards_house|F(reach_flag)
5992,"['move_past_trash_can', 'scoop_up_apple']",when possible move past trash can or when possible scoop up apple,F(move_past_trash_can)|F(scoop_up_apple)
4165,"['hold_onto_orange', 'pick_up_fruit']",forever hold onto orange or pick up fruit,G(hold_onto_orange)|pick_up_fruit
4008,"['going_to_tree', 'stop_by_trash_can']",going to tree and when possible stop by trash can,going_to_tree&F(stop_by_trash_can)
5774,"['journey_to_tree', 'journey_to_tree']","if at some time journey to tree , at some time journey to tree",F(journey_to_tree)->F(journey_to_tree)
4349,"['pick_up_anything', 'venture_to_flag']",do not pick up anything and when possible venture to flag,~(F(pick_up_anything))&F(venture_to_flag)
1735,"['pick_up_orange', 'pass_by_house']",pick up orange or at any time pass by house,pick_up_orange|F(pass_by_house)
1919,"['get_hold_orange', 'grasp_apple']",when possible get hold orange or when possible grasp apple,F(get_hold_orange)|F(grasp_apple)
2685,"['go_by_tree', 'acquire_pear']",at any time go by tree and at some time acquire pear,F(go_by_tree)&F(acquire_pear)
1588,"['secure_apple', 'bring_pear']",secure apple or at some time bring pear,secure_apple|F(bring_pear)
2248,"['grab_apple', 'collect_apple']",when possible grab apple or when possible collect apple,F(grab_apple)|F(collect_apple)
1862,"['make_to_flag', 'grab_tree']",when possible make to flag or repeatedly grab tree,F(make_to_flag)|G(F(grab_tree))
1579,"['seize_pear', 'get_hold_of_pear']",at some time seize pear until get hold of pear,F(seize_pear)Uget_hold_of_pear
2246,"['approach_flag', 'going_to_flag']","when when possible approach flag , when possible going to flag",F(approach_flag)->F(going_to_flag)
1840,"['get_close_flag', 'going_to_house']",when possible get close flag until when possible going to house,F(get_close_flag)UF(going_to_house)
1349,"['go_near_house', 'lay_hold_of_apple']",when possible go near house and at some time lay hold of apple,F(go_near_house)&F(lay_hold_of_apple)
3815,"['come_home', 'collect_pear']",at any time come home or collect pear,F(come_home)|collect_pear
2268,"['let_go_orange', 'hold_on_to_pear']",never let go orange and hold on to pear,G(~(let_go_orange))&hold_on_to_pear
1483,"['go_to_apple_trashcan', 'be_in_houses_vicinity']",repeatedly go to apple trashcan and at any time be in house's vicinity,G(F(go_to_apple_trashcan))&F(be_in_houses_vicinity)
1411,"['reach_flag', 'go_by_waste_basket']",at some time reach flag or at any time go by waste basket,F(reach_flag)|F(go_by_waste_basket)
4465,"['go_visit_house', 'get_close_flag']",when possible go visit house and at some time get close flag,F(go_visit_house)&F(get_close_flag)
1353,"['secure_apple', 'venture_towards_house']",secure apple and venture towards house,secure_apple&venture_towards_house
1789,"['snatch_up_pear', 'go_to_transh_can']",snatch up pear and when possible go to transh can,snatch_up_pear&F(go_to_transh_can)
2654,"['tax_apple', 'travel_to_trash_can']",whenever tax apple or at any time travel to trash can,F(tax_apple)|F(travel_to_trash_can)
2443,"['let_go_apple', 'hold_onto_orange']",at any time let go apple or always hold onto orange,F(let_go_apple)|G(hold_onto_orange)
5372,"['tax_apple', 'move_to_flag']",whenever tax apple and whenever move to flag,F(tax_apple)&F(move_to_flag)
4261,"['obtain_orange', 'travel_house']",when possible obtain orange or at any time travel house,F(obtain_orange)|F(travel_house)
4153,"['visit_house', 'make_your_way_flag']",at some time visit house and whenever make your way flag,F(visit_house)&F(make_your_way_flag)
1914,"['get_near_flag', 'let_go_orange']",when possible get near flag or do not let go orange,F(get_near_flag)|~(let_go_orange)
1715,"['go_to_apple_trashcan', 'reach_house']",repeatedly go to apple trashcan and reach house,G(F(go_to_apple_trashcan))&reach_house
1137,"['move_to_house', 'procure_orange']",move to house or at some time procure orange,move_to_house|F(procure_orange)
3648,"['go_near_flag', 'travel_to_tree']",when possible go near flag or travel to tree,F(go_near_flag)|travel_to_tree
1766,"['bring_pear', 'go_by_waste_basket']","if when possible bring pear , when possible go by waste basket",F(bring_pear)->F(go_by_waste_basket)
1935,"['drop_apple', 'go_by_waste_basket']",never drop apple and whenever go by waste basket,G(~(drop_apple))&F(go_by_waste_basket)
1558,"['have_pear', 'move_near_tree']",when possible have pear or when possible move near tree,F(have_pear)|F(move_near_tree)
3999,"['go_by_tree', 'take_apple']",whenever go by tree or take apple,F(go_by_tree)|take_apple
3808,"['seize_pear', 'make_contact_with_house']",at any time seize pear or whenever make contact with house,F(seize_pear)|F(make_contact_with_house)
3866,"['go_past_flag', 'take_pear']","when when possible go past flag , take pear",F(go_past_flag)->take_pear
1685,"['move_to_tree', 'put_in_bin']",move to tree and put in bin,move_to_tree&put_in_bin
1050,"['make_to_flag', 'have_in_orange']",at some time make to flag until forever have in orange,F(make_to_flag)UG(have_in_orange)
4316,"['yield_pear', 'take_to_trash_can']",at some time yield pear can infer that take to trash can,F(yield_pear)->take_to_trash_can
3260,"['drop_orange', 'seize_orange']",drop orange or at any time seize orange,drop_orange|F(seize_orange)
5422,"['procure_pear', 'pick_up_anything']",when possible procure pear and don't pick up anything,F(procure_pear)&~(F(pick_up_anything))
1780,"['drop_apple', 'venture_to_house']",never drop apple and when possible venture to house,G(~(drop_apple))&F(venture_to_house)
1863,"['visit_house', 'pick_up_orange']",at some time visit house and pick up orange,F(visit_house)&pick_up_orange
1922,"['let_go_orange', 'go_to_house']",never let go orange or at any time go to house,G(~(let_go_orange))|F(go_to_house)
4494,"['procure_orange', 'seize_apple']",at any time procure orange and seize apple,F(procure_orange)&seize_apple
1941,"['put_in_apple_bucket', 'travel_to_flag']",put in apple bucket until whenever travel to flag,put_in_apple_bucketUF(travel_to_flag)
4745,"['journey_to_tree', 'go_by_trash_can']",at any time journey to tree and forever go by trash can,F(journey_to_tree)&G(go_by_trash_can)
1469,"['gather_orange', 'walk_to_flag']",gather orange or at some time walk to flag,gather_orange|F(walk_to_flag)
4069,"['move_to_tree', 'set_out_to_house']",move to tree or when possible set out to house,move_to_tree|F(set_out_to_house)
4881,"['drop_orange', 'pick_up_fruit']","when drop orange , pick up fruit",drop_orange->pick_up_fruit
3731,"['journey_by_house', 'collect_apple']",at some time journey by house or when possible collect apple,F(journey_by_house)|F(collect_apple)
2769,"['get_hold_of_pear', 'be_near_tree']",get hold of pear or when possible be near tree,get_hold_of_pear|F(be_near_tree)
1759,"['secure_apple', 'reach_flag']",secure apple or at some time reach flag,secure_apple|F(reach_flag)
1901,"['scoop_up_apple', 'move_forward_trash_can']",whenever scoop up apple means that at any time move forward trash can,F(scoop_up_apple)->F(move_forward_trash_can)
3313,"['arrive_at_tree', 'take_orange']",at some time arrive at tree or take orange,F(arrive_at_tree)|take_orange
1849,"['withhold_apple', 'go_by_waste_basket']",at some time withhold apple or at any time go by waste basket,F(withhold_apple)|F(go_by_waste_basket)
2442,"['procure_orange', 'shift_to_flag']",when possible procure orange and whenever shift to flag,F(procure_orange)&F(shift_to_flag)
2096,"['have_pear', 'let_go_pear']",at some time have pear or don't let go pear,F(have_pear)|~(let_go_pear)
4581,"['go_to_apple', 'get_close_tree']",whenever go to apple or at some time get close tree,F(go_to_apple)|F(get_close_tree)
1640,"['venture_to_house', 'go_by_waste_basket']",at some time venture to house or at any time go by waste basket,F(venture_to_house)|F(go_by_waste_basket)
2299,"['got_to_house', 'grab_tree']",when possible got to house until repeatedly grab tree,F(got_to_house)UG(F(grab_tree))
1295,"['going_to_house', 'gather_pear']",at some time going to house and at any time gather pear,F(going_to_house)&F(gather_pear)
1878,"['be_in_houses_vicinity', 'advance_to_tree']",when possible be in house's vicinity or advance to tree,F(be_in_houses_vicinity)|advance_to_tree
4486,"['grab_pear', 'go_to_waste_basket']",when possible grab pear and repeatedly go to waste basket,F(grab_pear)&G(F(go_to_waste_basket))
2325,"['go_near_house', 'lay_hold_of_apple']",at any time go near house and when possible lay hold of apple,F(go_near_house)&F(lay_hold_of_apple)
3184,"['walk_to_flag', 'get_to_cup']",when possible walk to flag and when possible get to cup,F(walk_to_flag)&F(get_to_cup)
2970,"['pick_up_flag', 'pick_up_apple']",pick up flag until at any time pick up apple,pick_up_flagUF(pick_up_apple)
4128,"['go_to_waste_basket', 'hold_orange']",repeatedly go to waste basket until hold orange,G(F(go_to_waste_basket))Uhold_orange
2147,"['grasp_orange', 'capture_pear']",grasp orange or when possible capture pear,grasp_orange|F(capture_pear)
5164,"['move_around', 'going_to_tree']",forever move around and going to tree,G(move_around)&going_to_tree
5711,"['get_hold_orange', 'pick_up_pear']",when possible get hold orange or pick up pear,F(get_hold_orange)|pick_up_pear
1075,"['go_to_house', 'get_hold_orange']",when possible go to house and when possible get hold orange,F(go_to_house)&F(get_hold_orange)
2207,"['grab_flag', 'drop_orange']",at any time grab flag and never drop orange,F(grab_flag)&G(~(drop_orange))
2599,"['go_to_trash_bin', 'grab_apple']","when when possible go to trash bin , at any time grab apple",F(go_to_trash_bin)->F(grab_apple)
5936,"['pass_by_waste_receptacle', 'get_close_flag']",whenever pass by waste receptacle or when possible get close flag,F(pass_by_waste_receptacle)|F(get_close_flag)
5223,"['hold_on_to_pear', 'get_pear']",hold on to pear and whenever get pear,hold_on_to_pear&F(get_pear)
1787,"['approach_tree', 'have_possession_of_apple']",approach tree can infer that whenever have possession of apple,approach_tree->F(have_possession_of_apple)
4946,"['walk', 'be_at_house']",walk and at any time be at house,walk&F(be_at_house)
3358,"['go_to_home', 'get_hold_of_orange']",at some time go to home or when possible get hold of orange,F(go_to_home)|F(get_hold_of_orange)
1147,"['get_hold_of_pear', 'touch_flag']",get hold of pear and always touch flag,get_hold_of_pear&G(touch_flag)
5207,"['go_near_flag', 'pick_up_apple']",whenever go near flag and at some time pick up apple,F(go_near_flag)&F(pick_up_apple)
3268,"['go_to_apple', 'take_possession_of_bear']",at any time go to apple or at any time take possession of bear,F(go_to_apple)|F(take_possession_of_bear)
4185,"['get_hold_orange', 'hold_onto_orange']",at some time get hold orange or always hold onto orange,F(get_hold_orange)|G(hold_onto_orange)
5295,"['gather_orange', 'visit_flag']",gather orange and whenever visit flag,gather_orange&F(visit_flag)
5058,"['journey_to_house', 'travel_to_flag']",whenever journey to house or whenever travel to flag,F(journey_to_house)|F(travel_to_flag)
1412,"['track_towards_tree', 'journey_by_flag']",at any time track towards tree or whenever journey by flag,F(track_towards_tree)|F(journey_by_flag)
2275,"['take_to_trashcan', 'go_to_transh_can']",take to trashcan or when possible go to transh can,take_to_trashcan|F(go_to_transh_can)
1554,"['go_by_flag', 'procure_pear']",when possible go by flag or whenever procure pear,F(go_by_flag)|F(procure_pear)
1502,"['gather_apple', 'take_to_trash_can']",gather apple until take to trash can,gather_appleUtake_to_trash_can
4559,"['collect_pear', 'drop_orange']",collect pear and drop orange,collect_pear&drop_orange
4665,"['put_in_bin', 'pick_up_peach']",put in bin until when possible pick up peach,put_in_binUF(pick_up_peach)
4224,"['haul_pear', 'make_contact_with_house']",whenever haul pear or at some time make contact with house,F(haul_pear)|F(make_contact_with_house)
1438,"['move_around', 'take_orange']",forever move around until take orange,G(move_around)Utake_orange
1762,"['migrate_to_tree', 'go_to_trashcan']",at some time migrate to tree or at any time go to trashcan,F(migrate_to_tree)|F(go_to_trashcan)
1982,"['pass_by_house', 'go_to_waste_basket']",when possible pass by house or repeatedly go to waste basket,F(pass_by_house)|G(F(go_to_waste_basket))
2287,"['hold_pear', 'start_going_to_tree']","if hold pear , whenever start going to tree",hold_pear->F(start_going_to_tree)
5900,"['move_forward_trash_can', 'get_apple']",when possible move forward trash can or at some time get apple,F(move_forward_trash_can)|F(get_apple)
3803,"['travel_to_flag', 'gather_apple']",at some time travel to flag and gather apple,F(travel_to_flag)&gather_apple
1773,"['go_to_transh_can', 'let_go_orange']",when possible go to transh can or don't let go orange,F(go_to_transh_can)|~(let_go_orange)
1909,"['reach_house', 'spend_time_at_tree']",reach house and at any time spend time at tree,reach_house&F(spend_time_at_tree)
1222,"['reach_flag', 'go_by_waste_bin']",at some time reach flag or go by waste bin,F(reach_flag)|go_by_waste_bin
1086,"['migrate_to_tree', 'reach_house']",whenever migrate to tree or reach house,F(migrate_to_tree)|reach_house
1338,"['venture_to_house', 'reach_flag']",at any time venture to house or when possible reach flag,F(venture_to_house)|F(reach_flag)
3418,"['let_go_apple', 'going_to_flag']","if never let go apple , at any time going to flag",G(~(let_go_apple))->F(going_to_flag)
2162,"['pick_up_peach', 'collect_apple']",when possible pick up peach or at any time collect apple,F(pick_up_peach)|F(collect_apple)
3705,"['contact_flag', 'go_to_house']",when possible contact flag and at any time go to house,F(contact_flag)&F(go_to_house)
1687,"['acquire_pear', 'go_visit_flag']",when possible acquire pear and go visit flag,F(acquire_pear)&go_visit_flag
1791,"['advance_to_tree', 'let_go_orange']",advance to tree or do not let go orange,advance_to_tree|~(let_go_orange)
4892,"['take_possession_of_bear', 'proceed_to_house']",whenever take possession of bear or at some time proceed to house,F(take_possession_of_bear)|F(proceed_to_house)
3727,"['have_apple', 'going_to_tree']",forever have apple or going to tree,G(have_apple)|going_to_tree
2759,"['stand_by_tree', 'visit_house']",when possible stand by tree or when possible visit house,F(stand_by_tree)|F(visit_house)
1918,"['present_at_flag', 'drop_apple']",at some time present at flag or never drop apple,F(present_at_flag)|G(~(drop_apple))
3685,"['come_home', 'go_by_flag']",at any time come home or at any time go by flag,F(come_home)|F(go_by_flag)
3254,"['go_home', 'gather_apple']",at some time go home or gather apple,F(go_home)|gather_apple
1477,"['go_to_orange_bin', 'clutch_orange']",go to orange bin and whenever clutch orange,go_to_orange_bin&F(clutch_orange)
4982,"['go_to_tree', 'move_to_trash_can']",when possible go to tree and move to trash can,F(go_to_tree)&move_to_trash_can
2462,"['drop_apple', 'grab_pear']",never drop apple and when possible grab pear,G(~(drop_apple))&F(grab_pear)
1868,"['make_contact_flag', 'journey_to_flag']",at some time make contact flag or whenever journey to flag,F(make_contact_flag)|F(journey_to_flag)
1210,"['move', 'pick_up_orange']","when always move , pick up orange",G(move)->pick_up_orange
1352,"['got_to_house', 'go_near_house']",whenever got to house and at any time go near house,F(got_to_house)&F(go_near_house)
1462,"['acquire_orange', 'let_go_apple']",acquire orange or when possible let go apple,acquire_orange|F(let_go_apple)
4604,"['go_to_pear', 'pass_by_house']",repeatedly go to pear and at any time pass by house,G(F(go_to_pear))&F(pass_by_house)
1435,"['venture_to_house', 'reach_flag']",when possible venture to house or at any time reach flag,F(venture_to_house)|F(reach_flag)
2691,"['snatch_pear', 'let_go_orange']",when possible snatch pear and never let go orange,F(snatch_pear)&G(~(let_go_orange))
3089,"['seize_orange', 'let_go_apple']",when possible seize orange or never let go apple,F(seize_orange)|G(~(let_go_apple))
4298,"['go_near_flag', 'obtain_apple']",when possible go near flag or when possible obtain apple,F(go_near_flag)|F(obtain_apple)
1509,"['move_to_house', 'put_in_bucket']",move to house and put in bucket,move_to_house&put_in_bucket
5531,"['drop_by', 'get_to_cup']",drop by or whenever get to cup,drop_by|F(get_to_cup)
1493,"['go_by_waste_bin', 'venture_to_house']",go by waste bin or at some time venture to house,go_by_waste_bin|F(venture_to_house)
5361,"['move', 'visit_house']",always move or at any time visit house,G(move)|F(visit_house)
1391,"['withhold_apple', 'go_by_waste_basket']",at some time withhold apple and whenever go by waste basket,F(withhold_apple)&F(go_by_waste_basket)
1516,"['reach_flag', 'drop_apple']",whenever reach flag or never drop apple,F(reach_flag)|G(~(drop_apple))
3805,"['drop_pear', 'put_in_bin']",never drop pear and put in bin,G(~(drop_pear))&put_in_bin
1622,"['reach_flag', 'venture_to_house']",at some time reach flag means that at some time venture to house,F(reach_flag)->F(venture_to_house)
1875,"['stay', 'approach_trash_can']",always stay and approach trash can,G(stay)&approach_trash_can
4117,"['travel_house', 'take_pear']",at any time travel house or take pear,F(travel_house)|take_pear
1738,"['venture_towards_house', 'drop_apple']",venture towards house or never drop apple,venture_towards_house|G(~(drop_apple))
4294,"['obtain_pear', 'venture_to_flag']",when possible obtain pear or whenever venture to flag,F(obtain_pear)|F(venture_to_flag)
5150,"['visit_waste_basket', 'procure_apple']",at any time visit waste basket or procure apple,F(visit_waste_basket)|procure_apple
4542,"['gather_orange', 'pass_by_trash_bin']",gather orange or whenever pass by trash bin,gather_orange|F(pass_by_trash_bin)
1113,"['acquire_apple', 'proceed_to_tree']",acquire apple can infer that at any time proceed to tree,acquire_apple->F(proceed_to_tree)
1820,"['go_visit_flag', 'venture_to_trash_can']",go visit flag or venture to trash can,go_visit_flag|venture_to_trash_can
2382,"['come_to_tree', 'go_near_house']",come to tree and at any time go near house,come_to_tree&F(go_near_house)
4051,"['put_in_apple_bucket', 'come_home']",put in apple bucket and at any time come home,put_in_apple_bucket&F(come_home)
2642,"['travel_by_tree', 'let_go_pear']",at any time travel by tree means that do not let go pear,F(travel_by_tree)->~(let_go_pear)
1538,"['let_go_pear', 'be_in_houses_vicinity']",do not let go pear or when possible be in house's vicinity,~(let_go_pear)|F(be_in_houses_vicinity)
1095,"['grab_tree', 'start_going_to_house']",repeatedly grab tree or at some time start going to house,G(F(grab_tree))|F(start_going_to_house)
1430,"['go_to_apple_trashcan', 'clutch_orange']",repeatedly go to apple trashcan or at any time clutch orange,G(F(go_to_apple_trashcan))|F(clutch_orange)
3378,"['take_to_trash_can', 'seize_orange']",take to trash can and whenever seize orange,take_to_trash_can&F(seize_orange)
1004,"['journey_by_flag', 'get_to_flag']",at any time journey by flag or at some time get to flag,F(journey_by_flag)|F(get_to_flag)
5881,"['be_near_tree', 'venture_to_flag']",at any time be near tree and when possible venture to flag,F(be_near_tree)&F(venture_to_flag)
2401,"['let_go_pear', 'grab_tree']",do not let go pear and repeatedly grab tree,~(let_go_pear)&G(F(grab_tree))
5980,"['grasp_orange', 'have_apple']",grasp orange and always have apple,grasp_orange&G(have_apple)
1827,"['have_in_orange', 'go_to_transh_can']",forever have in orange or when possible go to transh can,G(have_in_orange)|F(go_to_transh_can)
4920,"['drop_pear', 'drop_apple']",never drop pear and never drop apple,G(~(drop_pear))&G(~(drop_apple))
1667,"['venture_to_house', 'bring_pear']",whenever venture to house until at some time bring pear,F(venture_to_house)UF(bring_pear)
3290,"['take_to_trash_can', 'have_possession_of_apple']",take to trash can and whenever have possession of apple,take_to_trash_can&F(have_possession_of_apple)
5653,"['going_to_house', 'venture_to_flag']",whenever going to house or at any time venture to flag,F(going_to_house)|F(venture_to_flag)
4695,"['grasp_apple', 'go_to_trash_receptacle']",at some time grasp apple or at some time go to trash receptacle,F(grasp_apple)|F(go_to_trash_receptacle)
5941,"['have_apple', 'grasp_pear']",forever have apple or at some time grasp pear,G(have_apple)|F(grasp_pear)
5071,"['take_possession_of_bear', 'drop_orange']",at some time take possession of bear or drop orange,F(take_possession_of_bear)|drop_orange
1227,"['visit_trash_bin', 'drop_orange']",whenever visit trash bin or never drop orange,F(visit_trash_bin)|G(~(drop_orange))
2636,"['get_close_tree', 'travel_to_tree']",at some time get close tree or travel to tree,F(get_close_tree)|travel_to_tree
3450,"['be_near_tree', 'come_home']",whenever be near tree or when possible come home,F(be_near_tree)|F(come_home)
1603,"['drop_pear', 'track_towards_tree']",drop pear or at any time track towards tree,drop_pear|F(track_towards_tree)
3641,"['get_close_flag', 'snatch_pear']",when possible get close flag and at some time snatch pear,F(get_close_flag)&F(snatch_pear)
1985,"['reach_flag', 'withhold_apple']",when possible reach flag and whenever withhold apple,F(reach_flag)&F(withhold_apple)
2177,"['moving', 'take_to_trashcan']",always moving until take to trashcan,G(moving)Utake_to_trashcan
5593,"['move_to_tree', 'obtain_apple']",move to tree or at any time obtain apple,move_to_tree|F(obtain_apple)
3392,"['hold_pear', 'get_apple']",hold pear or whenever get apple,hold_pear|F(get_apple)
4365,"['put_in_bucket', 'journey_to_flag']",put in bucket until at some time journey to flag,put_in_bucketUF(journey_to_flag)
2110,"['go_to_trashcan', 'move_to_trashcan']",at any time go to trashcan or move to trashcan,F(go_to_trashcan)|move_to_trashcan
1520,"['drop_by', 'go_to_peach']",drop by and when possible go to peach,drop_by&F(go_to_peach)
4649,"['be_at_house', 'go_to_trash_bin']",when possible be at house and when possible go to trash bin,F(be_at_house)&F(go_to_trash_bin)
1272,"['make_way_for_tree', 'set_out_to_house']",when possible make way for tree or at any time set out to house,F(make_way_for_tree)|F(set_out_to_house)
4648,"['contact_house', 'move_forward_trash_can']",whenever contact house or when possible move forward trash can,F(contact_house)|F(move_forward_trash_can)
4732,"['withold_apple', 'get_apple']",at some time withold apple or whenever get apple,F(withold_apple)|F(get_apple)
1089,"['migrate_to_tree', 'go_to_transh_can']",whenever migrate to tree and at some time go to transh can,F(migrate_to_tree)&F(go_to_transh_can)
3864,"['travel_to_tree', 'grab_apple']",travel to tree and when possible grab apple,travel_to_tree&F(grab_apple)
3045,"['go_to_home', 'grasp_orange']",when possible go to home or grasp orange,F(go_to_home)|grasp_orange
1744,"['go_to_orange_bin', 'advance_to_tree']",go to orange bin or advance to tree,go_to_orange_bin|advance_to_tree
2136,"['grab_orange', 'let_go_pear']",at some time grab orange and don't let go pear,F(grab_orange)&~(let_go_pear)
4961,"['pick_up_peach', 'drop_orange']",at any time pick up peach and drop orange,F(pick_up_peach)&drop_orange
2440,"['go_to_trashcan', 'withdraw_pear']",when possible go to trashcan or at any time withdraw pear,F(go_to_trashcan)|F(withdraw_pear)
2116,"['go_to_apple_trashcan', 'let_go_pear']",repeatedly go to apple trashcan and don't let go pear,G(F(go_to_apple_trashcan))&~(let_go_pear)
2733,"['let_go', 'let_go_orange']",never let go and never let go orange,G(~(let_go))&G(~(let_go_orange))
2344,"['go_to_pear', 'put_in_apple_bucket']",repeatedly go to pear or put in apple bucket,G(F(go_to_pear))|put_in_apple_bucket
1149,"['venture_towards_house', 'go_by_waste_bin']",venture towards house can infer that go by waste bin,venture_towards_house->go_by_waste_bin
1584,"['secure_apple', 'present_at_flag']",secure apple or when possible present at flag,secure_apple|F(present_at_flag)
1214,"['drop_orange', 'proceed_to_flag']",drop orange or at any time proceed to flag,drop_orange|F(proceed_to_flag)
5870,"['get_to_cup', 'visit_waste_basket']",when possible get to cup or at any time visit waste basket,F(get_to_cup)|F(visit_waste_basket)
4639,"['drop_apple', 'go_to_flag']",never drop apple until at some time go to flag,G(~(drop_apple))UF(go_to_flag)
1160,"['present_at_flag', 'venture_to_house']",whenever present at flag or at some time venture to house,F(present_at_flag)|F(venture_to_house)
5272,"['show_yourself_near_house', 'approach_house']",whenever show yourself near house and when possible approach house,F(show_yourself_near_house)&F(approach_house)
5167,"['get_orange', 'take_possession_of_bear']",at any time get orange or at any time take possession of bear,F(get_orange)|F(take_possession_of_bear)
3516,"['getting_pear', 'get_hold_of_pear']",when possible getting pear and get hold of pear,F(getting_pear)&get_hold_of_pear
5944,"['go_to_trash_bin', 'hold_pear']",at any time go to trash bin or hold pear,F(go_to_trash_bin)|hold_pear
5041,"['pick_up_peach', 'going_to_tree']",whenever pick up peach and going to tree,F(pick_up_peach)&going_to_tree
1188,"['drop_apple', 'drop_apple']",never drop apple until never drop apple,G(~(drop_apple))UG(~(drop_apple))
2353,"['going_to_flag', 'capture_pear']",at some time going to flag or at any time capture pear,F(going_to_flag)|F(capture_pear)
1388,"['venture_towards_house', 'venture_towards_house']",venture towards house or venture towards house,venture_towards_house|venture_towards_house
1192,"['grab_hold_pear', 'be_in_houses_vicinity']",grab hold pear until at some time be in house's vicinity,grab_hold_pearUF(be_in_houses_vicinity)
5982,"['go_to_orange', 'seize_pear']",go to orange and when possible seize pear,go_to_orange&F(seize_pear)
2493,"['gather_pear', 'collect_pear']",whenever gather pear or collect pear,F(gather_pear)|collect_pear
5234,"['take_possession_of_bear', 'stand_by_tree']",whenever take possession of bear or at some time stand by tree,F(take_possession_of_bear)|F(stand_by_tree)
1288,"['go_near_house', 'go_to_apple_trashcan']",at any time go near house or repeatedly go to apple trashcan,F(go_near_house)|G(F(go_to_apple_trashcan))
1075,"['withhold_apple', 'drop_apple']",whenever withhold apple or never drop apple,F(withhold_apple)|G(~(drop_apple))
4862,"['get_close_flag', 'be_at_house']",when possible get close flag or at some time be at house,F(get_close_flag)|F(be_at_house)
2150,"['gather_pear', 'move_towards_trash_can']",at some time gather pear and move towards trash can,F(gather_pear)&move_towards_trash_can
1296,"['venture_towards_house', 'go_by_waste_basket']","when venture towards house , when possible go by waste basket",venture_towards_house->F(go_by_waste_basket)
5124,"['getting_pear', 'journey_to_flag']",at any time getting pear or when possible journey to flag,F(getting_pear)|F(journey_to_flag)
1971,"['touch_tree', 'drop_apple']",when possible touch tree or never drop apple,F(touch_tree)|G(~(drop_apple))
1884,"['pass_by_house', 'drop_pear']",when possible pass by house or never drop pear,F(pass_by_house)|G(~(drop_pear))
1895,"['venture_to_house', 'secure_apple']",at any time venture to house or secure apple,F(venture_to_house)|secure_apple
1009,"['contact_flag', 'seize_orange']",at any time contact flag and at any time seize orange,F(contact_flag)&F(seize_orange)
1392,"['grip_apple', 'go_to_apple_trashcan']",grip apple or repeatedly go to apple trashcan,grip_apple|G(F(go_to_apple_trashcan))
1451,"['have_in_orange', 'come_to_tree']",always have in orange or come to tree,G(have_in_orange)|come_to_tree
5548,"['go_to_apple', 'drop_orange']",whenever go to apple and never drop orange,F(go_to_apple)&G(~(drop_orange))
2031,"['move_to_trashcan', 'make_to_flag']",move to trashcan or when possible make to flag,move_to_trashcan|F(make_to_flag)
1510,"['get_to_tree', 'make_to_flag']",get to tree or at some time make to flag,get_to_tree|F(make_to_flag)
2074,"['move_to_house', 'travel_by_tree']","if move to house , at some time travel by tree",move_to_house->F(travel_by_tree)
1561,"['withhold_apple', 'withhold_apple']",at any time withhold apple and at some time withhold apple,F(withhold_apple)&F(withhold_apple)
4317,"['get_orange', 'go_visit_house']","if at some time get orange , when possible go visit house",F(get_orange)->F(go_visit_house)
1554,"['have_pear', 'reach_house']",whenever have pear and reach house,F(have_pear)&reach_house
5745,"['make_contact_flag', 'be_at_house']",whenever make contact flag or at some time be at house,F(make_contact_flag)|F(be_at_house)
3570,"['yield_pear', 'seize_pear']",when possible yield pear and at some time seize pear,F(yield_pear)&F(seize_pear)
2263,"['have_in_orange', 'lay_hold_of_apple']",forever have in orange or when possible lay hold of apple,G(have_in_orange)|F(lay_hold_of_apple)
4389,"['travel_to_waste_bin', 'steal_apple']",travel to waste bin or when possible steal apple,travel_to_waste_bin|F(steal_apple)
1745,"['bring_pear', 'go_by_waste_basket']",at some time bring pear or whenever go by waste basket,F(bring_pear)|F(go_by_waste_basket)
1174,"['withhold_apple', 'withhold_apple']",when possible withhold apple or at any time withhold apple,F(withhold_apple)|F(withhold_apple)
2068,"['travel_to_flag', 'go_by_house']",at some time travel to flag and at some time go by house,F(travel_to_flag)&F(go_by_house)
2120,"['let_go_pear', 'clutch_orange']",do not let go pear or at some time clutch orange,~(let_go_pear)|F(clutch_orange)
1008,"['go_to_trash_receptacle', 'get_close_flag']",when possible go to trash receptacle or at some time get close flag,F(go_to_trash_receptacle)|F(get_close_flag)
1039,"['visit_flag', 'pick_up_apple']",when possible visit flag or at any time pick up apple,F(visit_flag)|F(pick_up_apple)
1197,"['go_by_waste_basket', 'drop_apple']",whenever go by waste basket until never drop apple,F(go_by_waste_basket)UG(~(drop_apple))
1631,"['secure_apple', 'go_by_waste_bin']",secure apple or go by waste bin,secure_apple|go_by_waste_bin
1948,"['withhold_apple', 'go_by_waste_basket']",whenever withhold apple or when possible go by waste basket,F(withhold_apple)|F(go_by_waste_basket)
5873,"['venture_to_trash_can', 'make_contact_flag']",venture to trash can or at any time make contact flag,venture_to_trash_can|F(make_contact_flag)
1334,"['touch_tree', 'approach_flag']",whenever touch tree and at some time approach flag,F(touch_tree)&F(approach_flag)
1130,"['go_to_peach', 'go_to_trash_receptacle']",at some time go to peach can infer that at any time go to trash receptacle,F(go_to_peach)->F(go_to_trash_receptacle)
1872,"['steal_apple', 'move_to_house']","if at some time steal apple , move to house",F(steal_apple)->move_to_house
5705,"['gather_apple', 'move_to_flag']","when gather apple , at any time move to flag",gather_apple->F(move_to_flag)
3180,"['grab_pear', 'drop_orange']",whenever grab pear and never drop orange,F(grab_pear)&G(~(drop_orange))
4081,"['collect_apple', 'pick_up_anything']",when possible collect apple until don't pick up anything,F(collect_apple)U~(F(pick_up_anything))
1126,"['move', 'go_to_apple']",always move or when possible go to apple,G(move)|F(go_to_apple)
1991,"['present_at_flag', 'drop_apple']",at some time present at flag until never drop apple,F(present_at_flag)UG(~(drop_apple))
1022,"['present_at_flag', 'venture_towards_house']",at any time present at flag can infer that venture towards house,F(present_at_flag)->venture_towards_house
1106,"['grab_hold_pear', 'take_to_trashcan']",grab hold pear until take to trashcan,grab_hold_pearUtake_to_trashcan
1783,"['bring_pear', 'secure_apple']",whenever bring pear or secure apple,F(bring_pear)|secure_apple
4482,"['journey_to_tree', 'move_to_house']",whenever journey to tree or move to house,F(journey_to_tree)|move_to_house
5729,"['let_go_orange', 'make_contact_with_house']",never let go orange and at any time make contact with house,G(~(let_go_orange))&F(make_contact_with_house)
3564,"['put_in_apple_bucket', 'pass_by_trash_bin']",put in apple bucket until when possible pass by trash bin,put_in_apple_bucketUF(pass_by_trash_bin)
1007,"['go_to_waste_basket', 'get_pear']",repeatedly go to waste basket or when possible get pear,G(F(go_to_waste_basket))|F(get_pear)
1206,"['have_in_orange', 'grab_hold_pear']","when always have in orange , grab hold pear",G(have_in_orange)->grab_hold_pear
1721,"['bring_pear', 'bring_pear']",at any time bring pear or when possible bring pear,F(bring_pear)|F(bring_pear)
1480,"['walk_near_flag', 'get_orange']",at any time walk near flag or when possible get orange,F(walk_near_flag)|F(get_orange)
3058,"['pick_up_apple', 'visit_tree']",whenever pick up apple or visit tree,F(pick_up_apple)|visit_tree
1303,"['go_near_house', 'venture_flag']",when possible go near house and when possible venture flag,F(go_near_house)&F(venture_flag)
1438,"['venture_to_house', 'present_at_flag']",when possible venture to house and at some time present at flag,F(venture_to_house)&F(present_at_flag)
1850,"['snag_orange', 'be_in_houses_vicinity']",whenever snag orange or when possible be in house's vicinity,F(snag_orange)|F(be_in_houses_vicinity)
2231,"['keep_apple', 'visit_trash_bin']",keep apple and at some time visit trash bin,keep_apple&F(visit_trash_bin)
1179,"['get_near_flag', 'come_to_tree']",at any time get near flag and come to tree,F(get_near_flag)&come_to_tree
2047,"['move_to_trashcan', 'migrate_to_tree']",move to trashcan or when possible migrate to tree,move_to_trashcan|F(migrate_to_tree)
5315,"['touch_tree', 'hold_apple']",at any time touch tree or hold apple,F(touch_tree)|hold_apple
1441,"['bring_pear', 'reach_flag']",whenever bring pear or at any time reach flag,F(bring_pear)|F(reach_flag)
3658,"['getting_pear', 'go_by_tree']",whenever getting pear and whenever go by tree,F(getting_pear)&F(go_by_tree)
1872,"['start_going_to_house', 'make_way_waste_basket']",when possible start going to house until when possible make way waste basket,F(start_going_to_house)UF(make_way_waste_basket)
5524,"['approach_flag', 'go_to_bucket']",when possible approach flag or go to bucket,F(approach_flag)|go_to_bucket
4671,"['haul_pear', 'take_pear']",at some time haul pear and take pear,F(haul_pear)&take_pear
1060,"['drop_apple', 'pass_by_trash_bin']",never drop apple or at some time pass by trash bin,G(~(drop_apple))|F(pass_by_trash_bin)
5154,"['gather_apple', 'go_past_flag']",gather apple can infer that at any time go past flag,gather_apple->F(go_past_flag)
1518,"['go_to_bucket', 'obtain_orange']",go to bucket and when possible obtain orange,go_to_bucket&F(obtain_orange)
1243,"['venture_to_house', 'withhold_apple']",when possible venture to house and at any time withhold apple,F(venture_to_house)&F(withhold_apple)
4807,"['travel_to_flag', 'make_your_way_flag']",whenever travel to flag or at some time make your way flag,F(travel_to_flag)|F(make_your_way_flag)
5094,"['put_in_apple_bucket', 'put_in_bucket']",put in apple bucket until put in bucket,put_in_apple_bucketUput_in_bucket
2790,"['stop_by_flag', 'grasp_orange']",stop by flag or grasp orange,stop_by_flag|grasp_orange
1644,"['venture_towards_house', 'present_at_flag']",venture towards house or whenever present at flag,venture_towards_house|F(present_at_flag)
3037,"['let_go_apple', 'get_pear']",never let go apple or at any time get pear,G(~(let_go_apple))|F(get_pear)
1809,"['withhold_apple', 'withhold_apple']",at any time withhold apple or whenever withhold apple,F(withhold_apple)|F(withhold_apple)
3534,"['put_in_bucket', 'pick_up_apple']",put in bucket or when possible pick up apple,put_in_bucket|F(pick_up_apple)
1777,"['get_hold_of_pear', 'travel_house']","when get hold of pear , at some time travel house",get_hold_of_pear->F(travel_house)
1092,"['pick_up_anything', 'go_to_peach']",do not pick up anything or whenever go to peach,~(F(pick_up_anything))|F(go_to_peach)
1889,"['approach_trash_can', 'snag_orange']",approach trash can and at any time snag orange,approach_trash_can&F(snag_orange)
1459,"['venture_to_house', 'reach_flag']",when possible venture to house until at some time reach flag,F(venture_to_house)UF(reach_flag)
2332,"['grasp_apple', 'advance_to_house']",at any time grasp apple and when possible advance to house,F(grasp_apple)&F(advance_to_house)
3131,"['go_to_apple', 'get_close_flag']",when possible go to apple or at some time get close flag,F(go_to_apple)|F(get_close_flag)
3391,"['pick_up_orange', 'visit_waste_basket']",pick up orange and at any time visit waste basket,pick_up_orange&F(visit_waste_basket)
1023,"['grab_flag', 'go_to_apple_trashcan']",at some time grab flag or repeatedly go to apple trashcan,F(grab_flag)|G(F(go_to_apple_trashcan))
1365,"['snag_orange', 'snatch_up_pear']",whenever snag orange or snatch up pear,F(snag_orange)|snatch_up_pear
1347,"['obtain_orange', 'go_to_peach']",at some time obtain orange or at some time go to peach,F(obtain_orange)|F(go_to_peach)
1107,"['go_to_transh_can', 'drop_pear']",at some time go to transh can and drop pear,F(go_to_transh_can)&drop_pear
4894,"['gather_orange', 'visit_flag']",gather orange or at some time visit flag,gather_orange|F(visit_flag)
3539,"['go_to_orange', 'venture_to_waste_basket']",go to orange or when possible venture to waste basket,go_to_orange|F(venture_to_waste_basket)
1428,"['let_go_pear', 'grab_tree']",don't let go pear and repeatedly grab tree,~(let_go_pear)&G(F(grab_tree))
1856,"['move_to_trash_can', 'approach_tree']","if move to trash can , approach tree",move_to_trash_can->approach_tree
5120,"['yield_pear', 'capture_pear']",at any time yield pear or whenever capture pear,F(yield_pear)|F(capture_pear)
1028,"['go_to_home', 'travel_by_tree']",whenever go to home and at any time travel by tree,F(go_to_home)&F(travel_by_tree)
1854,"['venture_towards_house', 'go_by_waste_basket']",venture towards house or whenever go by waste basket,venture_towards_house|F(go_by_waste_basket)
1450,"['gather_orange', 'get_hold_apple']",gather orange or at any time get hold apple,gather_orange|F(get_hold_apple)
4331,"['get_hold_of_pear', 'pick_up_flag']",get hold of pear and pick up flag,get_hold_of_pear&pick_up_flag
5103,"['travel_to_house', 'get_hold_of_pear']",whenever travel to house and get hold of pear,F(travel_to_house)&get_hold_of_pear
1771,"['go_to_trash_bin', 'walk_near_flag']",when possible go to trash bin or at some time walk near flag,F(go_to_trash_bin)|F(walk_near_flag)
1372,"['keep_apple', 'start_going_to_house']",keep apple until when possible start going to house,keep_appleUF(start_going_to_house)
3978,"['drop_orange', 'drop_orange']",never drop orange and never drop orange,G(~(drop_orange))&G(~(drop_orange))
3664,"['journey_by_house', 'walk_to_flag']",whenever journey by house and when possible walk to flag,F(journey_by_house)&F(walk_to_flag)
4248,"['go_past_house', 'take_possession_of_bear']",at some time go past house or when possible take possession of bear,F(go_past_house)|F(take_possession_of_bear)
3374,"['stand_by_tree', 'shift_to_flag']",at any time stand by tree or at some time shift to flag,F(stand_by_tree)|F(shift_to_flag)
2422,"['take_to_trashcan', 'snatch_up_pear']",take to trashcan and snatch up pear,take_to_trashcan&snatch_up_pear
3828,"['hold_orange', 'haul_pear']",hold orange or at some time haul pear,hold_orange|F(haul_pear)
1354,"['get_to_tree', 'reach_house']",get to tree or reach house,get_to_tree|reach_house
1629,"['grab_flag', 'be_in_houses_vicinity']",whenever grab flag or whenever be in house's vicinity,F(grab_flag)|F(be_in_houses_vicinity)
4022,"['pass_by_waste_receptacle', 'pick_up_pear']",at any time pass by waste receptacle and pick up pear,F(pass_by_waste_receptacle)&pick_up_pear
3095,"['let_go_apple', 'visit_waste_basket']",never let go apple or when possible visit waste basket,G(~(let_go_apple))|F(visit_waste_basket)
1572,"['go_to_trash_bin', 'move_forward_trash_can']",at some time go to trash bin or whenever move forward trash can,F(go_to_trash_bin)|F(move_forward_trash_can)
2697,"['show_yourself_near_house', 'travel_by_tree']",at some time show yourself near house or at some time travel by tree,F(show_yourself_near_house)|F(travel_by_tree)
3251,"['show_yourself_near_house', 'pick_up_apple']",when possible show yourself near house and when possible pick up apple,F(show_yourself_near_house)&F(pick_up_apple)
1068,"['let_go_orange', 'have_pear']",do not let go orange or at any time have pear,~(let_go_orange)|F(have_pear)
5525,"['make_contact_with_house', 'get_hold_orange']",at some time make contact with house or at any time get hold orange,F(make_contact_with_house)|F(get_hold_orange)
5769,"['let_go_orange', 'gather_pear']",never let go orange until at some time gather pear,G(~(let_go_orange))UF(gather_pear)
1580,"['get_to_flag', 'go_to_trashcan']",when possible get to flag and at some time go to trashcan,F(get_to_flag)&F(go_to_trashcan)
3363,"['collect_orange', 'travel_to_waste_bin']",when possible collect orange or travel to waste bin,F(collect_orange)|travel_to_waste_bin
4168,"['grasp_orange', 'going_to_flag']",grasp orange can infer that at any time going to flag,grasp_orange->F(going_to_flag)
5112,"['travel_to_house', 'advance_to_house']",when possible travel to house or at some time advance to house,F(travel_to_house)|F(advance_to_house)
1701,"['withhold_apple', 'reach_flag']",whenever withhold apple and at some time reach flag,F(withhold_apple)&F(reach_flag)
4419,"['go_to_bucket', 'reach_tree']",go to bucket and when possible reach tree,go_to_bucket&F(reach_tree)
1175,"['withold_apple', 'reach_tree']",whenever withold apple or at any time reach tree,F(withold_apple)|F(reach_tree)
1555,"['go_to_trashcan', 'venture_flag']",at any time go to trashcan and whenever venture flag,F(go_to_trashcan)&F(venture_flag)
2699,"['visit_flag', 'pick_up_peach']",when possible visit flag means that at some time pick up peach,F(visit_flag)->F(pick_up_peach)
2672,"['go_by_trash_can', 'get_close_tree']",forever go by trash can and at some time get close tree,G(go_by_trash_can)&F(get_close_tree)
4040,"['go_to_trash_can', 'proceed_to_house']",at some time go to trash can or whenever proceed to house,F(go_to_trash_can)|F(proceed_to_house)
2400,"['venture_house', 'procure_pear']",at some time venture house or at some time procure pear,F(venture_house)|F(procure_pear)
2454,"['proceed_to_house', 'going_to_tree']",whenever proceed to house or going to tree,F(proceed_to_house)|going_to_tree
2744,"['show_yourself_near_house', 'pass_by_trash_bin']",at some time show yourself near house or at some time pass by trash bin,F(show_yourself_near_house)|F(pass_by_trash_bin)
1175,"['drop_orange', 'move_to_trashcan']",never drop orange and move to trashcan,G(~(drop_orange))&move_to_trashcan
1042,"['got_to_house', 'let_go_orange']",at any time got to house and do not let go orange,F(got_to_house)&~(let_go_orange)
1635,"['secure_apple', 'reach_flag']",secure apple or at some time reach flag,secure_apple|F(reach_flag)
1381,"['drop_apple', 'venture_to_house']",never drop apple or at any time venture to house,G(~(drop_apple))|F(venture_to_house)
1039,"['present_at_flag', 'secure_apple']",at some time present at flag or secure apple,F(present_at_flag)|secure_apple
1281,"['drop_pear', 'track_towards_tree']",drop pear or when possible track towards tree,drop_pear|F(track_towards_tree)
3112,"['yield_pear', 'make_contact_with_house']",at any time yield pear and when possible make contact with house,F(yield_pear)&F(make_contact_with_house)
2747,"['gather_orange', 'put_in_apple_bucket']",gather orange can infer that put in apple bucket,gather_orange->put_in_apple_bucket
4936,"['grasp_orange', 'move_to_trash_can']",grasp orange until move to trash can,grasp_orangeUmove_to_trash_can
3124,"['contact_flag', 'proceed_to_tree']",whenever contact flag or whenever proceed to tree,F(contact_flag)|F(proceed_to_tree)
1288,"['venture_towards_house', 'present_at_flag']",venture towards house or at some time present at flag,venture_towards_house|F(present_at_flag)
1866,"['venture_towards_house', 'go_by_waste_bin']",venture towards house or go by waste bin,venture_towards_house|go_by_waste_bin
1242,"['pick_up_pear', 'have_apple']",pick up pear or forever have apple,pick_up_pear|G(have_apple)
3116,"['go_near_pear', 'travel_to_trash_can']",at some time go near pear or at any time travel to trash can,F(go_near_pear)|F(travel_to_trash_can)
2484,"['come_to_tree', 'reach_house']",come to tree and reach house,come_to_tree&reach_house
1979,"['secure_apple', 'go_by_waste_basket']",secure apple means that at some time go by waste basket,secure_apple->F(go_by_waste_basket)
3371,"['visit_waste_basket', 'go_by_house']",when possible visit waste basket or when possible go by house,F(visit_waste_basket)|F(go_by_house)
5972,"['grab_orange', 'drop_orange']",whenever grab orange and never drop orange,F(grab_orange)&G(~(drop_orange))
3307,"['visit_house', 'pick_up_peach']",at any time visit house or when possible pick up peach,F(visit_house)|F(pick_up_peach)
1489,"['let_go_apple', 'make_way_for_tree']",never let go apple and at some time make way for tree,G(~(let_go_apple))&F(make_way_for_tree)
3826,"['approach_house', 'get_hold_of_pear']",at some time approach house or get hold of pear,F(approach_house)|get_hold_of_pear
1628,"['secure_apple', 'go_by_waste_basket']",secure apple or whenever go by waste basket,secure_apple|F(go_by_waste_basket)
2249,"['move_near_tree', 'spend_time_at_tree']",at any time move near tree or whenever spend time at tree,F(move_near_tree)|F(spend_time_at_tree)
1486,"['secure_apple', 'bring_pear']",secure apple and whenever bring pear,secure_apple&F(bring_pear)
1548,"['secure_apple', 'reach_flag']",secure apple and at some time reach flag,secure_apple&F(reach_flag)
5633,"['make_your_way_flag', 'visit_house']","when at any time make your way flag , at any time visit house",F(make_your_way_flag)->F(visit_house)
1046,"['have_pear', 'migrate_to_tree']",at any time have pear and at any time migrate to tree,F(have_pear)&F(migrate_to_tree)
2151,"['hold_orange', 'go_to_bucket']",hold orange or go to bucket,hold_orange|go_to_bucket
5837,"['grab_apple', 'visit_flag']",at any time grab apple or at some time visit flag,F(grab_apple)|F(visit_flag)
1471,"['secure_apple', 'venture_to_house']",secure apple or when possible venture to house,secure_apple|F(venture_to_house)
4330,"['drop_apple', 'walk_near_flag']",never drop apple or at any time walk near flag,G(~(drop_apple))|F(walk_near_flag)
1426,"['venture_flag', 'grab_hold_pear']","when when possible venture flag , grab hold pear",F(venture_flag)->grab_hold_pear
5099,"['going_to_tree', 'travel_to_trash_can']","when going to tree , whenever travel to trash can",going_to_tree->F(travel_to_trash_can)
2869,"['travel_to_house', 'let_go_apple']",at some time travel to house or whenever let go apple,F(travel_to_house)|F(let_go_apple)
5632,"['walk_to_flag', 'reach_trash_can']",whenever walk to flag or reach trash can,F(walk_to_flag)|reach_trash_can
1814,"['reach_flag', 'venture_towards_house']",at any time reach flag or venture towards house,F(reach_flag)|venture_towards_house
5867,"['proceed_to_tree', 'walk_to_flag']",at any time proceed to tree and at any time walk to flag,F(proceed_to_tree)&F(walk_to_flag)
3557,"['going_to_house', 'go_to_trash_bin']",when possible going to house or when possible go to trash bin,F(going_to_house)|F(go_to_trash_bin)
4674,"['move_forward_trash_can', 'walk_to_flag']",at any time move forward trash can and at any time walk to flag,F(move_forward_trash_can)&F(walk_to_flag)
5794,"['move_around', 'reach_trash_can']",forever move around and reach trash can,G(move_around)&reach_trash_can
1765,"['go_to_flag', 'collect_pear']",whenever go to flag and collect pear,F(go_to_flag)&collect_pear
4855,"['touch_tree', 'put_in_bucket']",at some time touch tree and put in bucket,F(touch_tree)&put_in_bucket
2220,"['make_way_to_house', 'make_way_for_tree']",repeatedly make way to house or when possible make way for tree,G(F(make_way_to_house))|F(make_way_for_tree)
3869,"['hold_pear', 'scoop_up_apple']",hold pear or when possible scoop up apple,hold_pear|F(scoop_up_apple)
2095,"['hold_onto_orange', 'make_contact_flag']","if always hold onto orange , at some time make contact flag",G(hold_onto_orange)->F(make_contact_flag)
1496,"['venture_to_trash_can', 'make_contact_flag']",venture to trash can until whenever make contact flag,venture_to_trash_canUF(make_contact_flag)
2119,"['stop_by_house', 'have_in_orange']",at some time stop by house or forever have in orange,F(stop_by_house)|G(have_in_orange)
1273,"['go_near_house', 'let_go_orange']",when possible go near house and don't let go orange,F(go_near_house)&~(let_go_orange)
1658,"['venture_towards_house', 'withhold_apple']",venture towards house or when possible withhold apple,venture_towards_house|F(withhold_apple)
4999,"['tax_apple', 'get_to_cup']",whenever tax apple until whenever get to cup,F(tax_apple)UF(get_to_cup)
3790,"['travel_to_trash_can', 'visit_tree']",at any time travel to trash can or visit tree,F(travel_to_trash_can)|visit_tree
3608,"['going_to_house', 'go_to_trash_bin']",when possible going to house and when possible go to trash bin,F(going_to_house)&F(go_to_trash_bin)
1022,"['haul_pear', 'grab_apple']",whenever haul pear and whenever grab apple,F(haul_pear)&F(grab_apple)
5617,"['approach_flag', 'put_in_apple_bucket']",at any time approach flag or put in apple bucket,F(approach_flag)|put_in_apple_bucket
1911,"['go_to_apple_trashcan', 'drop_pear']",repeatedly go to apple trashcan means that drop pear,G(F(go_to_apple_trashcan))->drop_pear
4314,"['move_towards_trash_can', 'be_at_flag']",move towards trash can until when possible be at flag,move_towards_trash_canUF(be_at_flag)
5318,"['make_way_for_tree', 'travel_by_tree']",at some time make way for tree until when possible travel by tree,F(make_way_for_tree)UF(travel_by_tree)
1148,"['drop_orange', 'withdraw_pear']",never drop orange and when possible withdraw pear,G(~(drop_orange))&F(withdraw_pear)
5299,"['make_contact_with_house', 'go_near_pear']",whenever make contact with house or when possible go near pear,F(make_contact_with_house)|F(go_near_pear)
5545,"['grasp_pear', 'gather_apple']",when possible grasp pear and gather apple,F(grasp_pear)&gather_apple
1343,"['venture_towards_house', 'venture_towards_house']",venture towards house or venture towards house,venture_towards_house|venture_towards_house
3840,"['secure_pear', 'scoop_up_apple']",at any time secure pear and at some time scoop up apple,F(secure_pear)&F(scoop_up_apple)
5973,"['collect_orange', 'venture_house']",at some time collect orange or at any time venture house,F(collect_orange)|F(venture_house)
4761,"['get_orange', 'make_contact_with_house']",at some time get orange and at some time make contact with house,F(get_orange)&F(make_contact_with_house)
3832,"['be_at_flag', 'go_to_apple']",at any time be at flag and at any time go to apple,F(be_at_flag)&F(go_to_apple)
1802,"['bring_pear', 'venture_to_house']",when possible bring pear until whenever venture to house,F(bring_pear)UF(venture_to_house)
1613,"['present_at_flag', 'go_by_waste_bin']",whenever present at flag or go by waste bin,F(present_at_flag)|go_by_waste_bin
5692,"['be_at_flag', 'advance_to_house']","if when possible be at flag , at some time advance to house",F(be_at_flag)->F(advance_to_house)
1239,"['be_in_houses_vicinity', 'grab_tree']",at any time be in house's vicinity or repeatedly grab tree,F(be_in_houses_vicinity)|G(F(grab_tree))
1593,"['go_past_house', 'move_to_tree']",whenever go past house or move to tree,F(go_past_house)|move_to_tree
5507,"['go_to_trash_can', 'visit_tree']",whenever go to trash can or visit tree,F(go_to_trash_can)|visit_tree
1670,"['withdraw_pear', 'approach_trash_can']",at any time withdraw pear and approach trash can,F(withdraw_pear)&approach_trash_can
1006,"['go_to_tree', 'collect_apple']",whenever go to tree and at some time collect apple,F(go_to_tree)&F(collect_apple)
3666,"['journey_to_tree', 'put_in_bucket']",when possible journey to tree and put in bucket,F(journey_to_tree)&put_in_bucket
3393,"['walk_near_flag', 'travel_by_tree']",whenever walk near flag and at any time travel by tree,F(walk_near_flag)&F(travel_by_tree)
1095,"['go_to_peach', 'get_hold_of_orange']",at any time go to peach or at any time get hold of orange,F(go_to_peach)|F(get_hold_of_orange)
2403,"['visit_tree', 'walk_to_flag']",visit tree means that when possible walk to flag,visit_tree->F(walk_to_flag)
1420,"['go_by_waste_bin', 'present_at_flag']",go by waste bin or whenever present at flag,go_by_waste_bin|F(present_at_flag)
1271,"['be_in_houses_vicinity', 'drop_pear']",when possible be in house's vicinity or drop pear,F(be_in_houses_vicinity)|drop_pear
4821,"['hold_orange', 'proceed_to_flag']",hold orange or when possible proceed to flag,hold_orange|F(proceed_to_flag)
5631,"['proceed_to_flag', 'drop_orange']",at some time proceed to flag and drop orange,F(proceed_to_flag)&drop_orange
1630,"['procure_orange', 'move_to_house']",when possible procure orange and move to house,F(procure_orange)&move_to_house
5978,"['procure_orange', 'haul_pear']",when possible procure orange and whenever haul pear,F(procure_orange)&F(haul_pear)
3742,"['travel_house', 'drop_orange']",at some time travel house or never drop orange,F(travel_house)|G(~(drop_orange))
2291,"['going_to_house', 'stop_by_trash_can']",at any time going to house and at any time stop by trash can,F(going_to_house)&F(stop_by_trash_can)
4826,"['get_orange', 'make_way_for_tree']",whenever get orange means that at some time make way for tree,F(get_orange)->F(make_way_for_tree)
3455,"['proceed_to_flag', 'procure_orange']",when possible proceed to flag or at any time procure orange,F(proceed_to_flag)|F(procure_orange)
1559,"['let_go_pear', 'get_close_tree']",do not let go pear or whenever get close tree,~(let_go_pear)|F(get_close_tree)
5377,"['tax_apple', 'grasp_orange']",at any time tax apple or grasp orange,F(tax_apple)|grasp_orange
1390,"['stay', 'come_to_tree']",always stay and come to tree,G(stay)&come_to_tree
5129,"['stand_by_tree', 'acquire_orange']",at some time stand by tree or acquire orange,F(stand_by_tree)|acquire_orange
1744,"['venture_to_trash_can', 'go_near_pear']",venture to trash can or when possible go near pear,venture_to_trash_can|F(go_near_pear)
2148,"['gather_apple', 'grasp_apple']",gather apple and whenever grasp apple,gather_apple&F(grasp_apple)
5022,"['let_go_apple', 'travel_to_tree']",never let go apple or travel to tree,G(~(let_go_apple))|travel_to_tree
2405,"['drop_pear', 'keep_apple']",drop pear until keep apple,drop_pearUkeep_apple
5063,"['move', 'obtain_apple']",forever move or whenever obtain apple,G(move)|F(obtain_apple)
1930,"['grab_flag', 'journey_by_flag']",whenever grab flag and at some time journey by flag,F(grab_flag)&F(journey_by_flag)
4319,"['going_to_tree', 'grasp_orange']",going to tree or grasp orange,going_to_tree|grasp_orange
1193,"['get_pear', 'approach_flag']",when possible get pear or at any time approach flag,F(get_pear)|F(approach_flag)
5109,"['get_pear', 'reach_tree']",when possible get pear and at any time reach tree,F(get_pear)&F(reach_tree)
2129,"['be_in_houses_vicinity', 'venture_flag']",at any time be in house's vicinity or when possible venture flag,F(be_in_houses_vicinity)|F(venture_flag)
4955,"['go_past_flag', 'go_by_flag']",when possible go past flag and when possible go by flag,F(go_past_flag)&F(go_by_flag)
1819,"['visit_flag', 'visit_tree']",at some time visit flag or visit tree,F(visit_flag)|visit_tree
1417,"['walk_near_flag', 'get_hold_of_pear']",at some time walk near flag or get hold of pear,F(walk_near_flag)|get_hold_of_pear
4847,"['journey_to_flag', 'take_possession_of_bear']",when possible journey to flag and at some time take possession of bear,F(journey_to_flag)&F(take_possession_of_bear)
1053,"['go_by_waste_basket', 'withhold_apple']","when when possible go by waste basket , whenever withhold apple",F(go_by_waste_basket)->F(withhold_apple)
1301,"['drop_pear', 'reach_house']",drop pear and reach house,drop_pear&reach_house
5526,"['procure_pear', 'be_at_flag']",at some time procure pear or whenever be at flag,F(procure_pear)|F(be_at_flag)
1512,"['have_in_orange', 'visit_trash_bin']",always have in orange or at some time visit trash bin,G(have_in_orange)|F(visit_trash_bin)
1623,"['drop_apple', 'show_yourself_near_house']",never drop apple and at some time show yourself near house,G(~(drop_apple))&F(show_yourself_near_house)
2300,"['take_to_tree', 'move_to_house']",take to tree or move to house,take_to_tree|move_to_house
5037,"['grasp_orange', 'grab_pear']",grasp orange or at some time grab pear,grasp_orange|F(grab_pear)
1221,"['get_hold_orange', 'approach_tree']","when at some time get hold orange , approach tree",F(get_hold_orange)->approach_tree
3755,"['visit_tree', 'hold_apple']",visit tree and hold apple,visit_tree&hold_apple
3465,"['seize_orange', 'come_home']",whenever seize orange or at any time come home,F(seize_orange)|F(come_home)
3675,"['venture_to_waste_basket', 'go_visit_house']",at any time venture to waste basket can infer that at any time go visit house,F(venture_to_waste_basket)->F(go_visit_house)
3676,"['proceed_to_house', 'procure_orange']","if at any time proceed to house , whenever procure orange",F(proceed_to_house)->F(procure_orange)
4235,"['go_to_bucket', 'move_to_tree']",go to bucket or move to tree,go_to_bucket|move_to_tree
5226,"['gather_orange', 'journey_to_flag']",gather orange or when possible journey to flag,gather_orange|F(journey_to_flag)
2032,"['approach_trash_can', 'spend_time_at_tree']",approach trash can or at any time spend time at tree,approach_trash_can|F(spend_time_at_tree)
2248,"['drop_pear', 'move_near_tree']",drop pear and at some time move near tree,drop_pear&F(move_near_tree)
5799,"['withold_apple', 'visit_tree']",when possible withold apple and visit tree,F(withold_apple)&visit_tree
2350,"['have_in_orange', 'be_in_houses_vicinity']",always have in orange or when possible be in house's vicinity,G(have_in_orange)|F(be_in_houses_vicinity)
3939,"['move_towards_trash_can', 'pick_up_flag']",move towards trash can until pick up flag,move_towards_trash_canUpick_up_flag
3713,"['seize_orange', 'take_orange']",whenever seize orange or take orange,F(seize_orange)|take_orange
1240,"['snag_orange', 'go_to_trashcan']",whenever snag orange or when possible go to trashcan,F(snag_orange)|F(go_to_trashcan)
3176,"['walk_near_flag', 'get_hold_orange']",at any time walk near flag or at any time get hold orange,F(walk_near_flag)|F(get_hold_orange)
2211,"['stay', 'drop_pear']",forever stay or drop pear,G(stay)|drop_pear
1689,"['obtain_apple', 'proceed_to_flag']",when possible obtain apple and at any time proceed to flag,F(obtain_apple)&F(proceed_to_flag)
4094,"['obtain_orange', 'make_your_way_flag']",whenever obtain orange or at some time make your way flag,F(obtain_orange)|F(make_your_way_flag)
2017,"['get_hold_of_pear', 'touch_house']",get hold of pear and at any time touch house,get_hold_of_pear&F(touch_house)
2665,"['gather_orange', 'take_apple']",gather orange or take apple,gather_orange|take_apple
4083,"['travel_to_trash_can', 'go_near_flag']",at some time travel to trash can and at any time go near flag,F(travel_to_trash_can)&F(go_near_flag)
4583,"['journey_to_house', 'go_past_house']",at any time journey to house or when possible go past house,F(journey_to_house)|F(go_past_house)
1609,"['hold_on_pear', 'grip_apple']",forever hold on pear or grip apple,G(hold_on_pear)|grip_apple
1673,"['withhold_apple', 'go_by_waste_basket']",at some time withhold apple or at some time go by waste basket,F(withhold_apple)|F(go_by_waste_basket)
4274,"['pass_by_trash_bin', 'take_to_trash_can']",when possible pass by trash bin and take to trash can,F(pass_by_trash_bin)&take_to_trash_can
1274,"['take_to_trashcan', 'venture_flag']",take to trashcan and when possible venture flag,take_to_trashcan&F(venture_flag)
1132,"['move_to_tree', 'go_home']",move to tree and whenever go home,move_to_tree&F(go_home)
2398,"['make_way_waste_basket', 'go_to_orange_bin']",at some time make way waste basket or go to orange bin,F(make_way_waste_basket)|go_to_orange_bin
5486,"['be_at_house', 'get_close_tree']",whenever be at house until at some time get close tree,F(be_at_house)UF(get_close_tree)
1625,"['go_to_home', 'going_to_tree']",whenever go to home and going to tree,F(go_to_home)&going_to_tree
3341,"['visit_waste_basket', 'put_in_apple_bucket']",at any time visit waste basket or put in apple bucket,F(visit_waste_basket)|put_in_apple_bucket
4345,"['get_to_cup', 'capture_orange']",at some time get to cup or capture orange,F(get_to_cup)|capture_orange
3615,"['move_to_house', 'secure_pear']",move to house until at any time secure pear,move_to_houseUF(secure_pear)
1976,"['secure_pear', 'secure_pear']",whenever secure pear or when possible secure pear,F(secure_pear)|F(secure_pear)
4632,"['travel_to_trash_can', 'stop_by_flag']",at any time travel to trash can or stop by flag,F(travel_to_trash_can)|stop_by_flag
4408,"['have_apple', 'proceed_to_flag']",forever have apple can infer that when possible proceed to flag,G(have_apple)->F(proceed_to_flag)
1031,"['grab_tree', 'approach_trash_can']",repeatedly grab tree and approach trash can,G(F(grab_tree))&approach_trash_can
1818,"['drop_pear', 'visit_trash_bin']",drop pear or when possible visit trash bin,drop_pear|F(visit_trash_bin)
4979,"['let_go_orange', 'capture_pear']",never let go orange or at some time capture pear,G(~(let_go_orange))|F(capture_pear)
1896,"['bring_pear', 'bring_pear']",whenever bring pear and at any time bring pear,F(bring_pear)&F(bring_pear)
1900,"['let_go_orange', 'venture_flag']",don't let go orange means that whenever venture flag,~(let_go_orange)->F(venture_flag)
5427,"['venture_house', 'get_pear']",at any time venture house or at any time get pear,F(venture_house)|F(get_pear)
2487,"['travel_to_apple', 'make_to_flag']",travel to apple until at some time make to flag,travel_to_appleUF(make_to_flag)
4969,"['walk_near_flag', 'reach_tree']",whenever walk near flag or when possible reach tree,F(walk_near_flag)|F(reach_tree)
2298,"['go_near_house', 'grab_tree']",when possible go near house or repeatedly grab tree,F(go_near_house)|G(F(grab_tree))
1963,"['secure_apple', 'venture_towards_house']",secure apple or venture towards house,secure_apple|venture_towards_house
4324,"['get_hold_apple', 'go_visit_flag']",at some time get hold apple and go visit flag,F(get_hold_apple)&go_visit_flag
2006,"['move_to_trashcan', 'stop_by_house']","if move to trashcan , whenever stop by house",move_to_trashcan->F(stop_by_house)
4124,"['proceed_to_flag', 'touch_flag']",when possible proceed to flag and forever touch flag,F(proceed_to_flag)&G(touch_flag)
2121,"['proceed_to_house', 'tax_apple']",when possible proceed to house until whenever tax apple,F(proceed_to_house)UF(tax_apple)
5783,"['grasp_apple', 'travel_to_tree']",when possible grasp apple or travel to tree,F(grasp_apple)|travel_to_tree
1775,"['take_pear', 'venture_to_trash_can']",take pear and venture to trash can,take_pear&venture_to_trash_can
1764,"['reach_trash_can', 'travel_by_tree']",reach trash can and when possible travel by tree,reach_trash_can&F(travel_by_tree)
1491,"['present_at_flag', 'reach_flag']",at any time present at flag until whenever reach flag,F(present_at_flag)UF(reach_flag)
1350,"['put_in_bin', 'go_by_flag']",put in bin or when possible go by flag,put_in_bin|F(go_by_flag)
4713,"['move_to_trash_can', 'advance_to_house']",move to trash can or when possible advance to house,move_to_trash_can|F(advance_to_house)
2143,"['drop_orange', 'be_at_house']",never drop orange or at some time be at house,G(~(drop_orange))|F(be_at_house)
2606,"['get_close_tree', 'stop_by_flag']",at any time get close tree and stop by flag,F(get_close_tree)&stop_by_flag
3930,"['go_visit_house', 'haul_pear']",at some time go visit house or at some time haul pear,F(go_visit_house)|F(haul_pear)
1471,"['spend_time_at_tree', 'move_near_tree']",whenever spend time at tree and at some time move near tree,F(spend_time_at_tree)&F(move_near_tree)
3844,"['hold_onto_orange', 'acquire_apple']",forever hold onto orange or acquire apple,G(hold_onto_orange)|acquire_apple
1737,"['get_to_tree', 'go_near_house']",get to tree and at some time go near house,get_to_tree&F(go_near_house)
2165,"['migrate_to_tree', 'drop_pear']",whenever migrate to tree or drop pear,F(migrate_to_tree)|drop_pear
1338,"['withold_apple', 'seize_pear']",whenever withold apple or at some time seize pear,F(withold_apple)|F(seize_pear)
1139,"['have_in_orange', 'go_to_trashcan']",forever have in orange or at some time go to trashcan,G(have_in_orange)|F(go_to_trashcan)
3401,"['go_to_pear', 'stand_by_tree']",repeatedly go to pear or when possible stand by tree,G(F(go_to_pear))|F(stand_by_tree)
1743,"['present_at_flag', 'reach_flag']",whenever present at flag until at some time reach flag,F(present_at_flag)UF(reach_flag)
1252,"['snatch_up_pear', 'get_to_tree']",snatch up pear until get to tree,snatch_up_pearUget_to_tree
2849,"['go_by_tree', 'pick_up_flag']",at any time go by tree and pick up flag,F(go_by_tree)&pick_up_flag
2240,"['keep_apple', 'travel_to_apple']",keep apple or travel to apple,keep_apple|travel_to_apple
1048,"['withhold_apple', 'secure_apple']",at some time withhold apple or secure apple,F(withhold_apple)|secure_apple
5665,"['collect_pear', 'going_to_flag']",collect pear and at some time going to flag,collect_pear&F(going_to_flag)
1265,"['venture_flag', 'be_in_houses_vicinity']",at any time venture flag and whenever be in house's vicinity,F(venture_flag)&F(be_in_houses_vicinity)
5239,"['move_around', 'proceed_to_house']",forever move around or whenever proceed to house,G(move_around)|F(proceed_to_house)
2071,"['go_by_trash_can', 'travel_house']",forever go by trash can or when possible travel house,G(go_by_trash_can)|F(travel_house)
1673,"['travel_to_house', 'go_to_flag']",when possible travel to house or at any time go to flag,F(travel_to_house)|F(go_to_flag)
3977,"['getting_pear', 'collect_pear']",at any time getting pear and collect pear,F(getting_pear)&collect_pear
1696,"['let_go', 'hold_on_to_pear']",never let go or hold on to pear,G(~(let_go))|hold_on_to_pear
1839,"['reach_house', 'journey_by_flag']",reach house or at some time journey by flag,reach_house|F(journey_by_flag)
2017,"['be_in_houses_vicinity', 'venture_flag']",whenever be in house's vicinity and at any time venture flag,F(be_in_houses_vicinity)&F(venture_flag)
4449,"['reach_trash_can', 'journey_to_tree']",reach trash can or whenever journey to tree,reach_trash_can|F(journey_to_tree)
1806,"['go_by_waste_bin', 'bring_pear']",go by waste bin and at some time bring pear,go_by_waste_bin&F(bring_pear)
2498,"['withdraw_pear', 'be_in_houses_vicinity']",when possible withdraw pear or when possible be in house's vicinity,F(withdraw_pear)|F(be_in_houses_vicinity)
1733,"['spend_time_at_tree', 'get_to_tree']",when possible spend time at tree or get to tree,F(spend_time_at_tree)|get_to_tree
2337,"['arrive_at_tree', 'journey_to_tree']",whenever arrive at tree until at some time journey to tree,F(arrive_at_tree)UF(journey_to_tree)
4668,"['venture_to_waste_basket', 'be_at_house']",at any time venture to waste basket or at any time be at house,F(venture_to_waste_basket)|F(be_at_house)
1950,"['move_near_tree', 'reach_house']",whenever move near tree or reach house,F(move_near_tree)|reach_house
1489,"['grab_tree', 'grab_tree']",repeatedly grab tree or repeatedly grab tree,G(F(grab_tree))|G(F(grab_tree))
5187,"['make_contact_flag', 'seize_orange']",at any time make contact flag or whenever seize orange,F(make_contact_flag)|F(seize_orange)
5199,"['withold_apple', 'drop_apple']",when possible withold apple and never drop apple,F(withold_apple)&G(~(drop_apple))
4156,"['drop_orange', 'proceed_to_tree']",never drop orange and at some time proceed to tree,G(~(drop_orange))&F(proceed_to_tree)
2337,"['start_going_to_house', 'lay_hold_of_apple']",at any time start going to house and at any time lay hold of apple,F(start_going_to_house)&F(lay_hold_of_apple)
1383,"['get_to_tree', 'venture_flag']",get to tree and whenever venture flag,get_to_tree&F(venture_flag)
1830,"['put_in_apple_bucket', 'have_possession_of_apple']",put in apple bucket and at any time have possession of apple,put_in_apple_bucket&F(have_possession_of_apple)
1445,"['venture_towards_house', 'go_by_waste_basket']",venture towards house and when possible go by waste basket,venture_towards_house&F(go_by_waste_basket)
1125,"['come_to_tree', 'clutch_orange']",come to tree and when possible clutch orange,come_to_tree&F(clutch_orange)
4451,"['move_around', 'move_to_trash_can']",always move around or move to trash can,G(move_around)|move_to_trash_can
1647,"['secure_apple', 'withhold_apple']",secure apple until at any time withhold apple,secure_appleUF(withhold_apple)
1739,"['venture_towards_house', 'reach_flag']",venture towards house or when possible reach flag,venture_towards_house|F(reach_flag)
1520,"['grip_apple', 'grab_tree']",grip apple or repeatedly grab tree,grip_apple|G(F(grab_tree))
1384,"['visit_trash_bin', 'move_to_trashcan']",whenever visit trash bin and move to trashcan,F(visit_trash_bin)&move_to_trashcan
4377,"['collect_apple', 'obtain_apple']",at some time collect apple or whenever obtain apple,F(collect_apple)|F(obtain_apple)
5294,"['approach_house', 'take_orange']",at some time approach house and take orange,F(approach_house)&take_orange
1470,"['grab_hold_pear', 'take_to_trashcan']",grab hold pear or take to trashcan,grab_hold_pear|take_to_trashcan
1986,"['travel_to_tree', 'drop_apple']",travel to tree or never drop apple,travel_to_tree|G(~(drop_apple))
1508,"['withhold_apple', 'bring_pear']",at some time withhold apple or whenever bring pear,F(withhold_apple)|F(bring_pear)
2174,"['approach_trash_can', 'have_pear']",approach trash can or whenever have pear,approach_trash_can|F(have_pear)
3520,"['walk', 'put_in_bin']",walk and put in bin,walk&put_in_bin
1622,"['withold_apple', 'go_by_trash_can']","when at some time withold apple , forever go by trash can",F(withold_apple)->G(go_by_trash_can)
4007,"['pick_up_pear', 'get_orange']",pick up pear or at any time get orange,pick_up_pear|F(get_orange)
1841,"['proceed_to_flag', 'pick_up_apple']",whenever proceed to flag or at some time pick up apple,F(proceed_to_flag)|F(pick_up_apple)
2021,"['acquire_orange', 'reach_trash_can']",acquire orange or reach trash can,acquire_orange|reach_trash_can
3029,"['go_to_home', 'obtain_pear']",whenever go to home or whenever obtain pear,F(go_to_home)|F(obtain_pear)
5983,"['get_hold_apple', 'go_to_home']",whenever get hold apple and when possible go to home,F(get_hold_apple)&F(go_to_home)
1235,"['set_out_to_house', 'have_apple']",when possible set out to house or forever have apple,F(set_out_to_house)|G(have_apple)
2066,"['let_go_pear', 'get_near_flag']",do not let go pear and at any time get near flag,~(let_go_pear)&F(get_near_flag)
1470,"['move_past_trash_can', 'let_go_pear']",at any time move past trash can and don't let go pear,F(move_past_trash_can)&~(let_go_pear)
3306,"['take_possession_of_bear', 'travel_to_house']",at any time take possession of bear or when possible travel to house,F(take_possession_of_bear)|F(travel_to_house)
1219,"['make_way_waste_basket', 'grab_flag']",when possible make way waste basket until at any time grab flag,F(make_way_waste_basket)UF(grab_flag)
3359,"['obtain_orange', 'move_to_flag']",whenever obtain orange and at any time move to flag,F(obtain_orange)&F(move_to_flag)
1332,"['move_near_tree', 'track_towards_tree']",whenever move near tree or at some time track towards tree,F(move_near_tree)|F(track_towards_tree)
2993,"['go_near_pear', 'go_near_pear']",at some time go near pear and whenever go near pear,F(go_near_pear)&F(go_near_pear)
3589,"['walk_near_flag', 'grab_pear']",at any time walk near flag and at any time grab pear,F(walk_near_flag)&F(grab_pear)
2430,"['go_to_tree', 'hold_orange']",at any time go to tree and hold orange,F(go_to_tree)&hold_orange
1745,"['have_apple', 'get_hold_orange']",forever have apple or at any time get hold orange,G(have_apple)|F(get_hold_orange)
5326,"['travel_to_waste_bin', 'walk_to_flag']",travel to waste bin or at any time walk to flag,travel_to_waste_bin|F(walk_to_flag)
2998,"['travel_to_trash_can', 'journey_to_flag']",when possible travel to trash can or when possible journey to flag,F(travel_to_trash_can)|F(journey_to_flag)
1689,"['bring_pear', 'go_by_waste_basket']",at some time bring pear or whenever go by waste basket,F(bring_pear)|F(go_by_waste_basket)
3490,"['make_your_way_flag', 'get_close_tree']",at some time make your way flag and at any time get close tree,F(make_your_way_flag)&F(get_close_tree)
1127,"['move_to_flag', 'go_to_orange']",at any time move to flag or go to orange,F(move_to_flag)|go_to_orange
4283,"['go_to_flag', 'pick_up_anything']",whenever go to flag until don't pick up anything,F(go_to_flag)U~(F(pick_up_anything))
2234,"['scoop_up_pear', 'hold_pear']",at any time scoop up pear means that hold pear,F(scoop_up_pear)->hold_pear
2276,"['come_home', 'pick_up_pear']",when possible come home means that pick up pear,F(come_home)->pick_up_pear
1543,"['make_to_flag', 'come_to_tree']",at any time make to flag until come to tree,F(make_to_flag)Ucome_to_tree
3237,"['have_apple', 'visit_tree']",forever have apple and visit tree,G(have_apple)&visit_tree
3824,"['go_to_trash_can', 'go_by_flag']",at any time go to trash can or whenever go by flag,F(go_to_trash_can)|F(go_by_flag)
2590,"['set_out_to_house', 'yield_pear']",at some time set out to house until whenever yield pear,F(set_out_to_house)UF(yield_pear)
1141,"['present_at_flag', 'venture_towards_house']",at any time present at flag can infer that venture towards house,F(present_at_flag)->venture_towards_house
5355,"['pick_up_peach', 'pick_up_peach']",at any time pick up peach or at any time pick up peach,F(pick_up_peach)|F(pick_up_peach)
2532,"['put_in_apple_bucket', 'get_hold_orange']",put in apple bucket can infer that at some time get hold orange,put_in_apple_bucket->F(get_hold_orange)
1859,"['venture_towards_house', 'bring_pear']",venture towards house until when possible bring pear,venture_towards_houseUF(bring_pear)
4187,"['go_past_flag', 'travel_by_tree']","if at some time go past flag , at some time travel by tree",F(go_past_flag)->F(travel_by_tree)
4660,"['stand_by_tree', 'reach_trash_can']",at some time stand by tree or reach trash can,F(stand_by_tree)|reach_trash_can
1071,"['grasp_orange', 'getting_pear']",grasp orange or whenever getting pear,grasp_orange|F(getting_pear)
1321,"['move_near_tree', 'have_pear']",when possible move near tree or at any time have pear,F(move_near_tree)|F(have_pear)
2252,"['go_to_transh_can', 'have_in_orange']",at some time go to transh can or always have in orange,F(go_to_transh_can)|G(have_in_orange)
4962,"['let_go_apple', 'journey_to_house']","if never let go apple , at some time journey to house",G(~(let_go_apple))->F(journey_to_house)
2136,"['go_to_trashcan', 'advance_to_tree']",at some time go to trashcan or advance to tree,F(go_to_trashcan)|advance_to_tree
4383,"['put_in_bin', 'make_contact_flag']",put in bin or whenever make contact flag,put_in_bin|F(make_contact_flag)
4013,"['get_apple', 'obtain_orange']",whenever get apple or whenever obtain orange,F(get_apple)|F(obtain_orange)
5067,"['drop_orange', 'hold_orange']",drop orange or hold orange,drop_orange|hold_orange
5333,"['haul_pear', 'make_contact_with_house']",whenever haul pear and at any time make contact with house,F(haul_pear)&F(make_contact_with_house)
1624,"['migrate_to_tree', 'go_to_transh_can']",when possible migrate to tree can infer that whenever go to transh can,F(migrate_to_tree)->F(go_to_transh_can)
1205,"['take_apple', 'go_to_bucket']",take apple and go to bucket,take_apple&go_to_bucket
2051,"['have_in_orange', 'clutch_orange']",always have in orange until when possible clutch orange,G(have_in_orange)UF(clutch_orange)
1990,"['reach_flag', 'go_by_waste_basket']",at any time reach flag and whenever go by waste basket,F(reach_flag)&F(go_by_waste_basket)
1110,"['secure_apple', 'secure_apple']",secure apple or secure apple,secure_apple|secure_apple
1625,"['make_way_waste_basket', 'drop_orange']",whenever make way waste basket until never drop orange,F(make_way_waste_basket)UG(~(drop_orange))
1512,"['get_pear', 'take_to_tree']",at any time get pear or take to tree,F(get_pear)|take_to_tree
3155,"['go_home', 'stop_by_trash_can']",at any time go home or whenever stop by trash can,F(go_home)|F(stop_by_trash_can)
1878,"['go_to_waste_basket', 'go_visit_flag']",repeatedly go to waste basket or go visit flag,G(F(go_to_waste_basket))|go_visit_flag
5039,"['get_apple', 'pick_up_fruit']",at some time get apple until pick up fruit,F(get_apple)Upick_up_fruit
1244,"['have_pear', 'stop_by_house']",at any time have pear and whenever stop by house,F(have_pear)&F(stop_by_house)
2197,"['move_near_tree', 'grab_tree']",whenever move near tree or repeatedly grab tree,F(move_near_tree)|G(F(grab_tree))
5833,"['venture_house', 'get_hold_apple']",whenever venture house and whenever get hold apple,F(venture_house)&F(get_hold_apple)
2924,"['touch_house', 'travel_to_waste_bin']",at some time touch house or travel to waste bin,F(touch_house)|travel_to_waste_bin
2729,"['pass_by_house', 'travel_to_tree']",at any time pass by house or travel to tree,F(pass_by_house)|travel_to_tree
3315,"['hold_on_to_pear', 'pick_up_pear']",hold on to pear until pick up pear,hold_on_to_pearUpick_up_pear
2440,"['visit_tree', 'pick_up_apple']",visit tree or at any time pick up apple,visit_tree|F(pick_up_apple)
2210,"['obtain_pear', 'be_at_house']",at any time obtain pear and when possible be at house,F(obtain_pear)&F(be_at_house)
1263,"['lay_hold_of_apple', 'lay_hold_of_apple']",at some time lay hold of apple and whenever lay hold of apple,F(lay_hold_of_apple)&F(lay_hold_of_apple)
1055,"['move_to_trashcan', 'keep_apple']",move to trashcan or keep apple,move_to_trashcan|keep_apple
2777,"['approach_flag', 'acquire_orange']",at any time approach flag and acquire orange,F(approach_flag)&acquire_orange
2504,"['take_pear', 'touch_house']",take pear or whenever touch house,take_pear|F(touch_house)
1754,"['visit_trash_bin', 'be_in_houses_vicinity']",at any time visit trash bin and whenever be in house's vicinity,F(visit_trash_bin)&F(be_in_houses_vicinity)
1054,"['go_by_waste_basket', 'present_at_flag']",whenever go by waste basket or when possible present at flag,F(go_by_waste_basket)|F(present_at_flag)
1057,"['go_to_transh_can', 'grab_tree']",when possible go to transh can means that repeatedly grab tree,F(go_to_transh_can)->G(F(grab_tree))
1206,"['go_by_house', 'travel_to_flag']",at any time go by house and whenever travel to flag,F(go_by_house)&F(travel_to_flag)
4805,"['travel_by_tree', 'grab_pear']",at any time travel by tree or at any time grab pear,F(travel_by_tree)|F(grab_pear)
1223,"['make_to_flag', 'get_to_flag']",when possible make to flag and at any time get to flag,F(make_to_flag)&F(get_to_flag)
3300,"['go_to_waste_basket', 'let_go_apple']",repeatedly go to waste basket or never let go apple,G(F(go_to_waste_basket))|G(~(let_go_apple))
1035,"['clutch_orange', 'be_in_houses_vicinity']",at some time clutch orange and when possible be in house's vicinity,F(clutch_orange)&F(be_in_houses_vicinity)
1370,"['venture_towards_house', 'go_by_waste_basket']",venture towards house or whenever go by waste basket,venture_towards_house|F(go_by_waste_basket)
1254,"['be_in_houses_vicinity', 'start_going_to_house']",whenever be in house's vicinity or whenever start going to house,F(be_in_houses_vicinity)|F(start_going_to_house)
1122,"['visit_waste_basket', 'go_to_house']",at some time visit waste basket or at any time go to house,F(visit_waste_basket)|F(go_to_house)
3096,"['grasp_apple', 'make_your_way_flag']",when possible grasp apple or at any time make your way flag,F(grasp_apple)|F(make_your_way_flag)
2480,"['get_to_cup', 'have_possession_of_apple']",at some time get to cup or at any time have possession of apple,F(get_to_cup)|F(have_possession_of_apple)
1517,"['make_way_waste_basket', 'grab_tree']",at any time make way waste basket or repeatedly grab tree,F(make_way_waste_basket)|G(F(grab_tree))
1680,"['pick_up_orange', 'pass_by_trash_bin']",pick up orange or whenever pass by trash bin,pick_up_orange|F(pass_by_trash_bin)
3687,"['capture_pear', 'go_visit_house']",at any time capture pear can infer that whenever go visit house,F(capture_pear)->F(go_visit_house)
5208,"['let_go_orange', 'put_in_apple_bucket']",never let go orange and put in apple bucket,G(~(let_go_orange))&put_in_apple_bucket
2443,"['go_near_house', 'move_to_trashcan']",at some time go near house or move to trashcan,F(go_near_house)|move_to_trashcan
1959,"['journey_by_flag', 'snag_orange']",when possible journey by flag or whenever snag orange,F(journey_by_flag)|F(snag_orange)
5707,"['go_to_bucket', 'going_to_tree']",go to bucket and going to tree,go_to_bucket&going_to_tree
4329,"['take_apple', 'take_to_trash_can']",take apple until take to trash can,take_appleUtake_to_trash_can
5232,"['drop_apple', 'move_to_flag']",never drop apple and at any time move to flag,G(~(drop_apple))&F(move_to_flag)
1838,"['go_near_pear', 'obtain_apple']",whenever go near pear or at some time obtain apple,F(go_near_pear)|F(obtain_apple)
3252,"['pass_by_house', 'yield_pear']",at some time pass by house or at any time yield pear,F(pass_by_house)|F(yield_pear)
1834,"['get_close_tree', 'contact_flag']",at any time get close tree and at some time contact flag,F(get_close_tree)&F(contact_flag)
2219,"['grab_apple', 'scoop_up_pear']",at some time grab apple and whenever scoop up pear,F(grab_apple)&F(scoop_up_pear)
3728,"['grab_orange', 'get_hold_apple']",at some time grab orange and at any time get hold apple,F(grab_orange)&F(get_hold_apple)
4906,"['drop_by', 'pick_up_pear']",drop by can infer that pick up pear,drop_by->pick_up_pear
1446,"['withdraw_pear', 'get_to_flag']",whenever withdraw pear or at some time get to flag,F(withdraw_pear)|F(get_to_flag)
4893,"['grab_orange', 'secure_pear']",at some time grab orange and when possible secure pear,F(grab_orange)&F(secure_pear)
2082,"['go_home', 'collect_pear']","when whenever go home , collect pear",F(go_home)->collect_pear
4986,"['seize_apple', 'pass_by_house']",seize apple until whenever pass by house,seize_appleUF(pass_by_house)
1744,"['drop_apple', 'venture_towards_house']",never drop apple or venture towards house,G(~(drop_apple))|venture_towards_house
2444,"['journey_by_flag', 'grab_hold_pear']",at some time journey by flag until grab hold pear,F(journey_by_flag)Ugrab_hold_pear
1382,"['start_going_to_house', 'go_to_apple_trashcan']",when possible start going to house and repeatedly go to apple trashcan,F(start_going_to_house)&G(F(go_to_apple_trashcan))
1573,"['show_yourself_near_house', 'drop_apple']",whenever show yourself near house and never drop apple,F(show_yourself_near_house)&G(~(drop_apple))
2465,"['go_to_bucket', 'go_to_house']",go to bucket or when possible go to house,go_to_bucket|F(go_to_house)
1099,"['venture_towards_house', 'go_by_waste_bin']",venture towards house or go by waste bin,venture_towards_house|go_by_waste_bin
1804,"['withdraw_pear', 'reach_house']",whenever withdraw pear or reach house,F(withdraw_pear)|reach_house
1137,"['present_at_flag', 'drop_apple']",at some time present at flag or never drop apple,F(present_at_flag)|G(~(drop_apple))
1045,"['visit_house', 'grasp_orange']",at any time visit house or grasp orange,F(visit_house)|grasp_orange
3622,"['capture_pear', 'pick_up_pear']",at any time capture pear or pick up pear,F(capture_pear)|pick_up_pear
2411,"['travel_to_apple', 'start_going_to_house']",travel to apple and whenever start going to house,travel_to_apple&F(start_going_to_house)
1661,"['venture_to_trash_can', 'go_to_house']",venture to trash can until whenever go to house,venture_to_trash_canUF(go_to_house)
5297,"['pick_up_flag', 'get_close_flag']",pick up flag or when possible get close flag,pick_up_flag|F(get_close_flag)
1955,"['go_by_waste_basket', 'reach_flag']",whenever go by waste basket and at any time reach flag,F(go_by_waste_basket)&F(reach_flag)
3439,"['capture_pear', 'make_way_to_house']",when possible capture pear and repeatedly make way to house,F(capture_pear)&G(F(make_way_to_house))
1891,"['venture_towards_house', 'bring_pear']",venture towards house until at some time bring pear,venture_towards_houseUF(bring_pear)
4291,"['put_in_apple_bucket', 'take_to_trash_can']",put in apple bucket until take to trash can,put_in_apple_bucketUtake_to_trash_can
3779,"['drop_apple', 'get_close_flag']",never drop apple means that at some time get close flag,G(~(drop_apple))->F(get_close_flag)
3600,"['go_by_tree', 'move_to_house']",at any time go by tree or move to house,F(go_by_tree)|move_to_house
1696,"['bring_pear', 'withhold_apple']",whenever bring pear and whenever withhold apple,F(bring_pear)&F(withhold_apple)
5200,"['grab_pear', 'pick_up_pear']",at any time grab pear and pick up pear,F(grab_pear)&pick_up_pear
1464,"['seize_apple', 'procure_pear']",seize apple or at any time procure pear,seize_apple|F(procure_pear)
4937,"['drop_orange', 'travel_to_house']",never drop orange or whenever travel to house,G(~(drop_orange))|F(travel_to_house)
2069,"['migrate_to_tree', 'spend_time_at_tree']",at some time migrate to tree and when possible spend time at tree,F(migrate_to_tree)&F(spend_time_at_tree)
1443,"['stay', 'keep_apple']",forever stay and keep apple,G(stay)&keep_apple
5082,"['go_by_tree', 'travel_to_waste_bin']",when possible go by tree and travel to waste bin,F(go_by_tree)&travel_to_waste_bin
1937,"['have_in_orange', 'make_way_waste_basket']",forever have in orange and whenever make way waste basket,G(have_in_orange)&F(make_way_waste_basket)
1059,"['venture_to_house', 'go_by_waste_basket']",whenever venture to house or at some time go by waste basket,F(venture_to_house)|F(go_by_waste_basket)
2872,"['go_to_trash_receptacle', 'take_to_trash_can']",at some time go to trash receptacle until take to trash can,F(go_to_trash_receptacle)Utake_to_trash_can
4532,"['grasp_apple', 'secure_pear']",when possible grasp apple means that at any time secure pear,F(grasp_apple)->F(secure_pear)
5100,"['go_to_house', 'contact_flag']",when possible go to house and at any time contact flag,F(go_to_house)&F(contact_flag)
1073,"['secure_apple', 'venture_towards_house']",secure apple or venture towards house,secure_apple|venture_towards_house
4097,"['let_go_orange', 'going_to_tree']",never let go orange means that going to tree,G(~(let_go_orange))->going_to_tree
5662,"['proceed_to_tree', 'procure_orange']",when possible proceed to tree or whenever procure orange,F(proceed_to_tree)|F(procure_orange)
3066,"['visit_waste_basket', 'hold_apple']",whenever visit waste basket or hold apple,F(visit_waste_basket)|hold_apple
2601,"['venture_to_flag', 'yield_pear']",whenever venture to flag or whenever yield pear,F(venture_to_flag)|F(yield_pear)
2085,"['move_to_tree', 'visit_flag']",move to tree or when possible visit flag,move_to_tree|F(visit_flag)
2157,"['go_to_trash_bin', 'go_visit_flag']",at any time go to trash bin or go visit flag,F(go_to_trash_bin)|go_visit_flag
2306,"['migrate_to_tree', 'have_pear']",when possible migrate to tree or at some time have pear,F(migrate_to_tree)|F(have_pear)
2094,"['going_to_house', 'grasp_orange']",when possible going to house or grasp orange,F(going_to_house)|grasp_orange
1828,"['journey_to_tree', 'travel_to_house']",at some time journey to tree or at some time travel to house,F(journey_to_tree)|F(travel_to_house)
3949,"['go_home', 'move_past_trash_can']",whenever go home and at some time move past trash can,F(go_home)&F(move_past_trash_can)
1062,"['make_way_waste_basket', 'advance_to_tree']",at some time make way waste basket or advance to tree,F(make_way_waste_basket)|advance_to_tree
5565,"['go_to_apple', 'make_way_to_house']",at any time go to apple or repeatedly make way to house,F(go_to_apple)|G(F(make_way_to_house))
3224,"['journey_by_house', 'go_by_trash_can']",when possible journey by house or always go by trash can,F(journey_by_house)|G(go_by_trash_can)
3597,"['pick_up_fruit', 'proceed_to_flag']",pick up fruit or at any time proceed to flag,pick_up_fruit|F(proceed_to_flag)
1015,"['reach_flag', 'drop_apple']",whenever reach flag can infer that never drop apple,F(reach_flag)->G(~(drop_apple))
1296,"['have_pear', 'be_in_houses_vicinity']",at any time have pear or whenever be in house's vicinity,F(have_pear)|F(be_in_houses_vicinity)
5298,"['take_pear', 'steal_apple']","if take pear , at any time steal apple",take_pear->F(steal_apple)
2645,"['travel_to_trash_can', 'get_hold_apple']",at some time travel to trash can or at any time get hold apple,F(travel_to_trash_can)|F(get_hold_apple)
5947,"['go_home', 'pick_up_pear']",whenever go home or pick up pear,F(go_home)|pick_up_pear
1457,"['let_go_orange', 'go_near_flag']",never let go orange and at any time go near flag,G(~(let_go_orange))&F(go_near_flag)
4067,"['go_past_flag', 'snatch_pear']",whenever go past flag or when possible snatch pear,F(go_past_flag)|F(snatch_pear)
1683,"['migrate_to_tree', 'be_in_houses_vicinity']",when possible migrate to tree until at any time be in house's vicinity,F(migrate_to_tree)UF(be_in_houses_vicinity)
2202,"['go_to_trashcan', 'grab_hold_pear']",at some time go to trashcan and grab hold pear,F(go_to_trashcan)&grab_hold_pear
1707,"['have_in_orange', 'get_near_flag']",always have in orange and at some time get near flag,G(have_in_orange)&F(get_near_flag)
1120,"['approach_trash_can', 'grip_apple']",approach trash can or grip apple,approach_trash_can|grip_apple
2291,"['get_to_tree', 'journey_by_flag']",get to tree or whenever journey by flag,get_to_tree|F(journey_by_flag)
1714,"['travel_to_apple', 'start_going_to_house']",travel to apple and when possible start going to house,travel_to_apple&F(start_going_to_house)
1730,"['grab_hold_pear', 'stop_by_house']",grab hold pear until at some time stop by house,grab_hold_pearUF(stop_by_house)
4842,"['stop_by_flag', 'drop_orange']",stop by flag or never drop orange,stop_by_flag|G(~(drop_orange))
1251,"['spend_time_at_tree', 'let_go_pear']",whenever spend time at tree or do not let go pear,F(spend_time_at_tree)|~(let_go_pear)
1656,"['pick_up_peach', 'put_in_bucket']","if whenever pick up peach , put in bucket",F(pick_up_peach)->put_in_bucket
4005,"['collect_orange', 'obtain_apple']",at some time collect orange or whenever obtain apple,F(collect_orange)|F(obtain_apple)
5269,"['show_yourself_near_house', 'get_pear']",at some time show yourself near house and whenever get pear,F(show_yourself_near_house)&F(get_pear)
2492,"['get_to_tree', 'get_near_flag']",get to tree or at any time get near flag,get_to_tree|F(get_near_flag)
1973,"['venture_flag', 'snag_orange']",at some time venture flag or at any time snag orange,F(venture_flag)|F(snag_orange)
3512,"['capture_pear', 'pass_by_trash_bin']",at any time capture pear and at some time pass by trash bin,F(capture_pear)&F(pass_by_trash_bin)
1072,"['snag_orange', 'go_to_transh_can']",at any time snag orange until at some time go to transh can,F(snag_orange)UF(go_to_transh_can)
5135,"['be_at_house', 'pick_up_fruit']",at any time be at house or pick up fruit,F(be_at_house)|pick_up_fruit
1067,"['journey_to_tree', 'reach_tree']",at any time journey to tree or whenever reach tree,F(journey_to_tree)|F(reach_tree)
3338,"['stop_by_trash_can', 'proceed_to_house']",when possible stop by trash can and whenever proceed to house,F(stop_by_trash_can)&F(proceed_to_house)
1005,"['lay_hold_of_apple', 'go_to_transh_can']",at some time lay hold of apple or when possible go to transh can,F(lay_hold_of_apple)|F(go_to_transh_can)
5715,"['come_home', 'get_hold_of_orange']",at some time come home or when possible get hold of orange,F(come_home)|F(get_hold_of_orange)
5784,"['pick_up_flag', 'visit_tree']",pick up flag or visit tree,pick_up_flag|visit_tree
5257,"['make_contact_flag', 'venture_to_trash_can']",at some time make contact flag or venture to trash can,F(make_contact_flag)|venture_to_trash_can
1466,"['have_in_orange', 'have_in_orange']",forever have in orange or forever have in orange,G(have_in_orange)|G(have_in_orange)
2168,"['seize_apple', 'grasp_apple']",seize apple or whenever grasp apple,seize_apple|F(grasp_apple)
5840,"['let_go', 'getting_pear']",never let go and whenever getting pear,G(~(let_go))&F(getting_pear)
1732,"['travel_to_tree', 'collect_apple']","if travel to tree , at some time collect apple",travel_to_tree->F(collect_apple)
1977,"['drop_apple', 'go_by_waste_basket']",never drop apple or at any time go by waste basket,G(~(drop_apple))|F(go_by_waste_basket)
1396,"['secure_apple', 'go_by_waste_bin']","when secure apple , go by waste bin",secure_apple->go_by_waste_bin
4974,"['hold_pear', 'stop_by_flag']",hold pear or stop by flag,hold_pear|stop_by_flag
1322,"['go_by_waste_bin', 'reach_flag']","when go by waste bin , at any time reach flag",go_by_waste_bin->F(reach_flag)
1391,"['make_to_flag', 'advance_to_tree']",at any time make to flag means that advance to tree,F(make_to_flag)->advance_to_tree
4264,"['move_to_trash_can', 'proceed_to_house']",move to trash can and at any time proceed to house,move_to_trash_can&F(proceed_to_house)
5492,"['travel_to_trash_can', 'take_possession_of_bear']",at any time travel to trash can and at any time take possession of bear,F(travel_to_trash_can)&F(take_possession_of_bear)
1408,"['grab_apple', 'pick_up_apple']",when possible grab apple and whenever pick up apple,F(grab_apple)&F(pick_up_apple)
1671,"['venture_towards_house', 'bring_pear']",venture towards house or at any time bring pear,venture_towards_house|F(bring_pear)
1390,"['venture_towards_house', 'reach_flag']",venture towards house and at any time reach flag,venture_towards_house&F(reach_flag)
1782,"['spend_time_at_tree', 'journey_by_flag']",whenever spend time at tree until whenever journey by flag,F(spend_time_at_tree)UF(journey_by_flag)
1235,"['secure_apple', 'venture_towards_house']",secure apple or venture towards house,secure_apple|venture_towards_house
2821,"['go_to_peach', 'take_apple']",at any time go to peach or take apple,F(go_to_peach)|take_apple
2051,"['have_possession_of_apple', 'pass_by_trash_bin']",at any time have possession of apple and whenever pass by trash bin,F(have_possession_of_apple)&F(pass_by_trash_bin)
5798,"['let_go_orange', 'go_to_apple']",never let go orange or whenever go to apple,G(~(let_go_orange))|F(go_to_apple)
4429,"['get_apple', 'capture_orange']","when at any time get apple , capture orange",F(get_apple)->capture_orange
3121,"['grab_apple', 'venture_to_waste_basket']",at some time grab apple and when possible venture to waste basket,F(grab_apple)&F(venture_to_waste_basket)
1793,"['have_in_orange', 'track_towards_tree']",always have in orange means that at any time track towards tree,G(have_in_orange)->F(track_towards_tree)
3397,"['acquire_apple', 'drop_orange']",acquire apple until drop orange,acquire_appleUdrop_orange
5644,"['go_to_apple', 'let_go_apple']",whenever go to apple or whenever let go apple,F(go_to_apple)|F(let_go_apple)
3568,"['acquire_orange', 'scoop_up_pear']",acquire orange or at some time scoop up pear,acquire_orange|F(scoop_up_pear)
2040,"['go_to_pear', 'go_near_flag']",repeatedly go to pear and at some time go near flag,G(F(go_to_pear))&F(go_near_flag)
4859,"['shift_to_flag', 'have_possession_of_apple']",when possible shift to flag and at some time have possession of apple,F(shift_to_flag)&F(have_possession_of_apple)
3724,"['go_to_apple', 'make_your_way_flag']",at any time go to apple and whenever make your way flag,F(go_to_apple)&F(make_your_way_flag)
3063,"['take_pear', 'take_orange']",take pear or take orange,take_pear|take_orange
2108,"['pick_up_anything', 'seize_orange']",do not pick up anything until at some time seize orange,~(F(pick_up_anything))UF(seize_orange)
1310,"['go_near_house', 'clutch_orange']",whenever go near house and at some time clutch orange,F(go_near_house)&F(clutch_orange)
3453,"['pick_up_apple', 'put_in_bucket']",at any time pick up apple or put in bucket,F(pick_up_apple)|put_in_bucket
1176,"['have_in_orange', 'make_way_waste_basket']",always have in orange and when possible make way waste basket,G(have_in_orange)&F(make_way_waste_basket)
2889,"['pass_by_waste_receptacle', 'grasp_pear']",at some time pass by waste receptacle until when possible grasp pear,F(pass_by_waste_receptacle)UF(grasp_pear)
5010,"['move_to_tree', 'show_yourself_near_house']",move to tree and at some time show yourself near house,move_to_tree&F(show_yourself_near_house)
4738,"['go_to_pear', 'procure_pear']",repeatedly go to pear or whenever procure pear,G(F(go_to_pear))|F(procure_pear)
5192,"['let_go_apple', 'travel_to_waste_bin']",never let go apple until travel to waste bin,G(~(let_go_apple))Utravel_to_waste_bin
1006,"['let_go_pear', 'snatch_up_pear']",don't let go pear and snatch up pear,~(let_go_pear)&snatch_up_pear
1779,"['pick_up_flag', 'walk_to_flag']",pick up flag and at any time walk to flag,pick_up_flag&F(walk_to_flag)
2682,"['seize_pear', 'pick_up_fruit']",whenever seize pear or pick up fruit,F(seize_pear)|pick_up_fruit
2416,"['acquire_pear', 'put_in_apple_bucket']",at some time acquire pear or put in apple bucket,F(acquire_pear)|put_in_apple_bucket
5514,"['make_way_to_house', 'go_near_pear']",repeatedly make way to house or at some time go near pear,G(F(make_way_to_house))|F(go_near_pear)
3756,"['make_way_to_house', 'visit_flag']",repeatedly make way to house and at some time visit flag,G(F(make_way_to_house))&F(visit_flag)
5270,"['touch_house', 'travel_to_house']",whenever touch house and at any time travel to house,F(touch_house)&F(travel_to_house)
5663,"['pass_by_trash_bin', 'take_orange']",at any time pass by trash bin or take orange,F(pass_by_trash_bin)|take_orange
5345,"['go_near_flag', 'move_towards_trash_can']",when possible go near flag or move towards trash can,F(go_near_flag)|move_towards_trash_can
1029,"['venture_towards_house', 'venture_to_house']",venture towards house and at any time venture to house,venture_towards_house&F(venture_to_house)
3548,"['proceed_to_flag', 'stop_by_trash_can']",whenever proceed to flag and whenever stop by trash can,F(proceed_to_flag)&F(stop_by_trash_can)
1752,"['grab_tree', 'go_to_transh_can']",repeatedly grab tree or at some time go to transh can,G(F(grab_tree))|F(go_to_transh_can)
1695,"['venture_to_house', 'reach_flag']","if when possible venture to house , whenever reach flag",F(venture_to_house)->F(reach_flag)
3822,"['make_your_way_flag', 'move_past_trash_can']",at some time make your way flag or at some time move past trash can,F(make_your_way_flag)|F(move_past_trash_can)
3848,"['make_way_to_house', 'obtain_pear']",repeatedly make way to house or when possible obtain pear,G(F(make_way_to_house))|F(obtain_pear)
1384,"['venture_towards_house', 'drop_apple']",venture towards house and never drop apple,venture_towards_house&G(~(drop_apple))
1274,"['acquire_apple', 'acquire_apple']",acquire apple or acquire apple,acquire_apple|acquire_apple
1624,"['hold_orange', 'put_in_apple_bucket']",hold orange and put in apple bucket,hold_orange&put_in_apple_bucket
4683,"['reach_trash_can', 'take_orange']",reach trash can and take orange,reach_trash_can&take_orange
1974,"['present_at_flag', 'reach_flag']",at some time present at flag until at any time reach flag,F(present_at_flag)UF(reach_flag)
1487,"['grab_tree', 'stop_by_house']",repeatedly grab tree can infer that at any time stop by house,G(F(grab_tree))->F(stop_by_house)
1203,"['go_by_flag', 'travel_to_house']",whenever go by flag or at some time travel to house,F(go_by_flag)|F(travel_to_house)
1335,"['move_to_tree', 'put_in_bucket']","when move to tree , put in bucket",move_to_tree->put_in_bucket
2335,"['come_home', 'hold_apple']",whenever come home or hold apple,F(come_home)|hold_apple
5079,"['walk', 'pick_up_pear']",walk and pick up pear,walk&pick_up_pear
4926,"['put_in_bin', 'acquire_apple']",put in bin and acquire apple,put_in_bin&acquire_apple
1197,"['start_going_to_house', 'make_way_waste_basket']",when possible start going to house until when possible make way waste basket,F(start_going_to_house)UF(make_way_waste_basket)
2732,"['move_to_tree', 'drop_orange']",move to tree or drop orange,move_to_tree|drop_orange
1503,"['venture_to_house', 'go_by_waste_bin']",at some time venture to house or go by waste bin,F(venture_to_house)|go_by_waste_bin
4406,"['pick_up_orange', 'pick_up_peach']",pick up orange or at some time pick up peach,pick_up_orange|F(pick_up_peach)
2950,"['gather_apple', 'go_to_home']",gather apple or whenever go to home,gather_apple|F(go_to_home)
5501,"['move_around', 'contact_flag']",always move around or whenever contact flag,G(move_around)|F(contact_flag)
5418,"['take_to_trash_can', 'touch_house']",take to trash can or whenever touch house,take_to_trash_can|F(touch_house)
3357,"['visit_tree', 'steal_apple']",visit tree and at any time steal apple,visit_tree&F(steal_apple)
1460,"['withhold_apple', 'venture_to_house']",at any time withhold apple or at any time venture to house,F(withhold_apple)|F(venture_to_house)
2239,"['visit_trash_bin', 'take_to_trashcan']",when possible visit trash bin or take to trashcan,F(visit_trash_bin)|take_to_trashcan
2448,"['travel_to_house', 'obtain_pear']","if whenever travel to house , at some time obtain pear",F(travel_to_house)->F(obtain_pear)
2551,"['let_go_orange', 'pick_up_fruit']",never let go orange and pick up fruit,G(~(let_go_orange))&pick_up_fruit
3892,"['arrive_at_tree', 'go_by_trash_can']",when possible arrive at tree and forever go by trash can,F(arrive_at_tree)&G(go_by_trash_can)
1910,"['make_way_waste_basket', 'snatch_up_pear']",when possible make way waste basket or snatch up pear,F(make_way_waste_basket)|snatch_up_pear
1864,"['withhold_apple', 'bring_pear']",at any time withhold apple or when possible bring pear,F(withhold_apple)|F(bring_pear)
1833,"['visit_flag', 'visit_tree']",when possible visit flag or visit tree,F(visit_flag)|visit_tree
1988,"['secure_apple', 'drop_apple']",secure apple and never drop apple,secure_apple&G(~(drop_apple))
3610,"['drop_orange', 'start_going_to_tree']",drop orange until whenever start going to tree,drop_orangeUF(start_going_to_tree)
3692,"['walk', 'hold_on_to_pear']",walk and hold on to pear,walk&hold_on_to_pear
4829,"['pick_up_orange', 'advance_to_house']",pick up orange or at any time advance to house,pick_up_orange|F(advance_to_house)
2436,"['get_to_tree', 'go_to_apple_trashcan']",get to tree and repeatedly go to apple trashcan,get_to_tree&G(F(go_to_apple_trashcan))
4586,"['hold_onto_orange', 'let_go_apple']",forever hold onto orange until at any time let go apple,G(hold_onto_orange)UF(let_go_apple)
1153,"['track_towards_tree', 'travel_to_apple']",whenever track towards tree until travel to apple,F(track_towards_tree)Utravel_to_apple
1704,"['reach_flag', 'present_at_flag']",whenever reach flag or at any time present at flag,F(reach_flag)|F(present_at_flag)
4618,"['advance_to_house', 'go_near_pear']",at some time advance to house or when possible go near pear,F(advance_to_house)|F(go_near_pear)
3618,"['drop_pear', 'go_near_pear']",never drop pear or when possible go near pear,G(~(drop_pear))|F(go_near_pear)
1690,"['let_go_apple', 'going_to_flag']",never let go apple or whenever going to flag,G(~(let_go_apple))|F(going_to_flag)
2458,"['going_to_flag', 'pick_up_anything']",at some time going to flag and do not pick up anything,F(going_to_flag)&~(F(pick_up_anything))
1606,"['be_near_tree', 'grab_orange']",at any time be near tree and whenever grab orange,F(be_near_tree)&F(grab_orange)
5155,"['get_orange', 'make_your_way_flag']",at any time get orange until at any time make your way flag,F(get_orange)UF(make_your_way_flag)
1425,"['go_by_house', 'procure_orange']",at some time go by house or at some time procure orange,F(go_by_house)|F(procure_orange)
3448,"['visit_tree', 'take_pear']",visit tree or take pear,visit_tree|take_pear
1308,"['grab_apple', 'capture_pear']",at some time grab apple and whenever capture pear,F(grab_apple)&F(capture_pear)
5375,"['gather_orange', 'go_past_flag']",gather orange and whenever go past flag,gather_orange&F(go_past_flag)
5643,"['obtain_pear', 'pass_by_waste_receptacle']",at some time obtain pear or whenever pass by waste receptacle,F(obtain_pear)|F(pass_by_waste_receptacle)
3855,"['journey_to_flag', 'capture_pear']",at some time journey to flag or when possible capture pear,F(journey_to_flag)|F(capture_pear)
1124,"['present_at_flag', 'bring_pear']",when possible present at flag or at some time bring pear,F(present_at_flag)|F(bring_pear)
1058,"['track_towards_tree', 'drop_pear']",at any time track towards tree and drop pear,F(track_towards_tree)&drop_pear
5866,"['get_hold_apple', 'tax_apple']",whenever get hold apple until at any time tax apple,F(get_hold_apple)UF(tax_apple)
1501,"['go_visit_house', 'collect_apple']",at some time go visit house or whenever collect apple,F(go_visit_house)|F(collect_apple)
1225,"['travel_house', 'pick_up_apple']",at any time travel house or at some time pick up apple,F(travel_house)|F(pick_up_apple)
3962,"['walk_to_flag', 'go_visit_house']",at some time walk to flag or at some time go visit house,F(walk_to_flag)|F(go_visit_house)
4378,"['pass_by_waste_receptacle', 'proceed_to_house']",at some time pass by waste receptacle or at any time proceed to house,F(pass_by_waste_receptacle)|F(proceed_to_house)
5875,"['move_towards_trash_can', 'put_in_bucket']",move towards trash can can infer that put in bucket,move_towards_trash_can->put_in_bucket
3479,"['pick_up_apple', 'arrive_at_tree']",at some time pick up apple and at any time arrive at tree,F(pick_up_apple)&F(arrive_at_tree)
1078,"['go_to_apple_trashcan', 'move_to_trashcan']",repeatedly go to apple trashcan or move to trashcan,G(F(go_to_apple_trashcan))|move_to_trashcan
1348,"['secure_apple', 'present_at_flag']",secure apple or at any time present at flag,secure_apple|F(present_at_flag)
1387,"['clutch_orange', 'withdraw_pear']",at any time clutch orange or whenever withdraw pear,F(clutch_orange)|F(withdraw_pear)
4956,"['seize_apple', 'going_to_tree']",seize apple and going to tree,seize_apple&going_to_tree
5521,"['go_past_house', 'get_hold_apple']",when possible go past house and whenever get hold apple,F(go_past_house)&F(get_hold_apple)
5559,"['come_home', 'acquire_orange']",whenever come home or acquire orange,F(come_home)|acquire_orange
4705,"['travel_by_tree', 'let_go_apple']",when possible travel by tree or whenever let go apple,F(travel_by_tree)|F(let_go_apple)
4528,"['steal_apple', 'go_to_orange']",whenever steal apple and go to orange,F(steal_apple)&go_to_orange
1697,"['reach_flag', 'go_by_waste_bin']",at any time reach flag until go by waste bin,F(reach_flag)Ugo_by_waste_bin
2041,"['approach_flag', 'contact_flag']",at any time approach flag until at any time contact flag,F(approach_flag)UF(contact_flag)
1083,"['drop_pear', 'go_visit_house']",never drop pear or whenever go visit house,G(~(drop_pear))|F(go_visit_house)
1634,"['go_by_trash_can', 'go_near_pear']",forever go by trash can and when possible go near pear,G(go_by_trash_can)&F(go_near_pear)
3802,"['travel_to_waste_bin', 'pick_up_orange']",travel to waste bin or pick up orange,travel_to_waste_bin|pick_up_orange
3167,"['put_in_apple_bucket', 'touch_flag']",put in apple bucket until always touch flag,put_in_apple_bucketUG(touch_flag)
3701,"['hold_orange', 'go_by_flag']",hold orange or whenever go by flag,hold_orange|F(go_by_flag)
3442,"['move_forward_trash_can', 'journey_to_house']",whenever move forward trash can and whenever journey to house,F(move_forward_trash_can)&F(journey_to_house)
4541,"['move', 'seize_orange']",forever move or whenever seize orange,G(move)|F(seize_orange)
1172,"['hold_onto_orange', 'journey_to_house']",always hold onto orange or whenever journey to house,G(hold_onto_orange)|F(journey_to_house)
5696,"['go_to_peach', 'get_close_flag']",when possible go to peach can infer that at any time get close flag,F(go_to_peach)->F(get_close_flag)
5310,"['venture_to_trash_can', 'take_possession_of_bear']",venture to trash can or when possible take possession of bear,venture_to_trash_can|F(take_possession_of_bear)
1020,"['go_to_apple_trashcan', 'drop_pear']",repeatedly go to apple trashcan and drop pear,G(F(go_to_apple_trashcan))&drop_pear
2864,"['drop_apple', 'get_apple']",never drop apple or when possible get apple,G(~(drop_apple))|F(get_apple)
1804,"['go_by_waste_bin', 'venture_to_house']",go by waste bin or whenever venture to house,go_by_waste_bin|F(venture_to_house)
1636,"['let_go_apple', 'collect_orange']",never let go apple until at some time collect orange,G(~(let_go_apple))UF(collect_orange)
1307,"['go_home', 'get_hold_apple']",at any time go home or whenever get hold apple,F(go_home)|F(get_hold_apple)
5387,"['travel_to_waste_bin', 'snatch_pear']","when travel to waste bin , when possible snatch pear",travel_to_waste_bin->F(snatch_pear)
4496,"['secure_pear', 'get_apple']",when possible secure pear and whenever get apple,F(secure_pear)&F(get_apple)
4158,"['going_to_flag', 'visit_tree']",at any time going to flag or visit tree,F(going_to_flag)|visit_tree
2124,"['stop_by_flag', 'move_past_trash_can']",stop by flag and when possible move past trash can,stop_by_flag&F(move_past_trash_can)
3941,"['getting_pear', 'approach_tree']",at any time getting pear or approach tree,F(getting_pear)|approach_tree
2199,"['drop_orange', 'gather_apple']",drop orange and gather apple,drop_orange&gather_apple
2402,"['migrate_to_tree', 'grab_tree']",at some time migrate to tree or repeatedly grab tree,F(migrate_to_tree)|G(F(grab_tree))
3223,"['let_go_orange', 'venture_house']",never let go orange until at any time venture house,G(~(let_go_orange))UF(venture_house)
3319,"['go_visit_flag', 'obtain_orange']",go visit flag or at some time obtain orange,go_visit_flag|F(obtain_orange)
1436,"['travel_to_apple', 'track_towards_tree']",travel to apple or at some time track towards tree,travel_to_apple|F(track_towards_tree)
5586,"['withold_apple', 'let_go_apple']",when possible withold apple or at some time let go apple,F(withold_apple)|F(let_go_apple)
1271,"['procure_pear', 'let_go_orange']",when possible procure pear or never let go orange,F(procure_pear)|G(~(let_go_orange))
3070,"['let_go_orange', 'advance_to_house']",never let go orange until at any time advance to house,G(~(let_go_orange))UF(advance_to_house)
4171,"['journey_to_house', 'put_in_apple_bucket']",when possible journey to house or put in apple bucket,F(journey_to_house)|put_in_apple_bucket
1610,"['bring_pear', 'withhold_apple']",when possible bring pear or at any time withhold apple,F(bring_pear)|F(withhold_apple)
2957,"['get_to_cup', 'get_close_tree']",at any time get to cup and when possible get close tree,F(get_to_cup)&F(get_close_tree)
2123,"['go_to_transh_can', 'visit_trash_bin']",at any time go to transh can or at some time visit trash bin,F(go_to_transh_can)|F(visit_trash_bin)
4357,"['touch_flag', 'get_hold_orange']",always touch flag and at any time get hold orange,G(touch_flag)&F(get_hold_orange)
5190,"['proceed_to_tree', 'drop_apple']",at some time proceed to tree or never drop apple,F(proceed_to_tree)|G(~(drop_apple))
1817,"['take_to_trashcan', 'drop_pear']",take to trashcan and drop pear,take_to_trashcan&drop_pear
1342,"['travel_to_apple', 'snag_orange']",travel to apple or at some time snag orange,travel_to_apple|F(snag_orange)
4436,"['travel_by_tree', 'visit_waste_basket']",at some time travel by tree or at any time visit waste basket,F(travel_by_tree)|F(visit_waste_basket)
5249,"['scoop_up_apple', 'gather_orange']",when possible scoop up apple and gather orange,F(scoop_up_apple)&gather_orange
1047,"['travel_house', 'journey_to_flag']",at any time travel house or when possible journey to flag,F(travel_house)|F(journey_to_flag)
4432,"['get_to_cup', 'be_at_flag']",whenever get to cup or whenever be at flag,F(get_to_cup)|F(be_at_flag)
1881,"['proceed_to_tree', 'acquire_orange']",whenever proceed to tree until acquire orange,F(proceed_to_tree)Uacquire_orange
5747,"['drop_by', 'get_apple']",drop by and whenever get apple,drop_by&F(get_apple)
1291,"['go_to_transh_can', 'make_way_waste_basket']",at any time go to transh can and whenever make way waste basket,F(go_to_transh_can)&F(make_way_waste_basket)
1530,"['secure_apple', 'withhold_apple']",secure apple and when possible withhold apple,secure_apple&F(withhold_apple)
4720,"['journey_to_flag', 'stop_by_trash_can']",at any time journey to flag or when possible stop by trash can,F(journey_to_flag)|F(stop_by_trash_can)
5815,"['be_near_tree', 'get_hold_orange']",when possible be near tree or whenever get hold orange,F(be_near_tree)|F(get_hold_orange)
3262,"['go_to_pear', 'go_to_trash_receptacle']",repeatedly go to pear or whenever go to trash receptacle,G(F(go_to_pear))|F(go_to_trash_receptacle)
2796,"['yield_pear', 'visit_waste_basket']",when possible yield pear or at any time visit waste basket,F(yield_pear)|F(visit_waste_basket)
1723,"['go_to_apple_trashcan', 'grip_apple']",repeatedly go to apple trashcan and grip apple,G(F(go_to_apple_trashcan))&grip_apple
1544,"['venture_flag', 'reach_house']",at any time venture flag or reach house,F(venture_flag)|reach_house
2165,"['seize_apple', 'touch_flag']",seize apple or forever touch flag,seize_apple|G(touch_flag)
5115,"['hold_onto_orange', 'proceed_to_house']",forever hold onto orange or at some time proceed to house,G(hold_onto_orange)|F(proceed_to_house)
2592,"['pick_up_pear', 'hold_onto_orange']",pick up pear or always hold onto orange,pick_up_pear|G(hold_onto_orange)
2615,"['touch_tree', 'set_out_to_house']",whenever touch tree and whenever set out to house,F(touch_tree)&F(set_out_to_house)
1139,"['take_orange', 'make_contact_flag']",take orange and whenever make contact flag,take_orange&F(make_contact_flag)
1153,"['drop_apple', 'present_at_flag']",never drop apple or at any time present at flag,G(~(drop_apple))|F(present_at_flag)
4088,"['visit_house', 'let_go_apple']",whenever visit house and at any time let go apple,F(visit_house)&F(let_go_apple)
3259,"['go_visit_house', 'collect_orange']",at some time go visit house or at some time collect orange,F(go_visit_house)|F(collect_orange)
2726,"['move_to_tree', 'take_to_trash_can']",move to tree and take to trash can,move_to_tree&take_to_trash_can
1845,"['secure_apple', 'withhold_apple']",secure apple or at some time withhold apple,secure_apple|F(withhold_apple)
5610,"['get_close_flag', 'move_to_tree']",when possible get close flag or move to tree,F(get_close_flag)|move_to_tree
1817,"['visit_house', 'advance_to_house']",at some time visit house or at some time advance to house,F(visit_house)|F(advance_to_house)
5106,"['go_to_house', 'set_out_to_house']",at some time go to house until whenever set out to house,F(go_to_house)UF(set_out_to_house)
1562,"['go_by_waste_basket', 'venture_to_house']",when possible go by waste basket or when possible venture to house,F(go_by_waste_basket)|F(venture_to_house)
1528,"['get_to_flag', 'move_near_tree']",when possible get to flag or at some time move near tree,F(get_to_flag)|F(move_near_tree)
1934,"['clutch_orange', 'spend_time_at_tree']",at some time clutch orange or when possible spend time at tree,F(clutch_orange)|F(spend_time_at_tree)
3943,"['visit_waste_basket', 'haul_pear']",when possible visit waste basket and at some time haul pear,F(visit_waste_basket)&F(haul_pear)
1118,"['journey_by_flag', 'let_go_orange']",at some time journey by flag and do not let go orange,F(journey_by_flag)&~(let_go_orange)
1414,"['start_going_to_house', 'have_pear']",whenever start going to house or at any time have pear,F(start_going_to_house)|F(have_pear)
1226,"['grasp_pear', 'pass_by_house']",at some time grasp pear or whenever pass by house,F(grasp_pear)|F(pass_by_house)
1674,"['advance_to_tree', 'spend_time_at_tree']",advance to tree or when possible spend time at tree,advance_to_tree|F(spend_time_at_tree)
5994,"['grasp_pear', 'have_possession_of_apple']",whenever grasp pear and whenever have possession of apple,F(grasp_pear)&F(have_possession_of_apple)
1822,"['go_by_waste_bin', 'secure_apple']",go by waste bin or secure apple,go_by_waste_bin|secure_apple
3933,"['take_apple', 'move_to_flag']",take apple or at any time move to flag,take_apple|F(move_to_flag)
2451,"['venture_to_flag', 'venture_house']",when possible venture to flag or at any time venture house,F(venture_to_flag)|F(venture_house)
3140,"['get_close_tree', 'snatch_pear']",at any time get close tree can infer that whenever snatch pear,F(get_close_tree)->F(snatch_pear)
3656,"['collect_apple', 'go_by_trash_can']",at some time collect apple and forever go by trash can,F(collect_apple)&G(go_by_trash_can)
2927,"['capture_pear', 'hold_onto_orange']",whenever capture pear or forever hold onto orange,F(capture_pear)|G(hold_onto_orange)
1482,"['venture_towards_house', 'bring_pear']",venture towards house and at any time bring pear,venture_towards_house&F(bring_pear)
1098,"['snatch_up_pear', 'clutch_orange']",snatch up pear or at any time clutch orange,snatch_up_pear|F(clutch_orange)
1493,"['let_go_orange', 'reach_house']",don't let go orange and reach house,~(let_go_orange)&reach_house
2515,"['procure_orange', 'pick_up_peach']",when possible procure orange and at any time pick up peach,F(procure_orange)&F(pick_up_peach)
3613,"['snatch_pear', 'pick_up_peach']",when possible snatch pear and at some time pick up peach,F(snatch_pear)&F(pick_up_peach)
4131,"['walk', 'get_apple']",walk and at some time get apple,walk&F(get_apple)
3919,"['go_to_tree', 'venture_house']",at any time go to tree until when possible venture house,F(go_to_tree)UF(venture_house)
4504,"['drop_orange', 'go_visit_house']","if drop orange , at any time go visit house",drop_orange->F(go_visit_house)
5752,"['take_possession_of_bear', 'drop_apple']",whenever take possession of bear or never drop apple,F(take_possession_of_bear)|G(~(drop_apple))
1369,"['make_your_way_flag', 'let_go_apple']",whenever make your way flag means that whenever let go apple,F(make_your_way_flag)->F(let_go_apple)
2081,"['make_way_waste_basket', 'move_to_trashcan']",when possible make way waste basket or move to trashcan,F(make_way_waste_basket)|move_to_trashcan
2437,"['let_go_orange', 'approach_trash_can']",don't let go orange and approach trash can,~(let_go_orange)&approach_trash_can
2932,"['be_near_tree', 'start_going_to_tree']",whenever be near tree or at some time start going to tree,F(be_near_tree)|F(start_going_to_tree)
1119,"['make_way_waste_basket', 'go_near_house']",at some time make way waste basket or at some time go near house,F(make_way_waste_basket)|F(go_near_house)
1698,"['venture_flag', 'go_to_transh_can']",whenever venture flag until whenever go to transh can,F(venture_flag)UF(go_to_transh_can)
2090,"['get_hold_of_orange', 'pick_up_peach']",at some time get hold of orange or when possible pick up peach,F(get_hold_of_orange)|F(pick_up_peach)
5682,"['collect_apple', 'procure_pear']",whenever collect apple or whenever procure pear,F(collect_apple)|F(procure_pear)
3719,"['acquire_pear', 'go_by_tree']",when possible acquire pear and at some time go by tree,F(acquire_pear)&F(go_by_tree)
5475,"['venture_to_flag', 'get_hold_of_orange']",at any time venture to flag and at some time get hold of orange,F(venture_to_flag)&F(get_hold_of_orange)
4824,"['procure_apple', 'start_going_to_tree']",procure apple or when possible start going to tree,procure_apple|F(start_going_to_tree)
1601,"['drop_apple', 'venture_towards_house']",never drop apple and venture towards house,G(~(drop_apple))&venture_towards_house
1924,"['clutch_orange', 'start_going_to_house']",whenever clutch orange or whenever start going to house,F(clutch_orange)|F(start_going_to_house)
4227,"['visit_waste_basket', 'pick_up_anything']",when possible visit waste basket and do not pick up anything,F(visit_waste_basket)&~(F(pick_up_anything))
5055,"['go_near_pear', 'contact_house']",at some time go near pear and at any time contact house,F(go_near_pear)&F(contact_house)
1149,"['travel_to_waste_bin', 'walk_near_flag']",travel to waste bin or whenever walk near flag,travel_to_waste_bin|F(walk_near_flag)
2964,"['go_to_trash_bin', 'take_pear']",at any time go to trash bin or take pear,F(go_to_trash_bin)|take_pear
2850,"['visit_tree', 'be_at_house']",visit tree and at any time be at house,visit_tree&F(be_at_house)
3680,"['travel_to_flag', 'walk_near_flag']",at some time travel to flag and when possible walk near flag,F(travel_to_flag)&F(walk_near_flag)
2321,"['touch_flag', 'go_near_pear']",forever touch flag or at some time go near pear,G(touch_flag)|F(go_near_pear)
4221,"['travel_to_waste_bin', 'move_towards_trash_can']",travel to waste bin and move towards trash can,travel_to_waste_bin&move_towards_trash_can
5206,"['withold_apple', 'visit_house']",whenever withold apple until at some time visit house,F(withold_apple)UF(visit_house)
2101,"['collect_orange', 'move_to_house']",whenever collect orange and move to house,F(collect_orange)&move_to_house
4182,"['procure_pear', 'take_possession_of_bear']",when possible procure pear and at some time take possession of bear,F(procure_pear)&F(take_possession_of_bear)
1624,"['venture_to_house', 'venture_to_house']",whenever venture to house and at any time venture to house,F(venture_to_house)&F(venture_to_house)
3420,"['seize_orange', 'go_by_house']",at some time seize orange or when possible go by house,F(seize_orange)|F(go_by_house)
1632,"['have_in_orange', 'start_going_to_house']",always have in orange and at any time start going to house,G(have_in_orange)&F(start_going_to_house)
3225,"['pick_up_anything', 'go_to_house']",don't pick up anything and at some time go to house,~(F(pick_up_anything))&F(go_to_house)
5763,"['have_apple', 'go_to_flag']",always have apple or whenever go to flag,G(have_apple)|F(go_to_flag)
1085,"['drop_apple', 'venture_towards_house']",never drop apple or venture towards house,G(~(drop_apple))|venture_towards_house
1809,"['move_to_trashcan', 'stop_by_house']",move to trashcan and whenever stop by house,move_to_trashcan&F(stop_by_house)
1430,"['capture_orange', 'gather_pear']",capture orange or at some time gather pear,capture_orange|F(gather_pear)
1893,"['venture_towards_house', 'venture_to_house']",venture towards house or whenever venture to house,venture_towards_house|F(venture_to_house)
5912,"['move_past_trash_can', 'procure_pear']",at some time move past trash can and at any time procure pear,F(move_past_trash_can)&F(procure_pear)
5898,"['travel_to_house', 'drop_apple']","if when possible travel to house , never drop apple",F(travel_to_house)->G(~(drop_apple))
1212,"['bring_pear', 'withhold_apple']",at some time bring pear or at some time withhold apple,F(bring_pear)|F(withhold_apple)
2037,"['take_to_trashcan', 'grab_flag']",take to trashcan and at some time grab flag,take_to_trashcan&F(grab_flag)
1251,"['go_by_waste_basket', 'secure_apple']",at some time go by waste basket or secure apple,F(go_by_waste_basket)|secure_apple
1887,"['grab_tree', 'journey_by_flag']",repeatedly grab tree or at some time journey by flag,G(F(grab_tree))|F(journey_by_flag)
3182,"['reach_tree', 'pick_up_peach']",whenever reach tree until at some time pick up peach,F(reach_tree)UF(pick_up_peach)
4229,"['go_by_house', 'go_to_trash_can']",at some time go by house and at any time go to trash can,F(go_by_house)&F(go_to_trash_can)
2171,"['get_to_flag', 'migrate_to_tree']",whenever get to flag and when possible migrate to tree,F(get_to_flag)&F(migrate_to_tree)
2369,"['go_to_trashcan', 'advance_to_tree']",when possible go to trashcan or advance to tree,F(go_to_trashcan)|advance_to_tree
3609,"['procure_orange', 'pass_by_waste_receptacle']",when possible procure orange and when possible pass by waste receptacle,F(procure_orange)&F(pass_by_waste_receptacle)
1928,"['drop_apple', 'go_by_waste_bin']",never drop apple and go by waste bin,G(~(drop_apple))&go_by_waste_bin
1463,"['secure_apple', 'secure_apple']",secure apple or secure apple,secure_apple|secure_apple
1420,"['be_near_tree', 'stop_by_trash_can']",whenever be near tree or at any time stop by trash can,F(be_near_tree)|F(stop_by_trash_can)
1170,"['gather_pear', 'hold_on_to_pear']",at some time gather pear or hold on to pear,F(gather_pear)|hold_on_to_pear
1337,"['reach_flag', 'venture_towards_house']",whenever reach flag and venture towards house,F(reach_flag)&venture_towards_house
4006,"['drop_apple', 'touch_house']",never drop apple or whenever touch house,G(~(drop_apple))|F(touch_house)
4015,"['walk_near_flag', 'pick_up_pear']",when possible walk near flag or pick up pear,F(walk_near_flag)|pick_up_pear
2227,"['let_go_apple', 'move_to_trash_can']",never let go apple and move to trash can,G(~(let_go_apple))&move_to_trash_can
1092,"['reach_flag', 'go_by_waste_bin']",whenever reach flag or go by waste bin,F(reach_flag)|go_by_waste_bin
5126,"['withold_apple', 'procure_orange']",at any time withold apple or when possible procure orange,F(withold_apple)|F(procure_orange)
1805,"['let_go_pear', 'go_to_apple_trashcan']",do not let go pear or repeatedly go to apple trashcan,~(let_go_pear)|G(F(go_to_apple_trashcan))
1367,"['withhold_apple', 'secure_apple']",at any time withhold apple or secure apple,F(withhold_apple)|secure_apple
1191,"['venture_towards_house', 'venture_towards_house']",venture towards house and venture towards house,venture_towards_house&venture_towards_house
4680,"['move_to_trash_can', 'make_your_way_flag']",move to trash can until at any time make your way flag,move_to_trash_canUF(make_your_way_flag)
2166,"['move_near_tree', 'start_going_to_house']",at any time move near tree or when possible start going to house,F(move_near_tree)|F(start_going_to_house)
2571,"['shift_to_flag', 'travel_to_waste_bin']",at some time shift to flag and travel to waste bin,F(shift_to_flag)&travel_to_waste_bin
1003,"['start_going_to_house', 'go_to_apple_trashcan']",at some time start going to house means that repeatedly go to apple trashcan,F(start_going_to_house)->G(F(go_to_apple_trashcan))
4612,"['move_towards_trash_can', 'go_to_pear']",move towards trash can or repeatedly go to pear,move_towards_trash_can|G(F(go_to_pear))
3013,"['drop_apple', 'drop_orange']",never drop apple or drop orange,G(~(drop_apple))|drop_orange
1077,"['make_to_flag', 'move_to_trashcan']",when possible make to flag or move to trashcan,F(make_to_flag)|move_to_trashcan
3165,"['take_orange', 'go_to_flag']",take orange or when possible go to flag,take_orange|F(go_to_flag)
4797,"['acquire_apple', 'approach_house']",acquire apple or whenever approach house,acquire_apple|F(approach_house)
1194,"['go_by_waste_bin', 'secure_apple']",go by waste bin or secure apple,go_by_waste_bin|secure_apple
1393,"['scoop_up_pear', 'travel_to_flag']",at any time scoop up pear or whenever travel to flag,F(scoop_up_pear)|F(travel_to_flag)
5473,"['go_to_bucket', 'go_by_tree']",go to bucket or whenever go by tree,go_to_bucket|F(go_by_tree)
1073,"['moving', 'come_to_tree']",forever moving or come to tree,G(moving)|come_to_tree
1262,"['reach_flag', 'go_by_waste_basket']",when possible reach flag and at any time go by waste basket,F(reach_flag)&F(go_by_waste_basket)
2073,"['got_to_house', 'stop_by_house']",whenever got to house can infer that at any time stop by house,F(got_to_house)->F(stop_by_house)
5434,"['be_near_tree', 'obtain_pear']",whenever be near tree and at some time obtain pear,F(be_near_tree)&F(obtain_pear)
2605,"['collect_orange', 'go_by_tree']",at any time collect orange until at any time go by tree,F(collect_orange)UF(go_by_tree)
5476,"['get_close_flag', 'pick_up_peach']",at any time get close flag or when possible pick up peach,F(get_close_flag)|F(pick_up_peach)
3231,"['go_by_tree', 'withold_apple']",at any time go by tree and at some time withold apple,F(go_by_tree)&F(withold_apple)
1672,"['move_to_flag', 'go_to_trash_receptacle']",at some time move to flag or whenever go to trash receptacle,F(move_to_flag)|F(go_to_trash_receptacle)
4279,"['go_to_orange', 'collect_apple']",go to orange or at any time collect apple,go_to_orange|F(collect_apple)
2343,"['procure_orange', 'acquire_pear']",at any time procure orange and when possible acquire pear,F(procure_orange)&F(acquire_pear)
1091,"['grab_flag', 'take_to_trashcan']",at any time grab flag or take to trashcan,F(grab_flag)|take_to_trashcan
4084,"['travel_house', 'let_go_orange']",when possible travel house or never let go orange,F(travel_house)|G(~(let_go_orange))
3801,"['travel_house', 'put_in_apple_bucket']",at some time travel house and put in apple bucket,F(travel_house)&put_in_apple_bucket
2414,"['moving', 'let_go_pear']",always moving and don't let go pear,G(moving)&~(let_go_pear)
1750,"['withhold_apple', 'venture_to_house']",when possible withhold apple until whenever venture to house,F(withhold_apple)UF(venture_to_house)
2426,"['go_past_house', 'put_in_apple_bucket']",at any time go past house or put in apple bucket,F(go_past_house)|put_in_apple_bucket
4467,"['seize_orange', 'hold_orange']",when possible seize orange and hold orange,F(seize_orange)&hold_orange
5687,"['gather_apple', 'pick_up_fruit']",gather apple or pick up fruit,gather_apple|pick_up_fruit
5101,"['go_to_orange', 'make_way_for_tree']",go to orange or at some time make way for tree,go_to_orange|F(make_way_for_tree)
1100,"['pick_up_peach', 'get_hold_apple']",at any time pick up peach or whenever get hold apple,F(pick_up_peach)|F(get_hold_apple)
4658,"['obtain_orange', 'take_to_tree']",when possible obtain orange or take to tree,F(obtain_orange)|take_to_tree
4202,"['take_apple', 'tax_apple']",take apple means that when possible tax apple,take_apple->F(tax_apple)
4844,"['venture_to_trash_can', 'going_to_flag']",venture to trash can or when possible going to flag,venture_to_trash_can|F(going_to_flag)
4059,"['go_to_orange', 'visit_waste_basket']",go to orange and at some time visit waste basket,go_to_orange&F(visit_waste_basket)
4307,"['capture_pear', 'tax_apple']",whenever capture pear until at any time tax apple,F(capture_pear)UF(tax_apple)
4676,"['go_by_tree', 'travel_to_trash_can']",whenever go by tree or at some time travel to trash can,F(go_by_tree)|F(travel_to_trash_can)
5877,"['travel_to_trash_can', 'go_visit_flag']",whenever travel to trash can or go visit flag,F(travel_to_trash_can)|go_visit_flag
3452,"['take_apple', 'procure_pear']",take apple or when possible procure pear,take_apple|F(procure_pear)
5401,"['scoop_up_apple', 'pick_up_orange']",whenever scoop up apple and pick up orange,F(scoop_up_apple)&pick_up_orange
2958,"['grasp_apple', 'pick_up_apple']",whenever grasp apple or when possible pick up apple,F(grasp_apple)|F(pick_up_apple)
1054,"['venture_house', 'arrive_at_tree']",whenever venture house or at some time arrive at tree,F(venture_house)|F(arrive_at_tree)
3945,"['hold_orange', 'travel_to_trash_can']",hold orange or whenever travel to trash can,hold_orange|F(travel_to_trash_can)
4527,"['gather_orange', 'withold_apple']",gather orange until whenever withold apple,gather_orangeUF(withold_apple)
5656,"['go_by_flag', 'contact_house']",when possible go by flag or at some time contact house,F(go_by_flag)|F(contact_house)
1977,"['go_by_house', 'have_apple']",at some time go by house and always have apple,F(go_by_house)&G(have_apple)
2224,"['snag_orange', 'let_go_orange']",whenever snag orange and don't let go orange,F(snag_orange)&~(let_go_orange)
4341,"['visit_waste_basket', 'let_go_orange']",when possible visit waste basket and never let go orange,F(visit_waste_basket)&G(~(let_go_orange))
1802,"['acquire_pear', 'go_visit_flag']",when possible acquire pear or go visit flag,F(acquire_pear)|go_visit_flag
4853,"['obtain_pear', 'drop_orange']",whenever obtain pear or never drop orange,F(obtain_pear)|G(~(drop_orange))
2460,"['have_apple', 'go_by_trash_can']","if forever have apple , forever go by trash can",G(have_apple)->G(go_by_trash_can)
3234,"['grasp_orange', 'make_contact_flag']",grasp orange can infer that at any time make contact flag,grasp_orange->F(make_contact_flag)
5001,"['grasp_orange', 'approach_tree']",grasp orange or approach tree,grasp_orange|approach_tree
2114,"['move_near_tree', 'travel_to_apple']",at any time move near tree or travel to apple,F(move_near_tree)|travel_to_apple
1788,"['drop_pear', 'advance_to_tree']","if drop pear , advance to tree",drop_pear->advance_to_tree
1814,"['pass_by_house', 'approach_flag']",at some time pass by house or at any time approach flag,F(pass_by_house)|F(approach_flag)
5494,"['go_to_house', 'show_yourself_near_house']",whenever go to house or whenever show yourself near house,F(go_to_house)|F(show_yourself_near_house)
5246,"['pick_up_anything', 'make_your_way_flag']",do not pick up anything and when possible make your way flag,~(F(pick_up_anything))&F(make_your_way_flag)
2336,"['visit_trash_bin', 'drop_orange']",at any time visit trash bin or never drop orange,F(visit_trash_bin)|G(~(drop_orange))
4270,"['withold_apple', 'seize_pear']","if when possible withold apple , at some time seize pear",F(withold_apple)->F(seize_pear)
3573,"['touch_flag', 'go_to_trash_receptacle']",forever touch flag and whenever go to trash receptacle,G(touch_flag)&F(go_to_trash_receptacle)
1946,"['go_to_orange_bin', 'make_to_flag']",go to orange bin or when possible make to flag,go_to_orange_bin|F(make_to_flag)
1661,"['go_to_transh_can', 'grab_tree']",at any time go to transh can or repeatedly grab tree,F(go_to_transh_can)|G(F(grab_tree))
2027,"['acquire_pear', 'get_close_tree']",at any time acquire pear or when possible get close tree,F(acquire_pear)|F(get_close_tree)
1050,"['drop_pear', 'make_way_to_house']","when never drop pear , repeatedly make way to house",G(~(drop_pear))->G(F(make_way_to_house))
4213,"['travel_to_waste_bin', 'travel_by_tree']",travel to waste bin or at some time travel by tree,travel_to_waste_bin|F(travel_by_tree)
4473,"['obtain_orange', 'grab_pear']",at some time obtain orange until whenever grab pear,F(obtain_orange)UF(grab_pear)
1132,"['snag_orange', 'visit_trash_bin']",when possible snag orange until at any time visit trash bin,F(snag_orange)UF(visit_trash_bin)
1286,"['make_to_flag', 'withdraw_pear']",when possible make to flag or whenever withdraw pear,F(make_to_flag)|F(withdraw_pear)
1849,"['move_to_trashcan', 'go_near_house']",move to trashcan or whenever go near house,move_to_trashcan|F(go_near_house)
1502,"['secure_apple', 'go_by_waste_bin']",secure apple and go by waste bin,secure_apple&go_by_waste_bin
1799,"['take_to_trash_can', 'pass_by_trash_bin']",take to trash can or at any time pass by trash bin,take_to_trash_can|F(pass_by_trash_bin)
1972,"['track_towards_tree', 'hold_on_pear']",whenever track towards tree and always hold on pear,F(track_towards_tree)&G(hold_on_pear)
1353,"['get_to_tree', 'approach_trash_can']",get to tree or approach trash can,get_to_tree|approach_trash_can
5443,"['grab_apple', 'go_visit_flag']",whenever grab apple and go visit flag,F(grab_apple)&go_visit_flag
5177,"['go_by_trash_can', 'put_in_apple_bucket']",forever go by trash can and put in apple bucket,G(go_by_trash_can)&put_in_apple_bucket
5018,"['capture_pear', 'hold_apple']",at some time capture pear and hold apple,F(capture_pear)&hold_apple
2994,"['get_close_flag', 'drop_pear']",when possible get close flag until never drop pear,F(get_close_flag)UG(~(drop_pear))
4030,"['go_by_house', 'pick_up_pear']",whenever go by house and pick up pear,F(go_by_house)&pick_up_pear
2688,"['acquire_pear', 'get_close_flag']",at any time acquire pear can infer that whenever get close flag,F(acquire_pear)->F(get_close_flag)
2397,"['make_to_flag', 'snag_orange']",whenever make to flag or when possible snag orange,F(make_to_flag)|F(snag_orange)
1950,"['go_to_trash_can', 'go_by_house']",whenever go to trash can or at any time go by house,F(go_to_trash_can)|F(go_by_house)
5909,"['make_contact_with_house', 'take_possession_of_bear']",at any time make contact with house until at any time take possession of bear,F(make_contact_with_house)UF(take_possession_of_bear)
1796,"['go_by_waste_basket', 'drop_apple']",at some time go by waste basket or never drop apple,F(go_by_waste_basket)|G(~(drop_apple))
1370,"['take_to_trashcan', 'take_to_trashcan']",take to trashcan and take to trashcan,take_to_trashcan&take_to_trashcan
3894,"['visit_house', 'get_close_flag']",when possible visit house and whenever get close flag,F(visit_house)&F(get_close_flag)
5607,"['venture_to_trash_can', 'venture_house']",venture to trash can and whenever venture house,venture_to_trash_can&F(venture_house)
1931,"['going_to_flag', 'visit_house']",when possible going to flag until when possible visit house,F(going_to_flag)UF(visit_house)
1160,"['move_to_trash_can', 'pass_by_house']",move to trash can and at any time pass by house,move_to_trash_can&F(pass_by_house)
2014,"['take_to_trashcan', 'go_to_orange_bin']",take to trashcan or go to orange bin,take_to_trashcan|go_to_orange_bin
1284,"['go_by_waste_basket', 'go_by_waste_basket']",when possible go by waste basket and when possible go by waste basket,F(go_by_waste_basket)&F(go_by_waste_basket)
2384,"['travel_to_apple', 'snag_orange']",travel to apple and at any time snag orange,travel_to_apple&F(snag_orange)
1998,"['make_way_waste_basket', 'go_to_transh_can']",at any time make way waste basket and when possible go to transh can,F(make_way_waste_basket)&F(go_to_transh_can)
2360,"['travel_to_house', 'take_to_trash_can']","if when possible travel to house , take to trash can",F(travel_to_house)->take_to_trash_can
1370,"['put_in_apple_bucket', 'tax_apple']",put in apple bucket or when possible tax apple,put_in_apple_bucket|F(tax_apple)
3466,"['go_visit_flag', 'walk_near_flag']",go visit flag or when possible walk near flag,go_visit_flag|F(walk_near_flag)
1100,"['reach_flag', 'venture_towards_house']",whenever reach flag and venture towards house,F(reach_flag)&venture_towards_house
2512,"['obtain_pear', 'steal_apple']",whenever obtain pear and at any time steal apple,F(obtain_pear)&F(steal_apple)
5056,"['steal_apple', 'proceed_to_flag']","if at some time steal apple , when possible proceed to flag",F(steal_apple)->F(proceed_to_flag)
1746,"['withhold_apple', 'secure_apple']",at any time withhold apple and secure apple,F(withhold_apple)&secure_apple
1372,"['snatch_pear', 'get_close_flag']",at any time snatch pear until at any time get close flag,F(snatch_pear)UF(get_close_flag)
1904,"['acquire_orange', 'pick_up_apple']",acquire orange or at some time pick up apple,acquire_orange|F(pick_up_apple)
1389,"['drop_orange', 'drop_orange']",never drop orange or never drop orange,G(~(drop_orange))|G(~(drop_orange))
5097,"['make_contact_with_house', 'pass_by_house']",whenever make contact with house and when possible pass by house,F(make_contact_with_house)&F(pass_by_house)
1945,"['present_at_flag', 'secure_apple']",at some time present at flag or secure apple,F(present_at_flag)|secure_apple
2833,"['hold_on_to_pear', 'make_way_for_tree']",hold on to pear or at some time make way for tree,hold_on_to_pear|F(make_way_for_tree)
2314,"['collect_orange', 'yield_pear']",whenever collect orange and at some time yield pear,F(collect_orange)&F(yield_pear)
5509,"['tax_apple', 'go_near_flag']",whenever tax apple or at any time go near flag,F(tax_apple)|F(go_near_flag)
2420,"['make_way_waste_basket', 'have_in_orange']",when possible make way waste basket and forever have in orange,F(make_way_waste_basket)&G(have_in_orange)
1681,"['go_to_orange_bin', 'track_towards_tree']",go to orange bin can infer that at any time track towards tree,go_to_orange_bin->F(track_towards_tree)
2343,"['drop_pear', 'start_going_to_house']",drop pear or whenever start going to house,drop_pear|F(start_going_to_house)
5488,"['move_around', 'touch_tree']",forever move around or when possible touch tree,G(move_around)|F(touch_tree)
1078,"['venture_to_house', 'reach_flag']",at some time venture to house and at some time reach flag,F(venture_to_house)&F(reach_flag)
4025,"['approach_flag', 'have_possession_of_apple']",when possible approach flag or whenever have possession of apple,F(approach_flag)|F(have_possession_of_apple)
3039,"['go_to_flag', 'capture_orange']",when possible go to flag and capture orange,F(go_to_flag)&capture_orange
5110,"['get_close_tree', 'pass_by_trash_bin']",when possible get close tree and at any time pass by trash bin,F(get_close_tree)&F(pass_by_trash_bin)
2533,"['acquire_orange', 'proceed_to_tree']",acquire orange until whenever proceed to tree,acquire_orangeUF(proceed_to_tree)
2588,"['drop_orange', 'travel_to_waste_bin']","if never drop orange , travel to waste bin",G(~(drop_orange))->travel_to_waste_bin
3740,"['proceed_to_flag', 'be_near_tree']",whenever proceed to flag and at some time be near tree,F(proceed_to_flag)&F(be_near_tree)
1297,"['have_in_orange', 'journey_by_flag']","if always have in orange , at any time journey by flag",G(have_in_orange)->F(journey_by_flag)
4760,"['make_way_to_house', 'drop_orange']",repeatedly make way to house and never drop orange,G(F(make_way_to_house))&G(~(drop_orange))
2406,"['grasp_apple', 'get_hold_orange']","when whenever grasp apple , at some time get hold orange",F(grasp_apple)->F(get_hold_orange)
3015,"['hold_apple', 'go_to_orange']",hold apple or go to orange,hold_apple|go_to_orange
5280,"['capture_pear', 'move_to_trash_can']",at any time capture pear or move to trash can,F(capture_pear)|move_to_trash_can
1620,"['secure_apple', 'venture_towards_house']",secure apple or venture towards house,secure_apple|venture_towards_house
4743,"['put_in_bin', 'procure_orange']",put in bin or whenever procure orange,put_in_bin|F(procure_orange)
5733,"['move_towards_trash_can', 'approach_tree']",move towards trash can or approach tree,move_towards_trash_can|approach_tree
2457,"['snag_orange', 'move_near_tree']",whenever snag orange or at any time move near tree,F(snag_orange)|F(move_near_tree)
5557,"['procure_orange', 'advance_to_house']",at any time procure orange or at some time advance to house,F(procure_orange)|F(advance_to_house)
1406,"['go_by_waste_bin', 'venture_to_house']",go by waste bin or at some time venture to house,go_by_waste_bin|F(venture_to_house)
2947,"['proceed_to_house', 'travel_to_waste_bin']",at any time proceed to house and travel to waste bin,F(proceed_to_house)&travel_to_waste_bin
1429,"['reach_flag', 'venture_towards_house']",at any time reach flag and venture towards house,F(reach_flag)&venture_towards_house
1305,"['grab_flag', 'take_to_trashcan']",whenever grab flag or take to trashcan,F(grab_flag)|take_to_trashcan
2140,"['venture_to_trash_can', 'seize_orange']",venture to trash can or at any time seize orange,venture_to_trash_can|F(seize_orange)
1706,"['venture_house', 'procure_orange']",at any time venture house and at any time procure orange,F(venture_house)&F(procure_orange)
2412,"['get_hold_orange', 'travel_to_flag']",whenever get hold orange and at some time travel to flag,F(get_hold_orange)&F(travel_to_flag)
1283,"['have_pear', 'go_to_trashcan']",when possible have pear until when possible go to trashcan,F(have_pear)UF(go_to_trashcan)
1403,"['stop_by_house', 'reach_house']",whenever stop by house and reach house,F(stop_by_house)&reach_house
2179,"['go_to_trash_receptacle', 'grasp_orange']","if at some time go to trash receptacle , grasp orange",F(go_to_trash_receptacle)->grasp_orange
2965,"['take_orange', 'pick_up_anything']",take orange until don't pick up anything,take_orangeU~(F(pick_up_anything))
2972,"['be_at_house', 'go_by_tree']",at any time be at house or when possible go by tree,F(be_at_house)|F(go_by_tree)
4028,"['move_to_trash_can', 'reach_trash_can']",move to trash can and reach trash can,move_to_trash_can&reach_trash_can
1669,"['have_pear', 'go_to_apple_trashcan']",whenever have pear or repeatedly go to apple trashcan,F(have_pear)|G(F(go_to_apple_trashcan))
4395,"['set_out_to_house', 'drop_pear']",at some time set out to house or never drop pear,F(set_out_to_house)|G(~(drop_pear))
5467,"['venture_house', 'procure_pear']",whenever venture house or whenever procure pear,F(venture_house)|F(procure_pear)
5248,"['steal_apple', 'travel_to_flag']",when possible steal apple or at some time travel to flag,F(steal_apple)|F(travel_to_flag)
2467,"['go_to_apple', 'collect_pear']",at some time go to apple and collect pear,F(go_to_apple)&collect_pear
1452,"['venture_to_house', 'withhold_apple']",at some time venture to house or whenever withhold apple,F(venture_to_house)|F(withhold_apple)
2668,"['move_forward_trash_can', 'travel_to_waste_bin']",at any time move forward trash can or travel to waste bin,F(move_forward_trash_can)|travel_to_waste_bin
1688,"['move_past_trash_can', 'start_going_to_tree']",whenever move past trash can until when possible start going to tree,F(move_past_trash_can)UF(start_going_to_tree)
1456,"['track_towards_tree', 'have_pear']",at some time track towards tree or whenever have pear,F(track_towards_tree)|F(have_pear)
1902,"['go_by_waste_bin', 'present_at_flag']",go by waste bin or whenever present at flag,go_by_waste_bin|F(present_at_flag)
1438,"['advance_to_tree', 'snag_orange']",advance to tree and at some time snag orange,advance_to_tree&F(snag_orange)
1200,"['hold_on_pear', 'make_to_flag']",always hold on pear or whenever make to flag,G(hold_on_pear)|F(make_to_flag)
4359,"['get_hold_of_orange', 'hold_on_to_pear']",at some time get hold of orange or hold on to pear,F(get_hold_of_orange)|hold_on_to_pear
4931,"['show_yourself_near_house', 'go_to_apple']",at some time show yourself near house or at some time go to apple,F(show_yourself_near_house)|F(go_to_apple)
2412,"['approach_trash_can', 'got_to_house']",approach trash can or whenever got to house,approach_trash_can|F(got_to_house)
1473,"['stop_by_house', 'make_to_flag']",whenever stop by house or at some time make to flag,F(stop_by_house)|F(make_to_flag)
1932,"['snatch_up_pear', 'go_to_orange_bin']",snatch up pear and go to orange bin,snatch_up_pear&go_to_orange_bin
4151,"['travel_house', 'going_to_flag']",whenever travel house or at any time going to flag,F(travel_house)|F(going_to_flag)
